code;name;location;reference product;categories;ex_name;ex_amount;ex_unit;ex_product;ex_production volume;ex_type;ex_location;database;material_group
06e1180ed50a047cbccdc18e6806a460;solder production, bar, Sn63Pb37, for electronics industry;GLO;solder, bar, Sn63Pb37, for electronics industry;;market for tin;0.63;kilogram;tin;0.0;technosphere;GLO;ecoinvent_cutoff_3.9_remind_SSP2-PkBudg500_2030;tin
0b4ca2937ae1de8f08ee451503a20be6;selective coating, copper sheet, black majic;RoW;selective coat, copper sheet, black majic;;market for tin;0.010167;kilogram;tin;0.0;technosphere;GLO;ecoinvent_cutoff_3.9_remind_SSP2-PkBudg500_2030;tin
0d3fc5667ad39ffb51e3256edc0757b3;bronze production;CH;bronze;;market for tin;0.0505;kilogram;tin;0.0;technosphere;GLO;ecoinvent_cutoff_3.9_remind_SSP2-PkBudg500_2030;tin
0d6238571f8ef9c14ac2f377210fd90e;thermal storage system construction, solar thermal parabolic trough, 50 MW;RoW;thermal storage system, solar thermal parabolic trough, 50 MW;;market for tin plated chromium steel sheet, 2 mm;74.29772367848962;square meter;tin plated chromium steel sheet, 2 mm;0.0;technosphere;GLO;ecoinvent_cutoff_3.9_remind_SSP2-PkBudg500_2030;tin
13cdb4fa253e274a01747c16afd77e06;treatment of metal scrap, mixed, for recycling, unsorted, sorting;Europe without Switzerland;tinplate scrap, sorted;;market for tinplate, in mixed metal scrap;1.0416666666666667;kilogram;tinplate, in mixed metal scrap;0.0;technosphere;Europe without Switzerland;ecoinvent_cutoff_3.9_remind_SSP2-PkBudg500_2030;tin
164351f45bb94962b5444760af480fba;hydrogen production, gaseous, 100 bar, from methane pyrolysis;RER;hydrogen, gaseous, 100 bar;;market for tin;0.0336;kilogram;tin;;technosphere;GLO;ecoinvent_cutoff_3.9_remind_SSP2-PkBudg500_2030;tin
1e161baa1767af7e867df0e89a575cf1;container production, for collection of post-consumer waste plastic for recycling;RoW;container, for collection of post-consumer waste plastic for recycling;;market for tin plated chromium steel sheet, 2 mm;4.8333333e-05;square meter;tin plated chromium steel sheet, 2 mm;0.0;technosphere;GLO;ecoinvent_cutoff_3.9_remind_SSP2-PkBudg500_2030;tin
1e814d22ee8e0777ac916d998ad43e54;tin production;PE;tin;;market for tin slag;-0.97;kilogram;tin slag;0.0;technosphere;GLO;ecoinvent_cutoff_3.9_remind_SSP2-PkBudg500_2030;tin
2164916e666dbcd3e1068846ea8aa699;electric parts production, heat and power co-generation unit, 160kW electrical;RER;electric parts, heat and power co-generation unit, 160kW electrical;;market for tin;0.997;kilogram;tin;0.0;technosphere;GLO;ecoinvent_cutoff_3.9_remind_SSP2-PkBudg500_2030;tin
26475499eff5745d774555017cea5b9a;integrated circuit production, memory type;GLO;integrated circuit, memory type;;market for tin;0.00442;kilogram;tin;0.0;technosphere;GLO;ecoinvent_cutoff_3.9_remind_SSP2-PkBudg500_2030;tin
2851f8c3ed635fdfdc5c2bc37057367f;resistor production, wirewound, through-hole mounting;GLO;resistor, wirewound, through-hole mounting;;market for tin;0.02706;kilogram;tin;0.0;technosphere;GLO;ecoinvent_cutoff_3.9_remind_SSP2-PkBudg500_2030;tin
2d2e112af7cae93d8132567691cac7a9;insulated gate bipolar transistor production, for electric vehicle applications;GLO;insulated gate bipolar transistor, electric vehicle application;;market for tin;0.008861788617886179;kilogram;tin;0.0;technosphere;GLO;ecoinvent_cutoff_3.9_remind_SSP2-PkBudg500_2030;tin
2f22a51510529a3089121be3022ba963;chassis production, internet access equipment;RoW;chassis, internet access equipment;;market for tin;0.002;kilogram;tin;0.0;technosphere;GLO;ecoinvent_cutoff_3.9_remind_SSP2-PkBudg500_2030;tin
330bd71850ee4739356ed961fff5a569;container production, for collection of post-consumer waste plastic for recycling;US;container, for collection of post-consumer waste plastic for recycling;;market for tin plated chromium steel sheet, 2 mm;4.8333333e-05;square meter;tin plated chromium steel sheet, 2 mm;0.0;technosphere;GLO;ecoinvent_cutoff_3.9_remind_SSP2-PkBudg500_2030;tin
33328eed361648e87245587665c2fd14;resistor production, metal film type, through-hole mounting;GLO;resistor, metal film type, through-hole mounting;;market for tin;0.10762;kilogram;tin;0.0;technosphere;GLO;ecoinvent_cutoff_3.9_remind_SSP2-PkBudg500_2030;tin
35420b666c304a8a8dcc9d4e103bcc9e;switchgear MV;RER;switchgear MV;;market for tin;164.0;kilogram;tin;;technosphere;GLO;ecoinvent_cutoff_3.9_remind_SSP2-PkBudg500_2030;tin
37b51d13cbfe182a055cd4da2658a0ba;treatment of metal scrap, mixed, for recycling, unsorted, sorting;RoW;tinplate scrap, sorted;;market for tinplate, in mixed metal scrap;1.0416666666666667;kilogram;tinplate, in mixed metal scrap;0.0;technosphere;RoW;ecoinvent_cutoff_3.9_remind_SSP2-PkBudg500_2030;tin
38033f6c752d336edf917ecadb9b5da0;fish canning, large fish;EC;fish canning, large fish;;market for tin plated chromium steel sheet, 2 mm;0.029;square meter;tin plated chromium steel sheet, 2 mm;0.0;technosphere;GLO;ecoinvent_cutoff_3.9_remind_SSP2-PkBudg500_2030;tin
3b1b49b49d6ef9e9f061e73fec6250d4;precious metal refinery construction;RoW;precious metal refinery;;market for tin;26.439;kilogram;tin;0.0;technosphere;GLO;ecoinvent_cutoff_3.9_remind_SSP2-PkBudg500_2030;tin
3b58492176403a13df59a6ae663af5b6;inductor production, low value multilayer chip;GLO;inductor, low value multilayer chip;;market for tin;0.057572;kilogram;tin;0.0;technosphere;GLO;ecoinvent_cutoff_3.9_remind_SSP2-PkBudg500_2030;tin
3dc83be5ad0742b2bf3529f8dec77c6d;high voltage system, for Li-ion battery;GLO;high voltage system, for Li-ion battery;;market for tin;0.016;kilogram;tin;;technosphere;GLO;ecoinvent_cutoff_3.9_remind_SSP2-PkBudg500_2030;tin
41885dc5b3ce5fe6d74fb7dd8c971e39;railway track construction, for high-speed train;RoW;railway track, for high-speed train;;market for tin;0.005;kilogram;tin;0.0;technosphere;GLO;ecoinvent_cutoff_3.9_remind_SSP2-PkBudg500_2030;tin
4503f85b8e62c3529e74f5c7cfadb155;flat glass production, uncoated;RER;flat glass, uncoated;;market for tin;9.16e-06;kilogram;tin;0.0;technosphere;GLO;ecoinvent_cutoff_3.9_remind_SSP2-PkBudg500_2030;tin
4571c6fdf3863f9ace022fe74bced9a3;tinplate scrap, sorted to generic market for iron scrap, sorted, pressed;Europe without Switzerland;iron scrap, sorted, pressed;;market for tinplate scrap, sorted;1.0;kilogram;tinplate scrap, sorted;0.0;technosphere;Europe without Switzerland;ecoinvent_cutoff_3.9_remind_SSP2-PkBudg500_2030;tin
4771641e81c86ec8084a04a30613f45b;potentiometer production, unspecified;GLO;potentiometer, unspecified;;market for tin;0.005658;kilogram;tin;0.0;technosphere;GLO;ecoinvent_cutoff_3.9_remind_SSP2-PkBudg500_2030;tin
4925993ad37792748cd8578608765623;indium tin oxide powder production, nanoscale, for sputtering target;RER;indium tin oxide powder, nanoscale, for sputtering target;;market for tin;0.0099642;kilogram;tin;0.0;technosphere;GLO;ecoinvent_cutoff_3.9_remind_SSP2-PkBudg500_2030;tin
49b9980598f07a0e8e263426a4101de4;selective coating, copper sheet, sputtering;RoW;selective coat, copper sheet, sputter deposition;;market for tin;0.00862;kilogram;tin;0.0;technosphere;GLO;ecoinvent_cutoff_3.9_remind_SSP2-PkBudg500_2030;tin
4c4f7ca9062f5f38fe7c02bd57ce2fbd;ceramic tile production;CH;ceramic tile;;market for tin;4.9e-05;kilogram;tin;0.0;technosphere;GLO;ecoinvent_cutoff_3.9_remind_SSP2-PkBudg500_2030;tin
4f0b20bcb4f7e19f1050505e620a59c8;tin plating, pieces;RER;tin plating, pieces;;market for tin;0.0365;kilogram;tin;0.0;technosphere;GLO;ecoinvent_cutoff_3.9_remind_SSP2-PkBudg500_2030;tin
4f29ab6009464f5ab8bfda18bcef7dc6;battery 50kW;RER;battery 50kW;;market for tin;1010.0;kilogram;tin;;technosphere;GLO;ecoinvent_cutoff_3.9_remind_SSP2-PkBudg500_2030;tin
5d41cda9d937d2f2a13f00149ef1d93e;fish curing, small fish;PE;fish curing, small fish;;market for tin plated chromium steel sheet, 2 mm;0.02938;square meter;tin plated chromium steel sheet, 2 mm;0.0;technosphere;GLO;ecoinvent_cutoff_3.9_remind_SSP2-PkBudg500_2030;tin
60663e2e2a925717290582d94066eefd;silicone product production;RoW;silicone product;;market for tin;7.3985e-05;kilogram;tin;0.0;technosphere;GLO;ecoinvent_cutoff_3.9_remind_SSP2-PkBudg500_2030;tin
625d17087b9a4566a5661d2dae55bdf0;fish curing, small fish;RoW;fish curing, small fish;;market for tin plated chromium steel sheet, 2 mm;0.02938;square meter;tin plated chromium steel sheet, 2 mm;0.0;technosphere;GLO;ecoinvent_cutoff_3.9_remind_SSP2-PkBudg500_2030;tin
63cc7eda5c9a4525bff4ca8fea9c0a08;I&C cabinet;CH;I&C cabinet;;market for tin;123.0;kilogram;tin;;technosphere;GLO;ecoinvent_cutoff_3.9_remind_SSP2-PkBudg500_2030;tin
64c1473d58cf93c0d462f9bea79cafc4;thermal storage system construction, solar thermal parabolic trough, 50 MW;RoW;used nitrate salts, for solar power application;;market for tin plated chromium steel sheet, 2 mm;1.0215937005792322e-06;square meter;tin plated chromium steel sheet, 2 mm;0.0;technosphere;GLO;ecoinvent_cutoff_3.9_remind_SSP2-PkBudg500_2030;tin
657b4128d5af2437624eb566ea407e3f;capacitor production, electrolyte type, > 2cm height;GLO;capacitor, electrolyte type, > 2cm height;;market for tin;0.0010804;kilogram;tin;0.0;technosphere;GLO;ecoinvent_cutoff_3.9_remind_SSP2-PkBudg500_2030;tin
67787c1e178d3e726df40ec75c0cb19f;capacitor production, film type, for through-hole mounting;GLO;capacitor, film type, for through-hole mounting;;market for tin;0.033892;kilogram;tin;0.0;technosphere;GLO;ecoinvent_cutoff_3.9_remind_SSP2-PkBudg500_2030;tin
68053091bc1ad58262235309f255beb8;electric parts production, heat and power co-generation unit, 160kW electrical;RoW;electric parts, heat and power co-generation unit, 160kW electrical;;market for tin;0.997;kilogram;tin;0.0;technosphere;GLO;ecoinvent_cutoff_3.9_remind_SSP2-PkBudg500_2030;tin
6b22092487614d3f27c5b6dff41d032b;receiver system construction, solar tower power plant, 20 MW;ZA;receiver system, solar tower power plant, 20 MW;;market for tin plated chromium steel sheet, 2 mm;17.0;square meter;tin plated chromium steel sheet, 2 mm;0.0;technosphere;GLO;ecoinvent_cutoff_3.9_remind_SSP2-PkBudg500_2030;tin
6efa6531c4480ae11b5a677573e09715;fish canning, large fish;RoW;fish canning, large fish;;market for tin plated chromium steel sheet, 2 mm;0.029;square meter;tin plated chromium steel sheet, 2 mm;0.0;technosphere;GLO;ecoinvent_cutoff_3.9_remind_SSP2-PkBudg500_2030;tin
6f36b562070b0a666eb7115900b4beca;thermal storage system construction, solar thermal parabolic trough, 50 MW;ZA;thermal storage system, solar thermal parabolic trough, 50 MW;;market for tin plated chromium steel sheet, 2 mm;74.29772367848962;square meter;tin plated chromium steel sheet, 2 mm;0.0;technosphere;GLO;ecoinvent_cutoff_3.9_remind_SSP2-PkBudg500_2030;tin
6f6c798698874268c2813c6068ce0bad;silicone product production;RER;silicone product;;market for tin;7.3985e-05;kilogram;tin;0.0;technosphere;GLO;ecoinvent_cutoff_3.9_remind_SSP2-PkBudg500_2030;tin
71067582601b65518970d19ea5db7145;tin plating, pieces;RoW;tin plating, pieces;;market for tin;0.0365;kilogram;tin;0.0;technosphere;GLO;ecoinvent_cutoff_3.9_remind_SSP2-PkBudg500_2030;tin
74f50d4b5ff62ee26c9fd409c98e4bb8;capacitor production, for surface-mounting;GLO;capacitor, for surface-mounting;;market for tin;0.02442;kilogram;tin;0.0;technosphere;GLO;ecoinvent_cutoff_3.9_remind_SSP2-PkBudg500_2030;tin
77a3ad60aeb2801b01a1f431765daf2d;wind power plant construction, 800kW, moving parts;GLO;wind power plant, 800kW, moving parts;;market for tin;0.5;kilogram;tin;0.0;technosphere;GLO;ecoinvent_cutoff_3.9_remind_SSP2-PkBudg500_2030;tin
79da27536d01a1cdd4138d5896a5ae9a;soft solder production, Sn97Cu3;RER;soft solder, Sn97Cu3;;market for tin;0.882;kilogram;tin;0.0;technosphere;GLO;ecoinvent_cutoff_3.9_remind_SSP2-PkBudg500_2030;tin
7d1e91c63d117037c075b46b947eb11f;wind power plant construction, 2MW, offshore, moving parts;GLO;wind power plant, 2MW, offshore, moving parts;;market for tin;0.5;kilogram;tin;0.0;technosphere;GLO;ecoinvent_cutoff_3.9_remind_SSP2-PkBudg500_2030;tin
7eaad144c08e24de0e2c1a0822bde079;microwave oven production;GLO;microwave oven;;market for tin;0.0018;kilogram;tin;0.0;technosphere;GLO;ecoinvent_cutoff_3.9_remind_SSP2-PkBudg500_2030;tin
80e3ff9f43d7e58b46121622c0096967;soft solder production, Sn97Cu3;RoW;soft solder, Sn97Cu3;;market for tin;0.882;kilogram;tin;0.0;technosphere;GLO;ecoinvent_cutoff_3.9_remind_SSP2-PkBudg500_2030;tin
82835777a722c146c659546c86479bef;printed wiring board production, for through-hole mounting, Pb containing surface;GLO;printed wiring board, for through-hole mounting, Pb containing surface;;market for tin;0.0071474;kilogram;tin;0.0;technosphere;GLO;ecoinvent_cutoff_3.9_remind_SSP2-PkBudg500_2030;tin
838512bcecf14f99e1aa18b9f297ca3b;thermal storage system construction, solar tower power plant, 20 MW;RoW;thermal storage system, solar tower power plant, 20 MW;;market for tin plated chromium steel sheet, 2 mm;6.540686249905081;square meter;tin plated chromium steel sheet, 2 mm;0.0;technosphere;GLO;ecoinvent_cutoff_3.9_remind_SSP2-PkBudg500_2030;tin
862dddb64aad3f3aa992a33b94111de7;flat glass production, uncoated;RoW;flat glass, uncoated;;market for tin;9.16e-06;kilogram;tin;0.0;technosphere;GLO;ecoinvent_cutoff_3.9_remind_SSP2-PkBudg500_2030;tin
88c77cd46746a1b8f5d242d544df9055;ceramic tile production;RoW;ceramic tile;;market for tin;4.9e-05;kilogram;tin;0.0;technosphere;GLO;ecoinvent_cutoff_3.9_remind_SSP2-PkBudg500_2030;tin
89ad9abae25fc5511bd43570ab958cf7;printed wiring board production, for through-hole mounting, Pb free surface;GLO;printed wiring board, for through-hole mounting, Pb free surface;;market for tin;0.0035684;kilogram;tin;0.0;technosphere;GLO;ecoinvent_cutoff_3.9_remind_SSP2-PkBudg500_2030;tin
8adb5f49d537c6767dace7b82d982e87;selective coating, copper sheet, black majic;US;selective coat, copper sheet, black majic;;market for tin;0.010167;kilogram;tin;0.0;technosphere;GLO;ecoinvent_cutoff_3.9_remind_SSP2-PkBudg500_2030;tin
8b0cb74dece71b043bc82ad3590f5036;transistor production, surface-mounted;GLO;transistor, surface-mounted;;market for tin;0.44138;kilogram;tin;0.0;technosphere;GLO;ecoinvent_cutoff_3.9_remind_SSP2-PkBudg500_2030;tin
8e851a7908665897f04868b4f442d72f;thermal storage system construction, solar tower power plant, 20 MW;RoW;used nitrate salts, for solar power application;;market for tin plated chromium steel sheet, 2 mm;5.501871374920156e-07;square meter;tin plated chromium steel sheet, 2 mm;0.0;technosphere;GLO;ecoinvent_cutoff_3.9_remind_SSP2-PkBudg500_2030;tin
8eae74dc7bc4adedb97d688eb000bffa;tin production;RoW;tin;;market for tin concentrate;2.067;kilogram;tin concentrate;0.0;technosphere;GLO;ecoinvent_cutoff_3.9_remind_SSP2-PkBudg500_2030;tin
8eae74dc7bc4adedb97d688eb000bffa;tin production;RoW;tin;;market for tin slag;-0.97;kilogram;tin slag;0.0;technosphere;GLO;ecoinvent_cutoff_3.9_remind_SSP2-PkBudg500_2030;tin
90c1848d66010403a70af860e39745c6;thermal storage system construction, solar tower power plant, 20 MW;ZA;thermal storage system, solar tower power plant, 20 MW;;market for tin plated chromium steel sheet, 2 mm;6.540686249905081;square meter;tin plated chromium steel sheet, 2 mm;0.0;technosphere;GLO;ecoinvent_cutoff_3.9_remind_SSP2-PkBudg500_2030;tin
944611a7709f45d28ebf6d15aa51f73f;battery 50kW;CH;battery 50kW;;market for tin;1010.0;kilogram;tin;;technosphere;GLO;ecoinvent_cutoff_3.9_remind_SSP2-PkBudg500_2030;tin
965d8bd44fedfb903bdb753b143579ed;chassis production, internet access equipment;RER;chassis, internet access equipment;;market for tin;0.002;kilogram;tin;0.0;technosphere;GLO;ecoinvent_cutoff_3.9_remind_SSP2-PkBudg500_2030;tin
96db5f93faae00e1c3c81ff78d6dd667;tinplate scrap, sorted to generic market for iron scrap, sorted, pressed;RoW;iron scrap, sorted, pressed;;market for tinplate scrap, sorted;1.0;kilogram;tinplate scrap, sorted;0.0;technosphere;RoW;ecoinvent_cutoff_3.9_remind_SSP2-PkBudg500_2030;tin
a202c5e4eed9dd0153057dee84e62c4d;flat glass factory construction;RoW;flat glass factory;;market for tin;200000.0;kilogram;tin;0.0;technosphere;GLO;ecoinvent_cutoff_3.9_remind_SSP2-PkBudg500_2030;tin
a4e18134c80cb033dcb06aa18eefcec2;treatment of metal scrap, mixed, for recycling, unsorted, sorting;CH;tinplate scrap, sorted;;market for tinplate, in mixed metal scrap;1.0416666666666667;kilogram;tinplate, in mixed metal scrap;0.0;technosphere;CH;ecoinvent_cutoff_3.9_remind_SSP2-PkBudg500_2030;tin
aad4a5afa623f612a94e73cc6e6bbb9e;fish canning, small fish;RoW;fish canning, small fish;;market for tin plated chromium steel sheet, 2 mm;0.01;square meter;tin plated chromium steel sheet, 2 mm;0.0;technosphere;GLO;ecoinvent_cutoff_3.9_remind_SSP2-PkBudg500_2030;tin
aadb2617bab02d4118bc3d813d2e6f4f;printed wiring board production, for surface mounting, Pb containing surface;GLO;printed wiring board, for surface mounting, Pb containing surface;;market for tin;0.0075789;kilogram;tin;0.0;technosphere;GLO;ecoinvent_cutoff_3.9_remind_SSP2-PkBudg500_2030;tin
aaec5130772f4e23a1a1be6e0ce3516f;tinplate scrap, sorted to generic market for iron scrap, sorted, pressed;CH;iron scrap, sorted, pressed;;market for tinplate scrap, sorted;1.0;kilogram;tinplate scrap, sorted;0.0;technosphere;CH;ecoinvent_cutoff_3.9_remind_SSP2-PkBudg500_2030;tin
ac4807a28dc150b8d8da5feff772c60c;bronze production;RoW;bronze;;market for tin;0.0505;kilogram;tin;0.0;technosphere;GLO;ecoinvent_cutoff_3.9_remind_SSP2-PkBudg500_2030;tin
af7f1628b31d3b9949bfe72b1f7fd64f;light emitting diode production;GLO;light emitting diode;;market for tin;0.046488;kilogram;tin;0.0;technosphere;GLO;ecoinvent_cutoff_3.9_remind_SSP2-PkBudg500_2030;tin
b20b436c03ba8e346c322f493a04b95b;frit production, for ceramic tile;GLO;frit, for ceramic tile;;market for tin dioxide;0.000628;kilogram;tin dioxide;0.0;technosphere;GLO;ecoinvent_cutoff_3.9_remind_SSP2-PkBudg500_2030;tin
b3526f188712e712e047ab26d64869b6;thermal storage system construction, solar tower power plant, 20 MW;ZA;used nitrate salts, for solar power application;;market for tin plated chromium steel sheet, 2 mm;5.501871374920156e-07;square meter;tin plated chromium steel sheet, 2 mm;0.0;technosphere;GLO;ecoinvent_cutoff_3.9_remind_SSP2-PkBudg500_2030;tin
b36bce1128c29c636f25576e5fb18b50;fish canning, small fish;PE;fish canning, small fish;;market for tin plated chromium steel sheet, 2 mm;0.01;square meter;tin plated chromium steel sheet, 2 mm;0.0;technosphere;GLO;ecoinvent_cutoff_3.9_remind_SSP2-PkBudg500_2030;tin
b4cf9bef49c25e06bf9ccfba45c7d955;thermal storage system construction, solar thermal parabolic trough, 50 MW;ZA;used nitrate salts, for solar power application;;market for tin plated chromium steel sheet, 2 mm;1.0215937005792322e-06;square meter;tin plated chromium steel sheet, 2 mm;0.0;technosphere;GLO;ecoinvent_cutoff_3.9_remind_SSP2-PkBudg500_2030;tin
c02ec52e29966b1a3541440bb3f94886;stirling heat and power co-generation unit construction, 3kW electrical, wood pellet, future;CH;stirling heat and power co-generation unit, 3kW electrical, wood pellet, future;;market for tin;0.26;kilogram;tin;0.0;technosphere;GLO;ecoinvent_cutoff_3.9_remind_SSP2-PkBudg500_2030;tin
c15a417acce2dc6d301385fc58ac0f5a;indium tin oxide powder production, nanoscale, for sputtering target;RoW;indium tin oxide powder, nanoscale, for sputtering target;;market for tin;0.0099642;kilogram;tin;0.0;technosphere;GLO;ecoinvent_cutoff_3.9_remind_SSP2-PkBudg500_2030;tin
c242d04c68708b27ffc01fc8cdd502ca;photovoltaic laminate production, CIS;RoW;photovoltaic laminate, CIS;;market for tin;0.01098;kilogram;tin;0.0;technosphere;GLO;ecoinvent_cutoff_3.9_remind_SSP2-PkBudg500_2030;tin
c3439558f54fd00832a7e6663d02993b;control cabinet production, heat and power co-generation unit, 160kW electrical;RER;control cabinet, heat and power co-generation unit, 160kW electrical;;market for tin;1.62;kilogram;tin;0.0;technosphere;GLO;ecoinvent_cutoff_3.9_remind_SSP2-PkBudg500_2030;tin
c5b310e0e815c0f6324fa9599d3b697c;diode production, glass-, for through-hole mounting;GLO;diode, glass-, for through-hole mounting;;market for tin;0.046488;kilogram;tin;0.0;technosphere;GLO;ecoinvent_cutoff_3.9_remind_SSP2-PkBudg500_2030;tin
c5c4fb1410cae3277ced20101dcfeda0;control cabinet production, heat and power co-generation unit, 160kW electrical;RoW;control cabinet, heat and power co-generation unit, 160kW electrical;;market for tin;1.62;kilogram;tin;0.0;technosphere;GLO;ecoinvent_cutoff_3.9_remind_SSP2-PkBudg500_2030;tin
c7a271f5ecff9ecd6d147bc6148a8392;capacitor production, tantalum-, for through-hole mounting;GLO;capacitor, tantalum-, for through-hole mounting;;market for tin;0.03404;kilogram;tin;0.0;technosphere;GLO;ecoinvent_cutoff_3.9_remind_SSP2-PkBudg500_2030;tin
c7f7f9d3b564201ebe626394490a2cbd;flat glass factory construction;RER;flat glass factory;;market for tin;200000.0;kilogram;tin;0.0;technosphere;GLO;ecoinvent_cutoff_3.9_remind_SSP2-PkBudg500_2030;tin
cd21517a1274ec7599ea6324d95e817b;railway track construction, for high-speed train;DE;railway track, for high-speed train;;market for tin;0.005;kilogram;tin;0.0;technosphere;GLO;ecoinvent_cutoff_3.9_remind_SSP2-PkBudg500_2030;tin
ce2d2aeb3e07aa4006b130d2895fc332;stirling heat and power co-generation unit construction, 3kW electrical, wood pellet, future;RoW;stirling heat and power co-generation unit, 3kW electrical, wood pellet, future;;market for tin;0.26;kilogram;tin;0.0;technosphere;GLO;ecoinvent_cutoff_3.9_remind_SSP2-PkBudg500_2030;tin
ce8a151d88ba8e7868f001d22a911780;precious metal refinery construction;SE;precious metal refinery;;market for tin;26.439;kilogram;tin;0.0;technosphere;GLO;ecoinvent_cutoff_3.9_remind_SSP2-PkBudg500_2030;tin
d03c66f1f9d6506c5d13e8deb452d28c;high voltage system production, for Li-ion battery;GLO;high voltage system, for Li-ion battery;;market for tin;0.016;kilogram;tin;0.0;technosphere;GLO;ecoinvent_cutoff_3.9_remind_SSP2-PkBudg500_2030;tin
d368bd0933c7848e92acbba2ec00be41;diode production, glass-, for surface-mounting;GLO;diode, glass-, for surface-mounting;;market for tin;0.015288;kilogram;tin;0.0;technosphere;GLO;ecoinvent_cutoff_3.9_remind_SSP2-PkBudg500_2030;tin
d452a083f085c449ca46d9726484f6bf;transistor production, wired, small size, through-hole mounting;GLO;transistor, wired, small size, through-hole mounting;;market for tin;0.43268;kilogram;tin;0.0;technosphere;GLO;ecoinvent_cutoff_3.9_remind_SSP2-PkBudg500_2030;tin
d5fb3f6b87564a5255e37019180fdd57;printed wiring board production, for surface mounting, Pb free surface;GLO;printed wiring board, for surface mounting, Pb free surface;;market for tin;0.0027884;kilogram;tin;0.0;technosphere;GLO;ecoinvent_cutoff_3.9_remind_SSP2-PkBudg500_2030;tin
d871c79dccb7efd9023e9f73485d5e77;photovoltaic laminate production, CIS;DE;photovoltaic laminate, CIS;;market for tin;0.01098;kilogram;tin;0.0;technosphere;GLO;ecoinvent_cutoff_3.9_remind_SSP2-PkBudg500_2030;tin
d953207e3db847569acc3dcd7216ff91;switchgear MV;CH;switchgear MV;;market for tin;164.0;kilogram;tin;;technosphere;GLO;ecoinvent_cutoff_3.9_remind_SSP2-PkBudg500_2030;tin
da8c334a7b1a4805192ddf8b00499369;tin dioxide production;GLO;tin dioxide;;market for tin;0.829135731848008;kilogram;tin;0.0;technosphere;GLO;ecoinvent_cutoff_3.9_remind_SSP2-PkBudg500_2030;tin
dab934276d6983b4caa5528ccb20d1c8;compact fluorescent lamp production;GLO;compact fluorescent lamp;;market for tin;0.0048;kilogram;tin;0.0;technosphere;GLO;ecoinvent_cutoff_3.9_remind_SSP2-PkBudg500_2030;tin
de510bb333414194b19eb5ac7501cce1;I&C cabinet;RER;I&C cabinet;;market for tin;123.0;kilogram;tin;;technosphere;GLO;ecoinvent_cutoff_3.9_remind_SSP2-PkBudg500_2030;tin
df3b7846473e9ff389b966887b405960;resistor production, surface-mounted;GLO;resistor, surface-mounted;;market for tin;0.014391;kilogram;tin;0.0;technosphere;GLO;ecoinvent_cutoff_3.9_remind_SSP2-PkBudg500_2030;tin
dfa7deeb48497b32800ae297d6f658a4;capacitor production, electrolyte type, < 2cm height;GLO;capacitor, electrolyte type, < 2cm height;;market for tin;0.002072;kilogram;tin;0.0;technosphere;GLO;ecoinvent_cutoff_3.9_remind_SSP2-PkBudg500_2030;tin
e18532a492e51323c846f08d16b248a9;inductor production, ring core choke type;GLO;inductor, ring core choke type;;market for tin;0.03774;kilogram;tin;0.0;technosphere;GLO;ecoinvent_cutoff_3.9_remind_SSP2-PkBudg500_2030;tin
e44bd9e6678616d876f126232151867a;transistor production, wired, big size, through-hole mounting;GLO;transistor, wired, big size, through-hole mounting;;market for tin;0.47038;kilogram;tin;0.0;technosphere;GLO;ecoinvent_cutoff_3.9_remind_SSP2-PkBudg500_2030;tin
e580dc657aa0369350319b3269a87d8b;container production, for collection of post-consumer waste plastic for recycling;Europe without Switzerland;container, for collection of post-consumer waste plastic for recycling;;market for tin plated chromium steel sheet, 2 mm;4.8333333e-05;square meter;tin plated chromium steel sheet, 2 mm;0.0;technosphere;GLO;ecoinvent_cutoff_3.9_remind_SSP2-PkBudg500_2030;tin
e6355cc8eb4848d4a2e44e81ccbefa89;tin plated chromium steel sheet production, 2 mm;RoW;tin plated chromium steel sheet, 2 mm;;market for tin plating, pieces;1.0;square meter;tin plating, pieces;0.0;technosphere;GLO;ecoinvent_cutoff_3.9_remind_SSP2-PkBudg500_2030;tin
e7a1b8f672099f9a4b873c2b5b087b79;solder production, bar, Sn95.5Ag3.9Cu0.6, for electronics industry;GLO;solder, bar, Sn95.5Ag3.9Cu0.6, for electronics industry;;market for tin;0.955;kilogram;tin;0.0;technosphere;GLO;ecoinvent_cutoff_3.9_remind_SSP2-PkBudg500_2030;tin
e8c2eac576437a57249afb9aff06b0be;receiver system construction, solar tower power plant, 20 MW;RoW;receiver system, solar tower power plant, 20 MW;;market for tin plated chromium steel sheet, 2 mm;17.0;square meter;tin plated chromium steel sheet, 2 mm;0.0;technosphere;GLO;ecoinvent_cutoff_3.9_remind_SSP2-PkBudg500_2030;tin
eb21dc10c3b70f8db095a465c553a59b;heat transport fluid system construction, solar thermal parabolic trough, 50 MW;RoW;heat transport fluid system, solar thermal parabolic trough, 50 MW;;market for tin plated chromium steel sheet, 2 mm;96.0;square meter;tin plated chromium steel sheet, 2 mm;0.0;technosphere;GLO;ecoinvent_cutoff_3.9_remind_SSP2-PkBudg500_2030;tin
eb8e90990c77f3710bbe07cd2e866ba1;battery production, lead acid, rechargeable, stationary;US;battery, lead acid, rechargeable, stationary;;market for tin;0.004;kilogram;tin;0.0;technosphere;GLO;ecoinvent_cutoff_3.9_remind_SSP2-PkBudg500_2030;tin
ec0ae74eede2f9b127bbc8c4087a819c;battery production, lead acid, rechargeable, stationary;RoW;battery, lead acid, rechargeable, stationary;;market for tin;0.004;kilogram;tin;0.0;technosphere;GLO;ecoinvent_cutoff_3.9_remind_SSP2-PkBudg500_2030;tin
ecfd0bcbbf2f4eeb4145b4e72dc623fd;selective coating, copper sheet, black majic;CA-QC;selective coat, copper sheet, black majic;;market for tin;0.010167;kilogram;tin;0.0;technosphere;GLO;ecoinvent_cutoff_3.9_remind_SSP2-PkBudg500_2030;tin
eee99243700fb75b43134f4994dca3e2;selective coating, copper sheet, sputtering;CA-QC;selective coat, copper sheet, sputter deposition;;market for tin;0.00862;kilogram;tin;0.0;technosphere;GLO;ecoinvent_cutoff_3.9_remind_SSP2-PkBudg500_2030;tin
f0697debea1b358e52b42dffa7ff24f0;heat transport fluid system construction, solar thermal parabolic trough, 50 MW;ZA;heat transport fluid system, solar thermal parabolic trough, 50 MW;;market for tin plated chromium steel sheet, 2 mm;96.0;square meter;tin plated chromium steel sheet, 2 mm;0.0;technosphere;GLO;ecoinvent_cutoff_3.9_remind_SSP2-PkBudg500_2030;tin
f51274e60898c4dad424b42d287a01c1;selective coating, copper sheet, sputtering;DE;selective coat, copper sheet, sputter deposition;;market for tin;0.00862;kilogram;tin;0.0;technosphere;GLO;ecoinvent_cutoff_3.9_remind_SSP2-PkBudg500_2030;tin
f73c4db36f8b9510489b7f1c2fb90d29;container production, for collection of post-consumer waste plastic for recycling;CH;container, for collection of post-consumer waste plastic for recycling;;market for tin plated chromium steel sheet, 2 mm;4.8333333e-05;square meter;tin plated chromium steel sheet, 2 mm;0.0;technosphere;GLO;ecoinvent_cutoff_3.9_remind_SSP2-PkBudg500_2030;tin
f8520578545d3fddf3ba28d562a6cd5d;integrated circuit production, logic type;GLO;integrated circuit, logic type;;market for tin;0.063;kilogram;tin;0.0;technosphere;GLO;ecoinvent_cutoff_3.9_remind_SSP2-PkBudg500_2030;tin
