code;name;location;reference product;categories;ex_name;ex_amount;ex_unit;ex_product;ex_production volume;ex_type;ex_location;database;material_group
00526caed75b53426b1973a2c47ab7b6;[sulfonyl]urea-compound production;RER;[sulfonyl]urea-compound;;market for hydrogen, liquid;0.014446;kilogram;hydrogen, liquid;0.0;technosphere;RER;ecoinvent_cutoff_3.9_remind_SSP2-PkBudg500_2035;hydrogen
015702d2ec08339a6f3268851ee4c3d5;electricity production, nuclear, pressure water reactor;JP;electricity, high voltage;;market for hydrogen, liquid;1.03e-05;kilogram;hydrogen, liquid;0.0;technosphere;RoW;ecoinvent_cutoff_3.9_remind_SSP2-PkBudg500_2035;hydrogen
01681cdd81bf3911a2475a926c000316;uranium production, centrifuge, enriched 4.2%;GB;uranium, enriched 4.2%, per separative work unit;;market for hydrogen, liquid;1.1e-05;kilogram;hydrogen, liquid;0.0;technosphere;RER;ecoinvent_cutoff_3.9_remind_SSP2-PkBudg500_2035;hydrogen
01f047d789cb70e0476b00c649b8a2da;electricity production, nuclear, pressure water reactor;IR;electricity, high voltage;;market for hydrogen, liquid;1.03e-05;kilogram;hydrogen, liquid;0.0;technosphere;RoW;ecoinvent_cutoff_3.9_remind_SSP2-PkBudg500_2035;hydrogen
0387196a56eb12762f38ea31ff35839f;primary zinc production from concentrate;RoW;gypsum, mineral;;market for hydrogen, liquid;1.4694222066170012e-06;kilogram;hydrogen, liquid;0.0;technosphere;RoW;ecoinvent_cutoff_3.9_remind_SSP2-PkBudg500_2035;hydrogen
0387196a56eb12762f38ea31ff35839f;primary zinc production from concentrate;RoW;gypsum, mineral;;market for hydrogen, liquid;3.210983577148279e-07;kilogram;hydrogen, liquid;0.0;technosphere;RER;ecoinvent_cutoff_3.9_remind_SSP2-PkBudg500_2035;hydrogen
042ca442106a699ea05217172d5a9541;polypropylene production, granulate;RER;polypropylene, granulate;;market for hydrogen, liquid;0.000195130332663387;kilogram;hydrogen, liquid;0.0;technosphere;RER;ecoinvent_cutoff_3.9_remind_SSP2-PkBudg500_2035;hydrogen
05caa0763c204871f68b8d73834e5d13;hydroformylation of butene;RER;2-methyl-1-butanol;;market for hydrogen, liquid;0.04777089080768634;kilogram;hydrogen, liquid;0.0;technosphere;RER;ecoinvent_cutoff_3.9_remind_SSP2-PkBudg500_2035;hydrogen
0642df23d1e447cfeaf12b63d489823b;wafer production, fabricated, for integrated circuit;GLO;wafer, fabricated, for integrated circuit;;market for hydrogen, liquid;3.446803902023018;kilogram;hydrogen, liquid;0.0;technosphere;RoW;ecoinvent_cutoff_3.9_remind_SSP2-PkBudg500_2035;hydrogen
0642df23d1e447cfeaf12b63d489823b;wafer production, fabricated, for integrated circuit;GLO;wafer, fabricated, for integrated circuit;;market for hydrogen, liquid;0.753196097976982;kilogram;hydrogen, liquid;0.0;technosphere;RER;ecoinvent_cutoff_3.9_remind_SSP2-PkBudg500_2035;hydrogen
06b2ac5ac38e27c3d97d64dacdbfe229;hydroformylation of butene;RoW;2-methyl-1-butanol;;market for hydrogen, liquid;0.04777089080768634;kilogram;hydrogen, liquid;0.0;technosphere;RoW;ecoinvent_cutoff_3.9_remind_SSP2-PkBudg500_2035;hydrogen
07be79e7c5655cfd71215697f60b9423;cobalt production;GLO;cobalt hydroxide;;market for hydrogen, liquid;0.025268937462296914;kilogram;hydrogen, liquid;0.0;technosphere;RoW;ecoinvent_cutoff_3.9_remind_SSP2-PkBudg500_2035;hydrogen
07be79e7c5655cfd71215697f60b9423;cobalt production;GLO;cobalt hydroxide;;market for hydrogen, liquid;0.005521771948051866;kilogram;hydrogen, liquid;0.0;technosphere;RER;ecoinvent_cutoff_3.9_remind_SSP2-PkBudg500_2035;hydrogen
07f9c59c9e511b1ec5557daef89d7805;chlorotoluron production;RER;chlorotoluron;;market for hydrogen, liquid;0.03301;kilogram;hydrogen, liquid;0.0;technosphere;RER;ecoinvent_cutoff_3.9_remind_SSP2-PkBudg500_2035;hydrogen
0919171fc84f3dd3ed892700571f313b;electricity production, nuclear, boiling water reactor;ES;electricity, high voltage;;market for hydrogen, liquid;9.25e-06;kilogram;hydrogen, liquid;0.0;technosphere;RER;ecoinvent_cutoff_3.9_remind_SSP2-PkBudg500_2035;hydrogen
09ed756b0dd54f76a0107d859381408c;electricity production, nuclear, pressure water reactor;DE;electricity, high voltage;;market for hydrogen, liquid;1.08e-05;kilogram;hydrogen, liquid;0.0;technosphere;RER;ecoinvent_cutoff_3.9_remind_SSP2-PkBudg500_2035;hydrogen
09f7b3b92e6c035dfb72675f8717c99e;electricity production, nuclear, pressure water reactor;LV;electricity, high voltage;;market for hydrogen, liquid;1.03e-05;kilogram;hydrogen, liquid;0.0;technosphere;RER;ecoinvent_cutoff_3.9_remind_SSP2-PkBudg500_2035;hydrogen
0acbdbd8213e0a7e91b55e149e66f9a1;pyridazine-compound production;RER;pyridazine-compound;;market for hydrogen, liquid;0.0093253;kilogram;hydrogen, liquid;0.0;technosphere;RER;ecoinvent_cutoff_3.9_remind_SSP2-PkBudg500_2035;hydrogen
0b0f0f0760d6477ee4f1187557ae7f97;electricity production, nuclear, pressure water reactor;SE;electricity, high voltage;;market for hydrogen, liquid;1.03e-05;kilogram;hydrogen, liquid;0.0;technosphere;RER;ecoinvent_cutoff_3.9_remind_SSP2-PkBudg500_2035;hydrogen
0c6ba78b8c4262c312363f04ea1d0ef9;diphenylether-compound production;RoW;diphenylether-compound;;market for hydrogen, liquid;0.0074994;kilogram;hydrogen, liquid;0.0;technosphere;RoW;ecoinvent_cutoff_3.9_remind_SSP2-PkBudg500_2035;hydrogen
0cd16da9c7155bedba349d8d07fe2616;hydroformylation of butene;RoW;3-methyl-1-butanol;;market for hydrogen, liquid;0.04777089080768634;kilogram;hydrogen, liquid;0.0;technosphere;RoW;ecoinvent_cutoff_3.9_remind_SSP2-PkBudg500_2035;hydrogen
0e9a3ee4c94c0c81046c005bf1fbbd4b;hydroformylation of propylene;RER;1-butanol;;market for hydrogen, liquid;0.0572329366319198;kilogram;hydrogen, liquid;0.0;technosphere;RER;ecoinvent_cutoff_3.9_remind_SSP2-PkBudg500_2035;hydrogen
0ec5a4316bc63d9595b9c62487c9f106;refrigerant R134a production;RoW;refrigerant R134a;;market for hydrogen, liquid;0.02;kilogram;hydrogen, liquid;0.0;technosphere;RoW;ecoinvent_cutoff_3.9_remind_SSP2-PkBudg500_2035;hydrogen
0f73a478573dac55d327af6b3e636c2c;primary zinc production from concentrate;CA-QC;copper cake;;market for hydrogen, liquid;0.0095787306334994;kilogram;hydrogen, liquid;0.0;technosphere;RoW;ecoinvent_cutoff_3.9_remind_SSP2-PkBudg500_2035;hydrogen
1051d69c7c9b1c17aab66a9889245d91;silicon production, electronics grade;DE;silicon, solar grade;;market for hydrogen, liquid;0.02365521690192513;kilogram;hydrogen, liquid;0.0;technosphere;RER;ecoinvent_cutoff_3.9_remind_SSP2-PkBudg500_2035;hydrogen
10af21108f18346347c7479c8d4a1cc9;primary zinc production from concentrate;CA-QC;sulfur dioxide, liquid;;market for hydrogen, liquid;0.0005167432949339126;kilogram;hydrogen, liquid;0.0;technosphere;RoW;ecoinvent_cutoff_3.9_remind_SSP2-PkBudg500_2035;hydrogen
10e9f0bb69614cb58ccc2f0702dcc1e9;silicon production, solar grade, modified Siemens process;US;silicon, solar grade;;market for hydrogen, liquid;0.050139;kilogram;hydrogen, liquid;;technosphere;RER;ecoinvent_cutoff_3.9_remind_SSP2-PkBudg500_2035;hydrogen
114e50d870dae794dea0d5cbda443879;tebuconazole production;GLO;tebuconazole;;market for hydrogen, liquid;0.011428250233763237;kilogram;hydrogen, liquid;0.0;technosphere;RoW;ecoinvent_cutoff_3.9_remind_SSP2-PkBudg500_2035;hydrogen
114e50d870dae794dea0d5cbda443879;tebuconazole production;GLO;tebuconazole;;market for hydrogen, liquid;0.0024973029297439614;kilogram;hydrogen, liquid;0.0;technosphere;RER;ecoinvent_cutoff_3.9_remind_SSP2-PkBudg500_2035;hydrogen
116aaf86420c04e11a8533e16470a2f7;cobalt production;GLO;zinc sulfide;;market for hydrogen, liquid;0.0009907852831397015;kilogram;hydrogen, liquid;0.0;technosphere;RoW;ecoinvent_cutoff_3.9_remind_SSP2-PkBudg500_2035;hydrogen
116aaf86420c04e11a8533e16470a2f7;cobalt production;GLO;zinc sulfide;;market for hydrogen, liquid;0.00021650654647218127;kilogram;hydrogen, liquid;0.0;technosphere;RER;ecoinvent_cutoff_3.9_remind_SSP2-PkBudg500_2035;hydrogen
12dbf9fec8acf75d0a87cabd7e89777a;hydroformylation of propylene;RoW;1-butanol;;market for hydrogen, liquid;0.0572329366319198;kilogram;hydrogen, liquid;0.0;technosphere;RoW;ecoinvent_cutoff_3.9_remind_SSP2-PkBudg500_2035;hydrogen
13219b5df47924a337ae7c01fde7108f;cobalt production;GLO;electrolyte, copper-rich;;market for hydrogen, liquid;0.0035204495187882425;kilogram;hydrogen, liquid;0.0;technosphere;RoW;ecoinvent_cutoff_3.9_remind_SSP2-PkBudg500_2035;hydrogen
13219b5df47924a337ae7c01fde7108f;cobalt production;GLO;electrolyte, copper-rich;;market for hydrogen, liquid;0.0007692891490345482;kilogram;hydrogen, liquid;0.0;technosphere;RER;ecoinvent_cutoff_3.9_remind_SSP2-PkBudg500_2035;hydrogen
13ae0c673a3e8a11051a98b4c5857644;electricity production, nuclear, pressure water reactor;FR;electricity, high voltage;;market for hydrogen, liquid;1.28e-05;kilogram;hydrogen, liquid;0.0;technosphere;RER;ecoinvent_cutoff_3.9_remind_SSP2-PkBudg500_2035;hydrogen
13b0c001f1488143a21971f7c60a92e2;cobalt production;GLO;cobalt acetate;;market for hydrogen, liquid;0.007097889044295846;kilogram;hydrogen, liquid;0.0;technosphere;RoW;ecoinvent_cutoff_3.9_remind_SSP2-PkBudg500_2035;hydrogen
13b0c001f1488143a21971f7c60a92e2;cobalt production;GLO;cobalt acetate;;market for hydrogen, liquid;0.0015510317627583732;kilogram;hydrogen, liquid;0.0;technosphere;RER;ecoinvent_cutoff_3.9_remind_SSP2-PkBudg500_2035;hydrogen
156bb62d6d54f22dbdcb7135d6d98d9c;electricity production, nuclear, pressure water reactor, heavy water moderated;RU;electricity, high voltage;;market for hydrogen, liquid;1.0566437620084861e-06;kilogram;hydrogen, liquid;0.0;technosphere;RoW;ecoinvent_cutoff_3.9_remind_SSP2-PkBudg500_2035;hydrogen
156bb62d6d54f22dbdcb7135d6d98d9c;electricity production, nuclear, pressure water reactor, heavy water moderated;RU;electricity, high voltage;;market for hydrogen, liquid;2.308979510059739e-07;kilogram;hydrogen, liquid;0.0;technosphere;RER;ecoinvent_cutoff_3.9_remind_SSP2-PkBudg500_2035;hydrogen
1580abc0d8542f9117775cc18e264f97;polyethylene production, high density, granulate;RER;polyethylene, high density, granulate;;market for hydrogen, liquid;0.000242553751745923;kilogram;hydrogen, liquid;0.0;technosphere;RER;ecoinvent_cutoff_3.9_remind_SSP2-PkBudg500_2035;hydrogen
1608ce808018afb0c784c6021a07d4e2;primary zinc production from concentrate;RoW;sulfur;;market for hydrogen, liquid;1.6215883397974915e-05;kilogram;hydrogen, liquid;0.0;technosphere;RoW;ecoinvent_cutoff_3.9_remind_SSP2-PkBudg500_2035;hydrogen
1608ce808018afb0c784c6021a07d4e2;primary zinc production from concentrate;RoW;sulfur;;market for hydrogen, liquid;3.543497236218129e-06;kilogram;hydrogen, liquid;0.0;technosphere;RER;ecoinvent_cutoff_3.9_remind_SSP2-PkBudg500_2035;hydrogen
16473e89534459dce0b8e6e98f8ff924;benzoic-compound production;RER;benzoic-compound;;market for hydrogen, liquid;0.0093253;kilogram;hydrogen, liquid;0.0;technosphere;RER;ecoinvent_cutoff_3.9_remind_SSP2-PkBudg500_2035;hydrogen
16a521558b6f49eea49caf2a30d94964;electricity production, nuclear, pressure water reactor, heavy water moderated;KR;electricity, high voltage;;market for hydrogen, liquid;1.28754171301446e-06;kilogram;hydrogen, liquid;0.0;technosphere;RoW;ecoinvent_cutoff_3.9_remind_SSP2-PkBudg500_2035;hydrogen
16cd08b51af233189aebcf7646a162cd;refrigerant R134a production;RER;refrigerant R134a;;market for hydrogen, liquid;0.02;kilogram;hydrogen, liquid;0.0;technosphere;RER;ecoinvent_cutoff_3.9_remind_SSP2-PkBudg500_2035;hydrogen
173424c42f7cba353ca814c320f93a17;electricity production, nuclear, pressure water reactor, heavy water moderated;IN-GJ;electricity, high voltage;;market for hydrogen, liquid;1.28754171301446e-06;kilogram;hydrogen, liquid;0.0;technosphere;RoW;ecoinvent_cutoff_3.9_remind_SSP2-PkBudg500_2035;hydrogen
17be1cac06e980dff62395b3be189b63;electricity production, nuclear, pressure water reactor;ZA;electricity, high voltage;;market for hydrogen, liquid;1.03e-05;kilogram;hydrogen, liquid;0.0;technosphere;RoW;ecoinvent_cutoff_3.9_remind_SSP2-PkBudg500_2035;hydrogen
180b190f6b1de4a881eb0b49229ccf8b;electricity production, nuclear, boiling water reactor;IN-MH;electricity, high voltage;;market for hydrogen, liquid;9.25e-06;kilogram;hydrogen, liquid;0.0;technosphere;RoW;ecoinvent_cutoff_3.9_remind_SSP2-PkBudg500_2035;hydrogen
1a1f46f2853d77a62541aa8690d9c7e9;isophorondiisocyanate production;RER;isophorondiisocyante;;market for hydrogen, liquid;0.0306008371501955;kilogram;hydrogen, liquid;0.0;technosphere;RER;ecoinvent_cutoff_3.9_remind_SSP2-PkBudg500_2035;hydrogen
1a5654b42884d8d190670e5b6d6a2b74;primary zinc production from concentrate;CA-QC;zinc;;market for hydrogen, liquid;0.004102389517032589;kilogram;hydrogen, liquid;0.0;technosphere;RoW;ecoinvent_cutoff_3.9_remind_SSP2-PkBudg500_2035;hydrogen
1b227be608b04d2a6aeece299b5f8d58;methylcyclohexane production;RER;methylcyclohexane;;market for hydrogen, liquid;0.068027;kilogram;hydrogen, liquid;0.0;technosphere;RER;ecoinvent_cutoff_3.9_remind_SSP2-PkBudg500_2035;hydrogen
1b8ccecef3f1a4e582ada7add3b449f2;electricity production, nuclear, pressure water reactor;KR;electricity, high voltage;;market for hydrogen, liquid;9.70516717325e-06;kilogram;hydrogen, liquid;0.0;technosphere;RoW;ecoinvent_cutoff_3.9_remind_SSP2-PkBudg500_2035;hydrogen
1bd91f8cc9214dce8d5952a9c1377106;hydrogen supply, distributed by pipeline;GLO;hydrogen, gaseous, from pipeline;;market for hydrogen, gaseous;1.0;kilogram;hydrogen, gaseous;;technosphere;GLO;ecoinvent_cutoff_3.9_remind_SSP2-PkBudg500_2035;hydrogen
1bd91f8cc9214dce8d5952a9c1377106;hydrogen supply, distributed by pipeline;GLO;hydrogen, gaseous, from pipeline;;market for hydrogen, gaseous;0.00691434837611582;kilogram;hydrogen, gaseous;;technosphere;GLO;ecoinvent_cutoff_3.9_remind_SSP2-PkBudg500_2035;hydrogen
1c5c182327d3b34ec6a3db5024e60d1a;pesticide production, unspecified;RER;pesticide, unspecified;;market for hydrogen, liquid;0.00699;kilogram;hydrogen, liquid;0.0;technosphere;RER;ecoinvent_cutoff_3.9_remind_SSP2-PkBudg500_2035;hydrogen
1e08394d6a450a5c35dd76acb16f2ef7;benzo[thia]diazole-compound production;RER;benzo[thia]diazole-compound;;market for hydrogen, liquid;0.0093253;kilogram;hydrogen, liquid;0.0;technosphere;RER;ecoinvent_cutoff_3.9_remind_SSP2-PkBudg500_2035;hydrogen
1e73484e29ae46aa8b16456ae1f38ce4;electricity production, Evolutionary Power Reactor (EPR);CH;electricity, high voltage;;market for hydrogen, liquid;1.06e-05;kilogram;hydrogen, liquid;;technosphere;RER;ecoinvent_cutoff_3.9_remind_SSP2-PkBudg500_2035;hydrogen
1f91d6dd3607c96ea82f4dc4c4c91bab;electricity production, nuclear, pressure water reactor;US-RFC;electricity, high voltage;;market for hydrogen, liquid;1.03e-05;kilogram;hydrogen, liquid;0.0;technosphere;RoW;ecoinvent_cutoff_3.9_remind_SSP2-PkBudg500_2035;hydrogen
1fbc0a578b43fd2262de3eafeffb99f6;metolachlor production;RoW;metolachlor;;market for hydrogen, liquid;0.02816;kilogram;hydrogen, liquid;0.0;technosphere;RoW;ecoinvent_cutoff_3.9_remind_SSP2-PkBudg500_2035;hydrogen
2138af21cd359a95f9f1a453847c6c31;polarizer, liquid crystals and colour filters production, for liquid crystal display;GLO;polarizer, liquid crystals and colour filters, for liquid crystal display;;market for hydrogen, liquid;3.2211203132000824e-05;kilogram;hydrogen, liquid;0.0;technosphere;RoW;ecoinvent_cutoff_3.9_remind_SSP2-PkBudg500_2035;hydrogen
2138af21cd359a95f9f1a453847c6c31;polarizer, liquid crystals and colour filters production, for liquid crystal display;GLO;polarizer, liquid crystals and colour filters, for liquid crystal display;;market for hydrogen, liquid;7.038796867999175e-06;kilogram;hydrogen, liquid;0.0;technosphere;RER;ecoinvent_cutoff_3.9_remind_SSP2-PkBudg500_2035;hydrogen
24868ee8ebee73e6f0389bdf59a70634;pendimethalin production;RoW;pendimethalin;;market for hydrogen, liquid;0.039847;kilogram;hydrogen, liquid;0.0;technosphere;RoW;ecoinvent_cutoff_3.9_remind_SSP2-PkBudg500_2035;hydrogen
24a51c823e72209bb0bc341a37150ab5;argon production, liquid;RER;argon, liquid;;market for hydrogen, liquid;0.004;kilogram;hydrogen, liquid;0.0;technosphere;RER;ecoinvent_cutoff_3.9_remind_SSP2-PkBudg500_2035;hydrogen
25db6dcc4def1eec67d8b43c2409bd3e;electricity production, nuclear, boiling water reactor;CH;electricity, high voltage;;market for hydrogen, liquid;9.25e-06;kilogram;hydrogen, liquid;0.0;technosphere;RER;ecoinvent_cutoff_3.9_remind_SSP2-PkBudg500_2035;hydrogen
26df5d63281ca67d66ce8647302966c0;uranium production, centrifuge, enriched 3.8%;RoW;uranium, enriched 3.8%, per separative work unit;;market for hydrogen, liquid;1.77556270096463e-05;kilogram;hydrogen, liquid;0.0;technosphere;RoW;ecoinvent_cutoff_3.9_remind_SSP2-PkBudg500_2035;hydrogen
2873b5326b6902aaed4bc77e3ddea582;1-propanol production;RoW;1-propanol;;market for hydrogen, liquid;0.036854;kilogram;hydrogen, liquid;0.0;technosphere;RoW;ecoinvent_cutoff_3.9_remind_SSP2-PkBudg500_2035;hydrogen
28b0ab5d790ace85a77c687f1aebd10f;hydroformylation of propylene;RoW;isobutanol;;market for hydrogen, liquid;0.05723293663191979;kilogram;hydrogen, liquid;0.0;technosphere;RoW;ecoinvent_cutoff_3.9_remind_SSP2-PkBudg500_2035;hydrogen
291ab996f76ab370918aa75f55c5e1a5;polyethylene production, linear low density, granulate;RoW;polyethylene, linear low density, granulate;;market for hydrogen, liquid;0.000226399889824533;kilogram;hydrogen, liquid;0.0;technosphere;RoW;ecoinvent_cutoff_3.9_remind_SSP2-PkBudg500_2035;hydrogen
2a6c43899b5f1c6566ef4714a8856c5b;primary zinc production from concentrate;RoW;copper, cathode;;market for hydrogen, liquid;0.0010494749766069462;kilogram;hydrogen, liquid;0.0;technosphere;RoW;ecoinvent_cutoff_3.9_remind_SSP2-PkBudg500_2035;hydrogen
2a6c43899b5f1c6566ef4714a8856c5b;primary zinc production from concentrate;RoW;copper, cathode;;market for hydrogen, liquid;0.00022933142696075477;kilogram;hydrogen, liquid;0.0;technosphere;RER;ecoinvent_cutoff_3.9_remind_SSP2-PkBudg500_2035;hydrogen
2a72f1b4daf1443fa364d0b0cce06794;hydrogen sulfide production;RoW;hydrogen sulfide;;market for hydrogen, liquid;0.0691157894736842;kilogram;hydrogen, liquid;0.0;technosphere;RoW;ecoinvent_cutoff_3.9_remind_SSP2-PkBudg500_2035;hydrogen
2abd4212412f173e03149263606f5da3;toluene diisocyanate production;RoW;toluene diisocyanate;;market for hydrogen, liquid;0.06975610234087581;kilogram;hydrogen, liquid;0.0;technosphere;RoW;ecoinvent_cutoff_3.9_remind_SSP2-PkBudg500_2035;hydrogen
2aeaa58cbe37fd3742b2d9297027ead9;cobalt production;GLO;nickel, class 1;;market for hydrogen, liquid;0.014953587592711802;kilogram;hydrogen, liquid;0.0;technosphere;RoW;ecoinvent_cutoff_3.9_remind_SSP2-PkBudg500_2035;hydrogen
2aeaa58cbe37fd3742b2d9297027ead9;cobalt production;GLO;nickel, class 1;;market for hydrogen, liquid;0.003267660170332581;kilogram;hydrogen, liquid;0.0;technosphere;RER;ecoinvent_cutoff_3.9_remind_SSP2-PkBudg500_2035;hydrogen
2aecedb21271c9c3584aaa1b6197e316;electricity production, nuclear, boiling water reactor;DE;electricity, high voltage;;market for hydrogen, liquid;9.71e-06;kilogram;hydrogen, liquid;0.0;technosphere;RER;ecoinvent_cutoff_3.9_remind_SSP2-PkBudg500_2035;hydrogen
2b0b5641b2f648939e1102b452846c0d;silicon production, solar grade, modified Siemens process;APAC;silicon, solar grade;;market for hydrogen, liquid;0.050139;kilogram;hydrogen, liquid;;technosphere;RER;ecoinvent_cutoff_3.9_remind_SSP2-PkBudg500_2035;hydrogen
2c13100fcc7254775da1f8bda0878f5e;benzo[thia]diazole-compound production;RoW;benzo[thia]diazole-compound;;market for hydrogen, liquid;0.0093253;kilogram;hydrogen, liquid;0.0;technosphere;RoW;ecoinvent_cutoff_3.9_remind_SSP2-PkBudg500_2035;hydrogen
2d1eb48da01c5c6cfe6f7cee8ede0c6f;toluene diisocyanate production;RER;toluene diisocyanate;;market for hydrogen, liquid;0.06975610234087581;kilogram;hydrogen, liquid;0.0;technosphere;RER;ecoinvent_cutoff_3.9_remind_SSP2-PkBudg500_2035;hydrogen
2dd2d84dc722640a9e58f0e82940619e;electricity production, nuclear, pressure water reactor, heavy water moderated;CA-NB;electricity, high voltage;;market for hydrogen, liquid;1.28754171301446e-06;kilogram;hydrogen, liquid;0.0;technosphere;RoW;ecoinvent_cutoff_3.9_remind_SSP2-PkBudg500_2035;hydrogen
2e64482b20101b7a8043ee03287707cf;electricity production, nuclear, pressure water reactor, heavy water moderated;CA-ON;electricity, high voltage;;market for hydrogen, liquid;1.28754171301446e-06;kilogram;hydrogen, liquid;0.0;technosphere;RoW;ecoinvent_cutoff_3.9_remind_SSP2-PkBudg500_2035;hydrogen
2f1c7e5e9dbbea46985e6b737ce326c9;primary zinc production from concentrate;RoW;cadmium sludge from zinc electrolysis;;market for hydrogen, liquid;0.0002909173735828785;kilogram;hydrogen, liquid;0.0;technosphere;RoW;ecoinvent_cutoff_3.9_remind_SSP2-PkBudg500_2035;hydrogen
2f1c7e5e9dbbea46985e6b737ce326c9;primary zinc production from concentrate;RoW;cadmium sludge from zinc electrolysis;;market for hydrogen, liquid;6.357130746188668e-05;kilogram;hydrogen, liquid;0.0;technosphere;RER;ecoinvent_cutoff_3.9_remind_SSP2-PkBudg500_2035;hydrogen
2f4ba0f94670070849a05030c40dc7f8;electricity production, nuclear, boiling water reactor;JP;electricity, high voltage;;market for hydrogen, liquid;9.25e-06;kilogram;hydrogen, liquid;0.0;technosphere;RoW;ecoinvent_cutoff_3.9_remind_SSP2-PkBudg500_2035;hydrogen
2fa5112f5afd5bd41cf39c2df257bb01;primary zinc production from concentrate;CA-QC;sulfuric acid;;market for hydrogen, liquid;0.0002485101342048587;kilogram;hydrogen, liquid;0.0;technosphere;RoW;ecoinvent_cutoff_3.9_remind_SSP2-PkBudg500_2035;hydrogen
30a87b29d04d7bbae05b72526f2b072c;electricity production, nuclear, pressure water reactor;CN-ZJ;electricity, high voltage;;market for hydrogen, liquid;1.03e-05;kilogram;hydrogen, liquid;0.0;technosphere;RoW;ecoinvent_cutoff_3.9_remind_SSP2-PkBudg500_2035;hydrogen
31cd3eb03c4442955ac4ce17db9bbf0f;electricity production, nuclear, boiling water reactor;SE;electricity, high voltage;;market for hydrogen, liquid;9.25e-06;kilogram;hydrogen, liquid;0.0;technosphere;RER;ecoinvent_cutoff_3.9_remind_SSP2-PkBudg500_2035;hydrogen
3217b41e4527f66455f533c7414e3caa;isoproturon production;RER;isoproturon;;market for hydrogen, liquid;0.033971;kilogram;hydrogen, liquid;0.0;technosphere;RER;ecoinvent_cutoff_3.9_remind_SSP2-PkBudg500_2035;hydrogen
337e9a691bdbcf9229e493aab99309f2;polyethylene production, low density, granulate;RoW;polyethylene, low density, granulate;;market for hydrogen, liquid;1.6594870007531414e-07;kilogram;hydrogen, liquid;0.0;technosphere;RoW;ecoinvent_cutoff_3.9_remind_SSP2-PkBudg500_2035;hydrogen
33914023871d4648f0bce4738e6cdaaa;propanal production;RoW;propanal;;market for hydrogen, liquid;0.036298;kilogram;hydrogen, liquid;0.0;technosphere;RoW;ecoinvent_cutoff_3.9_remind_SSP2-PkBudg500_2035;hydrogen
33f3f7038ac8d1eb73a110fcd197cc8a;toluene diisocyanate production;RoW;hydrochloric acid, without water, in 30% solution state;;market for hydrogen, liquid;0.005317400963619714;kilogram;hydrogen, liquid;0.0;technosphere;RoW;ecoinvent_cutoff_3.9_remind_SSP2-PkBudg500_2035;hydrogen
349f01260fe8f1044f7aefb20fa3d92e;butane-1,4-diol production;RER;butane-1,4-diol;;market for hydrogen, liquid;0.054;kilogram;hydrogen, liquid;0.0;technosphere;RER;ecoinvent_cutoff_3.9_remind_SSP2-PkBudg500_2035;hydrogen
34d959358311c13e722d76aa8831a987;primary zinc production from concentrate;RoW;copper sulfate;;market for hydrogen, liquid;0.0011079443437892191;kilogram;hydrogen, liquid;0.0;technosphere;RoW;ecoinvent_cutoff_3.9_remind_SSP2-PkBudg500_2035;hydrogen
34d959358311c13e722d76aa8831a987;primary zinc production from concentrate;RoW;copper sulfate;;market for hydrogen, liquid;0.0002421081617169803;kilogram;hydrogen, liquid;0.0;technosphere;RER;ecoinvent_cutoff_3.9_remind_SSP2-PkBudg500_2035;hydrogen
351ff8cf2a3672039b6b6d878c495c70;electricity production, nuclear, pressure water reactor, heavy water moderated;RO;electricity, high voltage;;market for hydrogen, liquid;1.28754171301446e-06;kilogram;hydrogen, liquid;0.0;technosphere;RER;ecoinvent_cutoff_3.9_remind_SSP2-PkBudg500_2035;hydrogen
38b4317187a596b150947a291b2f223d;primary zinc production from concentrate;CA-QC;cadmium sludge from zinc electrolysis;;market for hydrogen, liquid;0.0039047804298086414;kilogram;hydrogen, liquid;0.0;technosphere;RoW;ecoinvent_cutoff_3.9_remind_SSP2-PkBudg500_2035;hydrogen
3962c6614a68a912b1236ea45db763e7;electricity production, nuclear, pressure water reactor;ES;electricity, high voltage;;market for hydrogen, liquid;1.03e-05;kilogram;hydrogen, liquid;0.0;technosphere;RER;ecoinvent_cutoff_3.9_remind_SSP2-PkBudg500_2035;hydrogen
39a5cbd7a3d210d7d845c2426a25eb56;piperidine production;RoW;piperidine;;market for hydrogen, liquid;0.074303;kilogram;hydrogen, liquid;0.0;technosphere;RoW;ecoinvent_cutoff_3.9_remind_SSP2-PkBudg500_2035;hydrogen
3b367f1f9222339e69c9207b603d1438;tungsten carbide powder production;RoW;tungsten carbide powder;;market for hydrogen, gaseous;0.049;kilogram;hydrogen, gaseous;0.0;technosphere;GLO;ecoinvent_cutoff_3.9_remind_SSP2-PkBudg500_2035;hydrogen
3d1aeca0d8ec112efd2aefe5fe9cad26;electricity production, nuclear, pressure water reactor;CN-HA;electricity, high voltage;;market for hydrogen, liquid;1.03e-05;kilogram;hydrogen, liquid;0.0;technosphere;RoW;ecoinvent_cutoff_3.9_remind_SSP2-PkBudg500_2035;hydrogen
3d8dd5bfeb5ed05a5b0f028d0fa8e37a;electricity production, nuclear, boiling water reactor;US-TRE;electricity, high voltage;;market for hydrogen, liquid;9.25e-06;kilogram;hydrogen, liquid;0.0;technosphere;RoW;ecoinvent_cutoff_3.9_remind_SSP2-PkBudg500_2035;hydrogen
3e40f95a45a5b645403308756cd1fdc8;fatty alcohol production, from palm oil;RoW;fatty alcohol;;market for hydrogen, liquid;0.006;kilogram;hydrogen, liquid;0.0;technosphere;RoW;ecoinvent_cutoff_3.9_remind_SSP2-PkBudg500_2035;hydrogen
3eaba31ab13522a1c0a4506ab71ac61d;cobalt production;GLO;copper cake;;market for hydrogen, liquid;0.0030074191869045312;kilogram;hydrogen, liquid;0.0;technosphere;RoW;ecoinvent_cutoff_3.9_remind_SSP2-PkBudg500_2035;hydrogen
3eaba31ab13522a1c0a4506ab71ac61d;cobalt production;GLO;copper cake;;market for hydrogen, liquid;0.000657181685104891;kilogram;hydrogen, liquid;0.0;technosphere;RER;ecoinvent_cutoff_3.9_remind_SSP2-PkBudg500_2035;hydrogen
3eb414cecf71ad39f9b0df5dc57b69c5;electricity production, nuclear, boiling water reactor;GB;electricity, high voltage;;market for hydrogen, liquid;9.25e-06;kilogram;hydrogen, liquid;0.0;technosphere;RER;ecoinvent_cutoff_3.9_remind_SSP2-PkBudg500_2035;hydrogen
3ec8ce8944a25bab2ca14b2619336393;hexamethylenediamine production;RoW;hexamethylenediamine;;market for hydrogen, liquid;0.0184439338597354;kilogram;hydrogen, liquid;0.0;technosphere;RoW;ecoinvent_cutoff_3.9_remind_SSP2-PkBudg500_2035;hydrogen
3ef524654a30a1be0503dd6a412b2b27;electricity production, nuclear, pressure water reactor;BG;electricity, high voltage;;market for hydrogen, liquid;1.03e-05;kilogram;hydrogen, liquid;0.0;technosphere;RER;ecoinvent_cutoff_3.9_remind_SSP2-PkBudg500_2035;hydrogen
3f0e21c3f97eeb8c07d6abe9ecb543ed;benzimidazole-compound production;RoW;benzimidazole-compound;;market for hydrogen, liquid;0.017278;kilogram;hydrogen, liquid;0.0;technosphere;RoW;ecoinvent_cutoff_3.9_remind_SSP2-PkBudg500_2035;hydrogen
3fb1237ad6e94b45be64c4142ee83158;dodecanol production, ziegler process;GLO;dodecanol;;market for hydrogen, liquid;0.02803680713865958;kilogram;hydrogen, liquid;0.0;technosphere;RoW;ecoinvent_cutoff_3.9_remind_SSP2-PkBudg500_2035;hydrogen
3fb1237ad6e94b45be64c4142ee83158;dodecanol production, ziegler process;GLO;dodecanol;;market for hydrogen, liquid;0.0061266072387168155;kilogram;hydrogen, liquid;0.0;technosphere;RER;ecoinvent_cutoff_3.9_remind_SSP2-PkBudg500_2035;hydrogen
410e1172924f0e44d18957c79c83c5e9;diazole-compound production;RoW;diazole-compound;;market for hydrogen, liquid;0.010914;kilogram;hydrogen, liquid;0.0;technosphere;RoW;ecoinvent_cutoff_3.9_remind_SSP2-PkBudg500_2035;hydrogen
425826030fefa892d87451d9217bef38;diazole-compound production;RER;diazole-compound;;market for hydrogen, liquid;0.010914;kilogram;hydrogen, liquid;0.0;technosphere;RER;ecoinvent_cutoff_3.9_remind_SSP2-PkBudg500_2035;hydrogen
4276518d8e93ef65a435b1ef4a8101aa;uranium production, centrifuge, enriched 4.0%;RU;uranium, enriched 4.0%, per separative work unit;;market for hydrogen, liquid;1.8054687105834855e-05;kilogram;hydrogen, liquid;0.0;technosphere;RoW;ecoinvent_cutoff_3.9_remind_SSP2-PkBudg500_2035;hydrogen
4276518d8e93ef65a435b1ef4a8101aa;uranium production, centrifuge, enriched 4.0%;RU;uranium, enriched 4.0%, per separative work unit;;market for hydrogen, liquid;3.945312894165143e-06;kilogram;hydrogen, liquid;0.0;technosphere;RER;ecoinvent_cutoff_3.9_remind_SSP2-PkBudg500_2035;hydrogen
441a104c76c6fb00308a8e03c154b462;anthranilic acid production;RER;anthranilic acid;;market for hydrogen, liquid;0.046101;kilogram;hydrogen, liquid;0.0;technosphere;RER;ecoinvent_cutoff_3.9_remind_SSP2-PkBudg500_2035;hydrogen
4503f85b8e62c3529e74f5c7cfadb155;flat glass production, uncoated;RER;flat glass, uncoated;;market for hydrogen, liquid;3.6e-06;kilogram;hydrogen, liquid;0.0;technosphere;RER;ecoinvent_cutoff_3.9_remind_SSP2-PkBudg500_2035;hydrogen
4560c57a2a2603685335e884b8a95c57;electricity production, nuclear, boiling water reactor;US-WECC;electricity, high voltage;;market for hydrogen, liquid;9.25e-06;kilogram;hydrogen, liquid;0.0;technosphere;RoW;ecoinvent_cutoff_3.9_remind_SSP2-PkBudg500_2035;hydrogen
484ed4ed4737fac9849242b16d5a23c7;photovoltaic laminate production, a-Si;US;photovoltaic laminate, a-Si;;market for hydrogen, liquid;0.02185;kilogram;hydrogen, liquid;0.0;technosphere;RoW;ecoinvent_cutoff_3.9_remind_SSP2-PkBudg500_2035;hydrogen
48b47a5534629fa91008788dbafd1392;electricity production, nuclear, pressure water reactor;US-SERC;electricity, high voltage;;market for hydrogen, liquid;1.03e-05;kilogram;hydrogen, liquid;0.0;technosphere;RoW;ecoinvent_cutoff_3.9_remind_SSP2-PkBudg500_2035;hydrogen
48ff26f27817072f40d40f1adfe88654;uranium production, centrifuge, enriched 3.8%;RU;uranium, enriched 3.8%, per separative work unit;;market for hydrogen, liquid;1.8054687105834855e-05;kilogram;hydrogen, liquid;0.0;technosphere;RoW;ecoinvent_cutoff_3.9_remind_SSP2-PkBudg500_2035;hydrogen
48ff26f27817072f40d40f1adfe88654;uranium production, centrifuge, enriched 3.8%;RU;uranium, enriched 3.8%, per separative work unit;;market for hydrogen, liquid;3.945312894165143e-06;kilogram;hydrogen, liquid;0.0;technosphere;RER;ecoinvent_cutoff_3.9_remind_SSP2-PkBudg500_2035;hydrogen
49395af5abbb49bb471bb7cf7b0dae39;electricity production, nuclear, pressure water reactor, heavy water moderated;JP;electricity, high voltage;;market for hydrogen, liquid;1.28754171301446e-06;kilogram;hydrogen, liquid;0.0;technosphere;RoW;ecoinvent_cutoff_3.9_remind_SSP2-PkBudg500_2035;hydrogen
4a37e0a0c8dacfc938e8c4a1addb7754;dinitroaniline-compound production;RER;dinitroaniline-compound;;market for hydrogen, liquid;0.019923;kilogram;hydrogen, liquid;0.0;technosphere;RER;ecoinvent_cutoff_3.9_remind_SSP2-PkBudg500_2035;hydrogen
4a9511e60bd8fcb7b5f4b890b6b88319;[thio]carbamate-compound production;RoW;[thio]carbamate-compound;;market for hydrogen, liquid;0.0074057;kilogram;hydrogen, liquid;0.0;technosphere;RoW;ecoinvent_cutoff_3.9_remind_SSP2-PkBudg500_2035;hydrogen
4ae423b78880269dda62d79b10fb2f5d;4-tert-butylbenzaldehyde production;RER;4-tert-butylbenzaldehyde;;market for hydrogen, liquid;0.012995;kilogram;hydrogen, liquid;0.0;technosphere;RER;ecoinvent_cutoff_3.9_remind_SSP2-PkBudg500_2035;hydrogen
4bc2260fbf4bfb3b4cd71701e007786e;ascorbic acid production;RoW;ascorbic acid;;market for hydrogen, liquid;0.0120480787119149;kilogram;hydrogen, liquid;0.0;technosphere;RoW;ecoinvent_cutoff_3.9_remind_SSP2-PkBudg500_2035;hydrogen
4dcf4c7bf4b266d62e2e0e5e2c901c77;polyethylene production, linear low density, granulate;RER;polyethylene, linear low density, granulate;;market for hydrogen, liquid;0.000226399889824533;kilogram;hydrogen, liquid;0.0;technosphere;RER;ecoinvent_cutoff_3.9_remind_SSP2-PkBudg500_2035;hydrogen
4eb0f022a4b7fa79fbdcae9104b0a06c;aniline production;RER;aniline;;market for hydrogen, liquid;0.07;kilogram;hydrogen, liquid;0.0;technosphere;RER;ecoinvent_cutoff_3.9_remind_SSP2-PkBudg500_2035;hydrogen
4ef5ea3e7cfd0142d8ae2f0d8d3953d6;daminozide production;GLO;daminozide;;market for hydrogen, liquid;0.013040545364429801;kilogram;hydrogen, liquid;0.0;technosphere;RoW;ecoinvent_cutoff_3.9_remind_SSP2-PkBudg500_2035;hydrogen
4ef5ea3e7cfd0142d8ae2f0d8d3953d6;daminozide production;GLO;daminozide;;market for hydrogen, liquid;0.0028496218999333003;kilogram;hydrogen, liquid;0.0;technosphere;RER;ecoinvent_cutoff_3.9_remind_SSP2-PkBudg500_2035;hydrogen
4f9cbdcf01f7b8f283a28e50f0207ca1;ascorbic acid production;RER;ascorbic acid;;market for hydrogen, liquid;0.0120480787119149;kilogram;hydrogen, liquid;0.0;technosphere;RER;ecoinvent_cutoff_3.9_remind_SSP2-PkBudg500_2035;hydrogen
50b648bf9e58e889abb0b94f1ffca643;electricity production, nuclear, pressure water reactor;UA;electricity, high voltage;;market for hydrogen, liquid;1.07508417508e-05;kilogram;hydrogen, liquid;0.0;technosphere;RER;ecoinvent_cutoff_3.9_remind_SSP2-PkBudg500_2035;hydrogen
513b8c447914ae1a34c86d1aad207d64;uranium production, centrifuge, enriched 3.9%;GB;uranium, enriched 3.9%, per separative work unit;;market for hydrogen, liquid;1.1e-05;kilogram;hydrogen, liquid;0.0;technosphere;RER;ecoinvent_cutoff_3.9_remind_SSP2-PkBudg500_2035;hydrogen
527444623ffd1e29849b5965aa4d9b7b;hydrochloric acid production, from the reaction of hydrogen with chlorine;RER;hydrochloric acid, without water, in 30% solution state;;market for hydrogen, liquid;0.027;kilogram;hydrogen, liquid;0.0;technosphere;RER;ecoinvent_cutoff_3.9_remind_SSP2-PkBudg500_2035;hydrogen
5297e9aad80e5c558f6c2111a839a022;o-aminophenol production;RER;o-aminophenol;;market for hydrogen, liquid;0.057943;kilogram;hydrogen, liquid;0.0;technosphere;RER;ecoinvent_cutoff_3.9_remind_SSP2-PkBudg500_2035;hydrogen
535dd24a750191a4022663db71f88a4f;hydrogen sulfide production;RER;hydrogen sulfide;;market for hydrogen, liquid;0.0691157894736842;kilogram;hydrogen, liquid;0.0;technosphere;RER;ecoinvent_cutoff_3.9_remind_SSP2-PkBudg500_2035;hydrogen
5367e00a48c6b150866aa31205f61c58;primary zinc production from concentrate;RoW;cadmium;;market for hydrogen, liquid;0.00036364671697859744;kilogram;hydrogen, liquid;0.0;technosphere;RoW;ecoinvent_cutoff_3.9_remind_SSP2-PkBudg500_2035;hydrogen
5367e00a48c6b150866aa31205f61c58;primary zinc production from concentrate;RoW;cadmium;;market for hydrogen, liquid;7.94641343273582e-05;kilogram;hydrogen, liquid;0.0;technosphere;RER;ecoinvent_cutoff_3.9_remind_SSP2-PkBudg500_2035;hydrogen
53dca4202569564d0e6490b82d0dacdc;phthalimide-compound production;RoW;phthalimide-compound;;market for hydrogen, liquid;0.005665;kilogram;hydrogen, liquid;0.0;technosphere;RoW;ecoinvent_cutoff_3.9_remind_SSP2-PkBudg500_2035;hydrogen
53e5d27e43c4ada912a48c121142449d;uranium production, centrifuge, enriched 4.2%;RU;uranium, enriched 4.2%, per separative work unit;;market for hydrogen, liquid;1.8054687105834855e-05;kilogram;hydrogen, liquid;0.0;technosphere;RoW;ecoinvent_cutoff_3.9_remind_SSP2-PkBudg500_2035;hydrogen
53e5d27e43c4ada912a48c121142449d;uranium production, centrifuge, enriched 4.2%;RU;uranium, enriched 4.2%, per separative work unit;;market for hydrogen, liquid;3.945312894165143e-06;kilogram;hydrogen, liquid;0.0;technosphere;RER;ecoinvent_cutoff_3.9_remind_SSP2-PkBudg500_2035;hydrogen
5492477a371208919c48ed644af4fb3a;diode production, auxilliaries and energy use;GLO;diode, auxilliaries and energy use;;market for hydrogen, liquid;0.07386008361477896;kilogram;hydrogen, liquid;0.0;technosphere;RoW;ecoinvent_cutoff_3.9_remind_SSP2-PkBudg500_2035;hydrogen
5492477a371208919c48ed644af4fb3a;diode production, auxilliaries and energy use;GLO;diode, auxilliaries and energy use;;market for hydrogen, liquid;0.01613991638522104;kilogram;hydrogen, liquid;0.0;technosphere;RER;ecoinvent_cutoff_3.9_remind_SSP2-PkBudg500_2035;hydrogen
5629bfe26f5146e7bc98f16a294bcb45;uranium, enriched 4.8%, at URENCO enrichment plant;RER;uranium, enriched 4.8%, at URENCO enrichment plant;;market for hydrogen, liquid;1.1e-05;kilogram;hydrogen, liquid;;technosphere;RER;ecoinvent_cutoff_3.9_remind_SSP2-PkBudg500_2035;hydrogen
569c9e1f44a3102255b82538d269571c;cobalt production;GLO;copper concentrate, sulfide ore;;market for hydrogen, liquid;0.0010405726441978626;kilogram;hydrogen, liquid;0.0;technosphere;RoW;ecoinvent_cutoff_3.9_remind_SSP2-PkBudg500_2035;hydrogen
569c9e1f44a3102255b82538d269571c;cobalt production;GLO;copper concentrate, sulfide ore;;market for hydrogen, liquid;0.00022738608796729466;kilogram;hydrogen, liquid;0.0;technosphere;RER;ecoinvent_cutoff_3.9_remind_SSP2-PkBudg500_2035;hydrogen
57eee23197d6d1fbf4bdf8bc9b1d2ebb;cobalt production;GLO;copper, cathode;;market for hydrogen, liquid;0.0044226752748596065;kilogram;hydrogen, liquid;0.0;technosphere;RoW;ecoinvent_cutoff_3.9_remind_SSP2-PkBudg500_2035;hydrogen
57eee23197d6d1fbf4bdf8bc9b1d2ebb;cobalt production;GLO;copper, cathode;;market for hydrogen, liquid;0.0009664436545660164;kilogram;hydrogen, liquid;0.0;technosphere;RER;ecoinvent_cutoff_3.9_remind_SSP2-PkBudg500_2035;hydrogen
5913b47af26820aa56acc9cad1034f1a;toluene diisocyanate production;RER;hydrochloric acid, without water, in 30% solution state;;market for hydrogen, liquid;0.005317400963619714;kilogram;hydrogen, liquid;0.0;technosphere;RER;ecoinvent_cutoff_3.9_remind_SSP2-PkBudg500_2035;hydrogen
59178706f4b84902abc1b743fdc1d7bb;electricity production, Evolutionary Power Reactor (EPR);FR;electricity, high voltage;;market for hydrogen, liquid;9.57e-06;kilogram;hydrogen, liquid;;technosphere;RER;ecoinvent_cutoff_3.9_remind_SSP2-PkBudg500_2035;hydrogen
5928af0ba26d09c5fb56c845ecd91ccb;electricity production, nuclear, pressure water reactor;CN-LN;electricity, high voltage;;market for hydrogen, liquid;1.03e-05;kilogram;hydrogen, liquid;0.0;technosphere;RoW;ecoinvent_cutoff_3.9_remind_SSP2-PkBudg500_2035;hydrogen
59a7410ad22a42c69a28e46a4a6dc484;photovoltaic laminate, micro-Si, at plant;CN;photovoltaic laminate, micro-Si, at plant;;market for hydrogen, liquid;0.033929;kilogram;hydrogen, liquid;;technosphere;RER;ecoinvent_cutoff_3.9_remind_SSP2-PkBudg500_2035;hydrogen
5a19be8ebfd722643b6e2cecd9cd20c3;cobalt production;GLO;ammonium sulfate;;market for hydrogen, liquid;0.0004706230094913582;kilogram;hydrogen, liquid;0.0;technosphere;RoW;ecoinvent_cutoff_3.9_remind_SSP2-PkBudg500_2035;hydrogen
5a19be8ebfd722643b6e2cecd9cd20c3;cobalt production;GLO;ammonium sulfate;;market for hydrogen, liquid;0.0001028406095742861;kilogram;hydrogen, liquid;0.0;technosphere;RER;ecoinvent_cutoff_3.9_remind_SSP2-PkBudg500_2035;hydrogen
5a830628e97d4bbac264b8c605dfbd4b;electricity production, nuclear, pressure water reactor, heavy water moderated;IN-UP;electricity, high voltage;;market for hydrogen, liquid;1.28754171301446e-06;kilogram;hydrogen, liquid;0.0;technosphere;RoW;ecoinvent_cutoff_3.9_remind_SSP2-PkBudg500_2035;hydrogen
5aeb3fbb68351b44f49852bd4886de38;uranium production, centrifuge, enriched 4.0%;RoW;uranium, enriched 4.0%, per separative work unit;;market for hydrogen, liquid;1.73846153846154e-05;kilogram;hydrogen, liquid;0.0;technosphere;RoW;ecoinvent_cutoff_3.9_remind_SSP2-PkBudg500_2035;hydrogen
5afe5a418d7bb6745dfa980eca9e8235;aniline production;RoW;aniline;;market for hydrogen, liquid;0.07;kilogram;hydrogen, liquid;0.0;technosphere;RoW;ecoinvent_cutoff_3.9_remind_SSP2-PkBudg500_2035;hydrogen
5c8c78c2b6d57f54110263b86827b9de;succinic acid production;GLO;succinic acid;;market for hydrogen, liquid;0.014746808099576264;kilogram;hydrogen, liquid;0.0;technosphere;RoW;ecoinvent_cutoff_3.9_remind_SSP2-PkBudg500_2035;hydrogen
5c8c78c2b6d57f54110263b86827b9de;succinic acid production;GLO;succinic acid;;market for hydrogen, liquid;0.003222474684938435;kilogram;hydrogen, liquid;0.0;technosphere;RER;ecoinvent_cutoff_3.9_remind_SSP2-PkBudg500_2035;hydrogen
5c95c7696351df9034836a1877c75096;dipropyl amine production;RER;dipropyl amine;;market for hydrogen, liquid;0.041688;kilogram;hydrogen, liquid;0.0;technosphere;RER;ecoinvent_cutoff_3.9_remind_SSP2-PkBudg500_2035;hydrogen
5cad186c03c70e699688c730c73a8de2;piperidine production;RER;piperidine;;market for hydrogen, liquid;0.074303;kilogram;hydrogen, liquid;0.0;technosphere;RER;ecoinvent_cutoff_3.9_remind_SSP2-PkBudg500_2035;hydrogen
5e0f655088b6a18e921b162514d9b224;hydrogen peroxide production, product in 50% solution state;RoW;hydrogen peroxide, without water, in 50% solution state;;market for hydrogen, liquid;0.0656;kilogram;hydrogen, liquid;0.0;technosphere;RoW;ecoinvent_cutoff_3.9_remind_SSP2-PkBudg500_2035;hydrogen
6175b2df9656437aa94846ae62ad8fcd;propanal production;RER;propanal;;market for hydrogen, liquid;0.036298;kilogram;hydrogen, liquid;0.0;technosphere;RER;ecoinvent_cutoff_3.9_remind_SSP2-PkBudg500_2035;hydrogen
626bb42157250c1a170bb512af5da724;argon production, liquid;RoW;argon, liquid;;market for hydrogen, liquid;0.004;kilogram;hydrogen, liquid;0.0;technosphere;RoW;ecoinvent_cutoff_3.9_remind_SSP2-PkBudg500_2035;hydrogen
6391da3313f16825ff49f364cb3e0417;electricity production, nuclear, boiling water reactor;US-MRO;electricity, high voltage;;market for hydrogen, liquid;9.25e-06;kilogram;hydrogen, liquid;0.0;technosphere;RoW;ecoinvent_cutoff_3.9_remind_SSP2-PkBudg500_2035;hydrogen
648da6fa822261c38e2d4d808fcb4eeb;uranium production, centrifuge, enriched 3.0%;RoW;uranium, enriched 3.0%, per separative work unit;;market for hydrogen, liquid;1.77556270096463e-05;kilogram;hydrogen, liquid;0.0;technosphere;RoW;ecoinvent_cutoff_3.9_remind_SSP2-PkBudg500_2035;hydrogen
64e9bd219bae911e9fb2cb4467ac88a1;1-propanol production;RER;1-propanol;;market for hydrogen, liquid;0.036854;kilogram;hydrogen, liquid;0.0;technosphere;RER;ecoinvent_cutoff_3.9_remind_SSP2-PkBudg500_2035;hydrogen
6816483bfa4623c1237d46282a641353;primary zinc production from concentrate;RoW;sulfur dioxide, liquid;;market for hydrogen, liquid;3.849886181336543e-05;kilogram;hydrogen, liquid;0.0;technosphere;RoW;ecoinvent_cutoff_3.9_remind_SSP2-PkBudg500_2035;hydrogen
6816483bfa4623c1237d46282a641353;primary zinc production from concentrate;RoW;sulfur dioxide, liquid;;market for hydrogen, liquid;8.412776972128492e-06;kilogram;hydrogen, liquid;0.0;technosphere;RER;ecoinvent_cutoff_3.9_remind_SSP2-PkBudg500_2035;hydrogen
698dd5d61fe0262b6eab89b7b71bd75c;electricity production, nuclear, pressure water reactor, heavy water moderated;IN-MH;electricity, high voltage;;market for hydrogen, liquid;1.28754171301446e-06;kilogram;hydrogen, liquid;0.0;technosphere;RoW;ecoinvent_cutoff_3.9_remind_SSP2-PkBudg500_2035;hydrogen
699693bb7436efc7111d74910a76630c;polypropylene production, granulate;RoW;polypropylene, granulate;;market for hydrogen, liquid;0.000195130332663387;kilogram;hydrogen, liquid;0.0;technosphere;RoW;ecoinvent_cutoff_3.9_remind_SSP2-PkBudg500_2035;hydrogen
69a671e588339e114ce4689b19e632f3;pyridazine-compound production;RoW;pyridazine-compound;;market for hydrogen, liquid;0.0093253;kilogram;hydrogen, liquid;0.0;technosphere;RoW;ecoinvent_cutoff_3.9_remind_SSP2-PkBudg500_2035;hydrogen
69b1ec384542ab5dba1488fe5f9be805;[sulfonyl]urea-compound production;RoW;[sulfonyl]urea-compound;;market for hydrogen, liquid;0.014446;kilogram;hydrogen, liquid;0.0;technosphere;RoW;ecoinvent_cutoff_3.9_remind_SSP2-PkBudg500_2035;hydrogen
6b3c9cc114b2ab9e16abcedf96079d0f;cobalt production;GLO;ferronickel;;market for hydrogen, liquid;0.0052337556574491234;kilogram;hydrogen, liquid;0.0;technosphere;RoW;ecoinvent_cutoff_3.9_remind_SSP2-PkBudg500_2035;hydrogen
6b3c9cc114b2ab9e16abcedf96079d0f;cobalt production;GLO;ferronickel;;market for hydrogen, liquid;0.0011436810596164016;kilogram;hydrogen, liquid;0.0;technosphere;RER;ecoinvent_cutoff_3.9_remind_SSP2-PkBudg500_2035;hydrogen
6b6ab076469e91ae2847e16986f1d788;electrode production, positive, LaNi5;GLO;electrode, positive, LaNi5;;market for hydrogen, liquid;0.5783244547037193;kilogram;hydrogen, liquid;0.0;technosphere;RoW;ecoinvent_cutoff_3.9_remind_SSP2-PkBudg500_2035;hydrogen
6b6ab076469e91ae2847e16986f1d788;electrode production, positive, LaNi5;GLO;electrode, positive, LaNi5;;market for hydrogen, liquid;0.12637554529628076;kilogram;hydrogen, liquid;0.0;technosphere;RER;ecoinvent_cutoff_3.9_remind_SSP2-PkBudg500_2035;hydrogen
6d3da79235e5ae81b46961a6fcd00c8a;uranium production, centrifuge, enriched 4.2%;DE;uranium, enriched 4.2%, per separative work unit;;market for hydrogen, liquid;1.1e-05;kilogram;hydrogen, liquid;0.0;technosphere;RER;ecoinvent_cutoff_3.9_remind_SSP2-PkBudg500_2035;hydrogen
6d54d5c63081ce3b7aa613def40c23cf;pendimethalin production;RER;pendimethalin;;market for hydrogen, liquid;0.039847;kilogram;hydrogen, liquid;0.0;technosphere;RER;ecoinvent_cutoff_3.9_remind_SSP2-PkBudg500_2035;hydrogen
6d9bd6fb795e1454edd7391eef708ec1;uranium production, centrifuge, enriched 4.2%;NL;uranium, enriched 4.2%, per separative work unit;;market for hydrogen, liquid;1.1e-05;kilogram;hydrogen, liquid;0.0;technosphere;RER;ecoinvent_cutoff_3.9_remind_SSP2-PkBudg500_2035;hydrogen
6e15bcee03dd0bcd9a9f7c82472c093c;electricity production, nuclear, pressure water reactor, heavy water moderated;AR;electricity, high voltage;;market for hydrogen, liquid;1.28754171301446e-06;kilogram;hydrogen, liquid;0.0;technosphere;RoW;ecoinvent_cutoff_3.9_remind_SSP2-PkBudg500_2035;hydrogen
70385b6906939453cf390376e22eee01;primary zinc production from concentrate;RoW;lead concentrate;;market for hydrogen, liquid;0.00011050054993759849;kilogram;hydrogen, liquid;0.0;technosphere;RoW;ecoinvent_cutoff_3.9_remind_SSP2-PkBudg500_2035;hydrogen
70385b6906939453cf390376e22eee01;primary zinc production from concentrate;RoW;lead concentrate;;market for hydrogen, liquid;2.414659650015506e-05;kilogram;hydrogen, liquid;0.0;technosphere;RER;ecoinvent_cutoff_3.9_remind_SSP2-PkBudg500_2035;hydrogen
725d088a430c4aa4926bc5e2f64e1d9a;electricity production, nuclear, pressure water reactor;CN-SD;electricity, high voltage;;market for hydrogen, liquid;1.03e-05;kilogram;hydrogen, liquid;0.0;technosphere;RoW;ecoinvent_cutoff_3.9_remind_SSP2-PkBudg500_2035;hydrogen
72a62a903cd7636fcd3f739bc874de27;primary zinc production from concentrate;RoW;indium rich leaching residues, from zinc production;;market for hydrogen, liquid;1.263703097690621e-06;kilogram;hydrogen, liquid;0.0;technosphere;RoW;ecoinvent_cutoff_3.9_remind_SSP2-PkBudg500_2035;hydrogen
72a62a903cd7636fcd3f739bc874de27;primary zinc production from concentrate;RoW;indium rich leaching residues, from zinc production;;market for hydrogen, liquid;2.76144587634752e-07;kilogram;hydrogen, liquid;0.0;technosphere;RER;ecoinvent_cutoff_3.9_remind_SSP2-PkBudg500_2035;hydrogen
730fa041022d4059a408a6de8ff0e791;uranium, enriched 4.8%, at centrifuge enrichment plant;FR;uranium, enriched 4.8%, at centrifuge enrichment plant;;market for hydrogen, liquid;1.1e-05;kilogram;hydrogen, liquid;;technosphere;RER;ecoinvent_cutoff_3.9_remind_SSP2-PkBudg500_2035;hydrogen
7507e303d8b52c507971778a50369199;cobalt production;GLO;sulfuric acid;;market for hydrogen, liquid;7.802434104725147e-05;kilogram;hydrogen, liquid;0.0;technosphere;RoW;ecoinvent_cutoff_3.9_remind_SSP2-PkBudg500_2035;hydrogen
7507e303d8b52c507971778a50369199;cobalt production;GLO;sulfuric acid;;market for hydrogen, liquid;1.7049890534684273e-05;kilogram;hydrogen, liquid;0.0;technosphere;RER;ecoinvent_cutoff_3.9_remind_SSP2-PkBudg500_2035;hydrogen
753b1f6a2e5db1681f769c48a96d6879;electricity production, nuclear, boiling water reactor;US-SERC;electricity, high voltage;;market for hydrogen, liquid;9.25e-06;kilogram;hydrogen, liquid;0.0;technosphere;RoW;ecoinvent_cutoff_3.9_remind_SSP2-PkBudg500_2035;hydrogen
75e01c373075bad6ffbfa16e401f27b0;uranium production, centrifuge, enriched 3.8%;NL;uranium, enriched 3.8%, per separative work unit;;market for hydrogen, liquid;1.1e-05;kilogram;hydrogen, liquid;0.0;technosphere;RER;ecoinvent_cutoff_3.9_remind_SSP2-PkBudg500_2035;hydrogen
76caecb4f034e051b24411b2037db4a1;silicon production, solar grade, modified Siemens process;RoW;silicon, solar grade;;market for hydrogen, liquid;0.050139;kilogram;hydrogen, liquid;0.0;technosphere;RoW;ecoinvent_cutoff_3.9_remind_SSP2-PkBudg500_2035;hydrogen
7717fde6f4f1534ccc48fcaf044d9c09;electricity production, nuclear, pressure water reactor, heavy water moderated;RoW;electricity, high voltage;;market for hydrogen, liquid;1.28754171301446e-06;kilogram;hydrogen, liquid;0.0;technosphere;RoW;ecoinvent_cutoff_3.9_remind_SSP2-PkBudg500_2035;hydrogen
77df540a6971adbc97a50cb2216acb4c;pesticide production, unspecified;RoW;pesticide, unspecified;;market for hydrogen, liquid;0.00699;kilogram;hydrogen, liquid;0.0;technosphere;RoW;ecoinvent_cutoff_3.9_remind_SSP2-PkBudg500_2035;hydrogen
77f7e7d18761fe31b0d2772a12879239;primary zinc production from concentrate;RoW;heat, from steam, in chemical industry;;market for hydrogen, liquid;4.234936226661783e-06;kilogram;hydrogen, liquid;0.0;technosphere;RoW;ecoinvent_cutoff_3.9_remind_SSP2-PkBudg500_2035;hydrogen
77f7e7d18761fe31b0d2772a12879239;primary zinc production from concentrate;RoW;heat, from steam, in chemical industry;;market for hydrogen, liquid;9.25418890013116e-07;kilogram;hydrogen, liquid;0.0;technosphere;RER;ecoinvent_cutoff_3.9_remind_SSP2-PkBudg500_2035;hydrogen
78ff89796f6e4668b482d3d7297dac4c;photovoltaic panel, micro-Si, at plant;CN;photovoltaic panel, micro-Si, at plant;;market for hydrogen, liquid;0.033929;kilogram;hydrogen, liquid;;technosphere;RER;ecoinvent_cutoff_3.9_remind_SSP2-PkBudg500_2035;hydrogen
790214d4daa57485bc145d0849ef5584;hydrogen peroxide production, product in 50% solution state;RER;hydrogen peroxide, without water, in 50% solution state;;market for hydrogen, liquid;0.0656;kilogram;hydrogen, liquid;0.0;technosphere;RER;ecoinvent_cutoff_3.9_remind_SSP2-PkBudg500_2035;hydrogen
7abd9d49767fe3c51886b7417b8ca890;cobalt production;GLO;cobalt carbonate;;market for hydrogen, liquid;0.016831923302037685;kilogram;hydrogen, liquid;0.0;technosphere;RoW;ecoinvent_cutoff_3.9_remind_SSP2-PkBudg500_2035;hydrogen
7abd9d49767fe3c51886b7417b8ca890;cobalt production;GLO;cobalt carbonate;;market for hydrogen, liquid;0.0036781143670812626;kilogram;hydrogen, liquid;0.0;technosphere;RER;ecoinvent_cutoff_3.9_remind_SSP2-PkBudg500_2035;hydrogen
7d5525311687b27493b6d616de7f7618;cyclohexane production;RoW;cyclohexane;;market for hydrogen, liquid;0.07;kilogram;hydrogen, liquid;0.0;technosphere;RoW;ecoinvent_cutoff_3.9_remind_SSP2-PkBudg500_2035;hydrogen
7fa7e287f326b898006609f594bea3a8;smelting and refining of nickel concentrate, 16% Ni;GLO;nickel, class 1;;market for hydrogen, liquid;0.0032936732735524958;kilogram;hydrogen, liquid;0.0;technosphere;RoW;ecoinvent_cutoff_3.9_remind_SSP2-PkBudg500_2035;hydrogen
7fa7e287f326b898006609f594bea3a8;smelting and refining of nickel concentrate, 16% Ni;GLO;nickel, class 1;;market for hydrogen, liquid;0.0007197339704167032;kilogram;hydrogen, liquid;0.0;technosphere;RER;ecoinvent_cutoff_3.9_remind_SSP2-PkBudg500_2035;hydrogen
7fd9c8be68a973ed32aa98104dcdf8a5;electricity production, nuclear, pressure water reactor;CZ;electricity, high voltage;;market for hydrogen, liquid;1.03e-05;kilogram;hydrogen, liquid;0.0;technosphere;RER;ecoinvent_cutoff_3.9_remind_SSP2-PkBudg500_2035;hydrogen
81183f4ea509a8d9f1507e53820d6266;electricity production, nuclear, pressure water reactor;TW;electricity, high voltage;;market for hydrogen, liquid;9.61746987952e-06;kilogram;hydrogen, liquid;0.0;technosphere;RoW;ecoinvent_cutoff_3.9_remind_SSP2-PkBudg500_2035;hydrogen
83c7f899c49fcbb0398e062bc96f2e7d;electricity production, nuclear, pressure water reactor;NL;electricity, high voltage;;market for hydrogen, liquid;1.03e-05;kilogram;hydrogen, liquid;0.0;technosphere;RER;ecoinvent_cutoff_3.9_remind_SSP2-PkBudg500_2035;hydrogen
84d36a319a2b5af528e3f37d7af5a1fe;zinc coating, coils;RoW;zinc coat, coils;;market for hydrogen, liquid;0.00192;kilogram;hydrogen, liquid;0.0;technosphere;RoW;ecoinvent_cutoff_3.9_remind_SSP2-PkBudg500_2035;hydrogen
862dddb64aad3f3aa992a33b94111de7;flat glass production, uncoated;RoW;flat glass, uncoated;;market for hydrogen, liquid;3.6e-06;kilogram;hydrogen, liquid;0.0;technosphere;RoW;ecoinvent_cutoff_3.9_remind_SSP2-PkBudg500_2035;hydrogen
872789ceaa2901313d31635a713c100e;polyethylene production, low density, granulate;RER;polyethylene, low density, granulate;;market for hydrogen, liquid;1.6594870007531414e-07;kilogram;hydrogen, liquid;0.0;technosphere;RER;ecoinvent_cutoff_3.9_remind_SSP2-PkBudg500_2035;hydrogen
888a6739bcf1058b3f7f8f446ad469ea;metazachlor production;GLO;metazachlor;;market for hydrogen, liquid;0.018998472929482844;kilogram;hydrogen, liquid;0.0;technosphere;RoW;ecoinvent_cutoff_3.9_remind_SSP2-PkBudg500_2035;hydrogen
888a6739bcf1058b3f7f8f446ad469ea;metazachlor production;GLO;metazachlor;;market for hydrogen, liquid;0.004151549111804457;kilogram;hydrogen, liquid;0.0;technosphere;RER;ecoinvent_cutoff_3.9_remind_SSP2-PkBudg500_2035;hydrogen
8a2b3ec36466ed71c9eb29ba5d5ad7f1;uranium production, centrifuge, enriched 3.9%;DE;uranium, enriched 3.9%, per separative work unit;;market for hydrogen, liquid;1.1e-05;kilogram;hydrogen, liquid;0.0;technosphere;RER;ecoinvent_cutoff_3.9_remind_SSP2-PkBudg500_2035;hydrogen
8a4075c6bb8b4ec6b091110d350bad11;electricity production, Small Modular Reactor (SMR);CH;electricity, high voltage;;market for hydrogen, liquid;1.4008e-05;kilogram;hydrogen, liquid;;technosphere;RER;ecoinvent_cutoff_3.9_remind_SSP2-PkBudg500_2035;hydrogen
8cae80f3dc9ccd28ce0ffcc36326b7f2;electricity production, nuclear, pressure water reactor, heavy water moderated;CA-QC;electricity, high voltage;;market for hydrogen, liquid;1.28754171301446e-06;kilogram;hydrogen, liquid;0.0;technosphere;RoW;ecoinvent_cutoff_3.9_remind_SSP2-PkBudg500_2035;hydrogen
8cb35ce13867e9a4c3b5585ee9759ea9;uranium production, centrifuge, enriched 3.8%;DE;uranium, enriched 3.8%, per separative work unit;;market for hydrogen, liquid;1.1e-05;kilogram;hydrogen, liquid;0.0;technosphere;RER;ecoinvent_cutoff_3.9_remind_SSP2-PkBudg500_2035;hydrogen
8da82bd2f837584fae7361a7ef25cbd6;electricity production, nuclear, pressure water reactor;US-TRE;electricity, high voltage;;market for hydrogen, liquid;1.03e-05;kilogram;hydrogen, liquid;0.0;technosphere;RoW;ecoinvent_cutoff_3.9_remind_SSP2-PkBudg500_2035;hydrogen
8e03136c3daf5325d62689a117849851;electricity production, nuclear, boiling water reactor;US-RFC;electricity, high voltage;;market for hydrogen, liquid;9.25e-06;kilogram;hydrogen, liquid;0.0;technosphere;RoW;ecoinvent_cutoff_3.9_remind_SSP2-PkBudg500_2035;hydrogen
8e693304a8fdc372c0350ac58e086dee;uranium production, centrifuge, enriched 3.9%;NL;uranium, enriched 3.9%, per separative work unit;;market for hydrogen, liquid;1.1e-05;kilogram;hydrogen, liquid;0.0;technosphere;RER;ecoinvent_cutoff_3.9_remind_SSP2-PkBudg500_2035;hydrogen
8ebdcddc3b459d733b720f7fe6c403b7;primary zinc production from concentrate;RoW;cobalt;;market for hydrogen, liquid;0.007792886170928283;kilogram;hydrogen, liquid;0.0;technosphere;RoW;ecoinvent_cutoff_3.9_remind_SSP2-PkBudg500_2035;hydrogen
8ebdcddc3b459d733b720f7fe6c403b7;primary zinc production from concentrate;RoW;cobalt;;market for hydrogen, liquid;0.001702902637564314;kilogram;hydrogen, liquid;0.0;technosphere;RER;ecoinvent_cutoff_3.9_remind_SSP2-PkBudg500_2035;hydrogen
8f1c0beaaf240e33355468cf73aa70ad;hydroformylation of butene;RER;3-methyl-1-butanol;;market for hydrogen, liquid;0.04777089080768634;kilogram;hydrogen, liquid;0.0;technosphere;RER;ecoinvent_cutoff_3.9_remind_SSP2-PkBudg500_2035;hydrogen
8f487834becc284efd9b19f31a0ea30b;[thio]carbamate-compound production;RER;[thio]carbamate-compound;;market for hydrogen, liquid;0.0074057;kilogram;hydrogen, liquid;0.0;technosphere;RER;ecoinvent_cutoff_3.9_remind_SSP2-PkBudg500_2035;hydrogen
905be99bfad5aaf463392fea32728ed4;electricity production, nuclear, pressure water reactor;FI;electricity, high voltage;;market for hydrogen, liquid;1.03e-05;kilogram;hydrogen, liquid;0.0;technosphere;RER;ecoinvent_cutoff_3.9_remind_SSP2-PkBudg500_2035;hydrogen
921528372a208a0cdf4ca9fe2e114c52;electricity production, nuclear, pressure water reactor;RoW;electricity, high voltage;;market for hydrogen, liquid;1.03e-05;kilogram;hydrogen, liquid;0.0;technosphere;RoW;ecoinvent_cutoff_3.9_remind_SSP2-PkBudg500_2035;hydrogen
93948b858a0f6fd5593c2ab559ba0d66;electricity production, nuclear, boiling water reactor;RoW;electricity, high voltage;;market for hydrogen, liquid;9.25e-06;kilogram;hydrogen, liquid;0.0;technosphere;RoW;ecoinvent_cutoff_3.9_remind_SSP2-PkBudg500_2035;hydrogen
93cc73cf7058ca1b760ac0cddc419942;electricity production, nuclear, pressure water reactor;HU;electricity, high voltage;;market for hydrogen, liquid;1.03e-05;kilogram;hydrogen, liquid;0.0;technosphere;RER;ecoinvent_cutoff_3.9_remind_SSP2-PkBudg500_2035;hydrogen
93d8bcc0ebea834e24718311e384d57e;cobalt production;GLO;nickel concentrate, 16% Ni;;market for hydrogen, liquid;0.0021241763061289566;kilogram;hydrogen, liquid;0.0;technosphere;RoW;ecoinvent_cutoff_3.9_remind_SSP2-PkBudg500_2035;hydrogen
93d8bcc0ebea834e24718311e384d57e;cobalt production;GLO;nickel concentrate, 16% Ni;;market for hydrogen, liquid;0.0004641753202880077;kilogram;hydrogen, liquid;0.0;technosphere;RER;ecoinvent_cutoff_3.9_remind_SSP2-PkBudg500_2035;hydrogen
9409305445706558d527b0b5286a2788;cyclohexanol production;RER;cyclohexanol;;market for hydrogen, liquid;0.052;kilogram;hydrogen, liquid;0.0;technosphere;RER;ecoinvent_cutoff_3.9_remind_SSP2-PkBudg500_2035;hydrogen
94617ff7c4beb41835039b3385c120bc;electricity production, nuclear, pressure water reactor;RU;electricity, high voltage;;market for hydrogen, liquid;8.88268350217987e-06;kilogram;hydrogen, liquid;0.0;technosphere;RoW;ecoinvent_cutoff_3.9_remind_SSP2-PkBudg500_2035;hydrogen
94617ff7c4beb41835039b3385c120bc;electricity production, nuclear, pressure water reactor;RU;electricity, high voltage;;market for hydrogen, liquid;1.9410453114201303e-06;kilogram;hydrogen, liquid;0.0;technosphere;RER;ecoinvent_cutoff_3.9_remind_SSP2-PkBudg500_2035;hydrogen
98076223a82c1b94e85037f128e83143;cobalt production;GLO;cobalt;;market for hydrogen, liquid;0.0328489564033985;kilogram;hydrogen, liquid;0.0;technosphere;RoW;ecoinvent_cutoff_3.9_remind_SSP2-PkBudg500_2035;hydrogen
98076223a82c1b94e85037f128e83143;cobalt production;GLO;cobalt;;market for hydrogen, liquid;0.007178158807100745;kilogram;hydrogen, liquid;0.0;technosphere;RER;ecoinvent_cutoff_3.9_remind_SSP2-PkBudg500_2035;hydrogen
9825be9ef54526822e1919b70e11fbf3;uranium production, centrifuge, enriched 3.9%;RoW;uranium, enriched 3.9%, per separative work unit;;market for hydrogen, liquid;1.73846153846154e-05;kilogram;hydrogen, liquid;0.0;technosphere;RoW;ecoinvent_cutoff_3.9_remind_SSP2-PkBudg500_2035;hydrogen
98b9fdda642c075dff36ec5d14833acb;electricity production, nuclear, pressure water reactor;SI;electricity, high voltage;;market for hydrogen, liquid;1.03e-05;kilogram;hydrogen, liquid;0.0;technosphere;RER;ecoinvent_cutoff_3.9_remind_SSP2-PkBudg500_2035;hydrogen
9a03078f4696d5db2e02e1a7a2dea8e8;dimethylaminopropylamine production;RER;dimethylaminopropylamine;;market for hydrogen, liquid;0.0415342811418874;kilogram;hydrogen, liquid;0.0;technosphere;RER;ecoinvent_cutoff_3.9_remind_SSP2-PkBudg500_2035;hydrogen
9a173f507c2ccc5a6d777b49720c2b26;electricity production, nuclear, boiling water reactor;MX;electricity, high voltage;;market for hydrogen, liquid;8.85030864198e-06;kilogram;hydrogen, liquid;0.0;technosphere;RoW;ecoinvent_cutoff_3.9_remind_SSP2-PkBudg500_2035;hydrogen
9abefcff32ed37715c1ae7670335c924;cyclohexane production;RER;cyclohexane;;market for hydrogen, liquid;0.07;kilogram;hydrogen, liquid;0.0;technosphere;RER;ecoinvent_cutoff_3.9_remind_SSP2-PkBudg500_2035;hydrogen
9bbc8273fd70a923588197cd184c4573;electricity production, nuclear, boiling water reactor;RU;electricity, high voltage;;market for hydrogen, liquid;7.977167222800762e-06;kilogram;hydrogen, liquid;0.0;technosphere;RoW;ecoinvent_cutoff_3.9_remind_SSP2-PkBudg500_2035;hydrogen
9bbc8273fd70a923588197cd184c4573;electricity production, nuclear, boiling water reactor;RU;electricity, high voltage;;market for hydrogen, liquid;1.7431717602492392e-06;kilogram;hydrogen, liquid;0.0;technosphere;RER;ecoinvent_cutoff_3.9_remind_SSP2-PkBudg500_2035;hydrogen
9c1caf311aadf89714edb17f42237620;hexamethylenediamine production;RER;hexamethylenediamine;;market for hydrogen, liquid;0.0184439338597354;kilogram;hydrogen, liquid;0.0;technosphere;RER;ecoinvent_cutoff_3.9_remind_SSP2-PkBudg500_2035;hydrogen
9c1e9d5ae9fc4746190b32d9805a9ceb;polyethylene production, high density, granulate;RoW;polyethylene, high density, granulate;;market for hydrogen, liquid;0.000242553751745923;kilogram;hydrogen, liquid;0.0;technosphere;RoW;ecoinvent_cutoff_3.9_remind_SSP2-PkBudg500_2035;hydrogen
9c393df65119d26fac7d3e99428d5fe7;silicon production, electronics grade;DE;silicon tetrachloride;;market for hydrogen, liquid;0.0006428048071175307;kilogram;hydrogen, liquid;0.0;technosphere;RER;ecoinvent_cutoff_3.9_remind_SSP2-PkBudg500_2035;hydrogen
9cbc67c6f6d2de3e27cd323b67ca499a;smelting and refining of nickel concentrate, 16% Ni;GLO;steam, in chemical industry;;market for hydrogen, liquid;4.091814489341451e-06;kilogram;hydrogen, liquid;0.0;technosphere;RoW;ecoinvent_cutoff_3.9_remind_SSP2-PkBudg500_2035;hydrogen
9cbc67c6f6d2de3e27cd323b67ca499a;smelting and refining of nickel concentrate, 16% Ni;GLO;steam, in chemical industry;;market for hydrogen, liquid;8.941439068259114e-07;kilogram;hydrogen, liquid;0.0;technosphere;RER;ecoinvent_cutoff_3.9_remind_SSP2-PkBudg500_2035;hydrogen
9d2335e5f11bbfba71a7e0a5f91991ed;silicon production, electronics grade;RoW;silicon, solar grade;;market for hydrogen, liquid;0.02365521690192513;kilogram;hydrogen, liquid;0.0;technosphere;RoW;ecoinvent_cutoff_3.9_remind_SSP2-PkBudg500_2035;hydrogen
9d93b8ef7d2a8fd9be45e206244e10aa;hydroformylation of butene;RoW;1-pentanol;;market for hydrogen, liquid;0.047770890807686345;kilogram;hydrogen, liquid;0.0;technosphere;RoW;ecoinvent_cutoff_3.9_remind_SSP2-PkBudg500_2035;hydrogen
9dd4407c280ee603aa89c2d948cd11e9;methylcyclohexane production;RoW;methylcyclohexane;;market for hydrogen, liquid;0.068027;kilogram;hydrogen, liquid;0.0;technosphere;RoW;ecoinvent_cutoff_3.9_remind_SSP2-PkBudg500_2035;hydrogen
a134c822abd6f597faa8c78dde28ea49;bipyridylium-compound production;RER;bipyridylium-compound;;market for hydrogen, liquid;0.0093253;kilogram;hydrogen, liquid;0.0;technosphere;RER;ecoinvent_cutoff_3.9_remind_SSP2-PkBudg500_2035;hydrogen
a2c13c0e561126d2b3c9c8df99b58eff;fatty alcohol production, from coconut oil;RoW;fatty alcohol;;market for hydrogen, liquid;0.006;kilogram;hydrogen, liquid;0.0;technosphere;RoW;ecoinvent_cutoff_3.9_remind_SSP2-PkBudg500_2035;hydrogen
a344462f42ad9bfd317059c6a3e0e51f;primary zinc production from concentrate;RoW;ammonium sulfate;;market for hydrogen, liquid;0.00011167608770289209;kilogram;hydrogen, liquid;0.0;technosphere;RoW;ecoinvent_cutoff_3.9_remind_SSP2-PkBudg500_2035;hydrogen
a344462f42ad9bfd317059c6a3e0e51f;primary zinc production from concentrate;RoW;ammonium sulfate;;market for hydrogen, liquid;2.4403475186326922e-05;kilogram;hydrogen, liquid;0.0;technosphere;RER;ecoinvent_cutoff_3.9_remind_SSP2-PkBudg500_2035;hydrogen
a3e1a80fc3e2930d36795bf87e22a83a;cyclohexanol production;RoW;cyclohexanol;;market for hydrogen, liquid;0.052;kilogram;hydrogen, liquid;0.0;technosphere;RoW;ecoinvent_cutoff_3.9_remind_SSP2-PkBudg500_2035;hydrogen
a41a3ead2b970389d542d6a1a11af6ae;dodecanol production, from coconut oil;GLO;dodecanol;;market for hydrogen, liquid;0.01869120475910639;kilogram;hydrogen, liquid;0.0;technosphere;RoW;ecoinvent_cutoff_3.9_remind_SSP2-PkBudg500_2035;hydrogen
a41a3ead2b970389d542d6a1a11af6ae;dodecanol production, from coconut oil;GLO;dodecanol;;market for hydrogen, liquid;0.00408440482581121;kilogram;hydrogen, liquid;0.0;technosphere;RER;ecoinvent_cutoff_3.9_remind_SSP2-PkBudg500_2035;hydrogen
a42e9fdc11d8c57918b7e605d6b42ccb;polyethylene production, low density, granulate;RoW;steam, in chemical industry;;market for hydrogen, liquid;1.9296360473873736e-09;kilogram;hydrogen, liquid;0.0;technosphere;RoW;ecoinvent_cutoff_3.9_remind_SSP2-PkBudg500_2035;hydrogen
a64f14724187cf8c448338ab23184a03;isophorondiisocyanate production;RoW;isophorondiisocyante;;market for hydrogen, liquid;0.0306008371501955;kilogram;hydrogen, liquid;0.0;technosphere;RoW;ecoinvent_cutoff_3.9_remind_SSP2-PkBudg500_2035;hydrogen
a6e1d6a3a26495e05ff02bb46b4f00e3;uranium production, centrifuge, enriched 3.0%;DE;uranium, enriched 3.0%, per separative work unit;;market for hydrogen, liquid;1.1e-05;kilogram;hydrogen, liquid;0.0;technosphere;RER;ecoinvent_cutoff_3.9_remind_SSP2-PkBudg500_2035;hydrogen
a748829b57a7fd953f334bba353a7ffe;cobalt production;GLO;copper, anode;;market for hydrogen, liquid;0.004759489417010322;kilogram;hydrogen, liquid;0.0;technosphere;RoW;ecoinvent_cutoff_3.9_remind_SSP2-PkBudg500_2035;hydrogen
a748829b57a7fd953f334bba353a7ffe;cobalt production;GLO;copper, anode;;market for hydrogen, liquid;0.0010400443306771488;kilogram;hydrogen, liquid;0.0;technosphere;RER;ecoinvent_cutoff_3.9_remind_SSP2-PkBudg500_2035;hydrogen
a75b3a9ce8aa600a419f8073a6ed2abb;prohexadione calcium production;GLO;prohexadione calcium;;market for hydrogen, liquid;0.0077876352197089145;kilogram;hydrogen, liquid;0.0;technosphere;RoW;ecoinvent_cutoff_3.9_remind_SSP2-PkBudg500_2035;hydrogen
a75b3a9ce8aa600a419f8073a6ed2abb;prohexadione calcium production;GLO;prohexadione calcium;;market for hydrogen, liquid;0.001701755198927966;kilogram;hydrogen, liquid;0.0;technosphere;RER;ecoinvent_cutoff_3.9_remind_SSP2-PkBudg500_2035;hydrogen
a7a7ca68163f4e2eb9f404dbc69cd139;electricity production, Evolutionary Power Reactor (EPR);RER;electricity, high voltage;;market for hydrogen, liquid;9.57e-06;kilogram;hydrogen, liquid;;technosphere;RER;ecoinvent_cutoff_3.9_remind_SSP2-PkBudg500_2035;hydrogen
a7b21e2e127b0148ad65b7b111ad8eb0;4-methyl-2-pentanone production;RER;4-methyl-2-pentanone;;market for hydrogen, liquid;0.001026;kilogram;hydrogen, liquid;0.0;technosphere;RER;ecoinvent_cutoff_3.9_remind_SSP2-PkBudg500_2035;hydrogen
a7e572aae9f217c85a733e62a1b5b8b8;benzoic-compound production;RoW;benzoic-compound;;market for hydrogen, liquid;0.0093253;kilogram;hydrogen, liquid;0.0;technosphere;RoW;ecoinvent_cutoff_3.9_remind_SSP2-PkBudg500_2035;hydrogen
a87d34d6e09b002e7c40dcce9c2a85d3;electricity production, nuclear, pressure water reactor;US-NPCC;electricity, high voltage;;market for hydrogen, liquid;1.03e-05;kilogram;hydrogen, liquid;0.0;technosphere;RoW;ecoinvent_cutoff_3.9_remind_SSP2-PkBudg500_2035;hydrogen
a8cdb94a086869b08cae3d3d94ead096;cobalt production;GLO;calcium carbonate, precipitated;;market for hydrogen, liquid;0.0005597936849739314;kilogram;hydrogen, liquid;0.0;technosphere;RoW;ecoinvent_cutoff_3.9_remind_SSP2-PkBudg500_2035;hydrogen
a8cdb94a086869b08cae3d3d94ead096;cobalt production;GLO;calcium carbonate, precipitated;;market for hydrogen, liquid;0.00012232619875678243;kilogram;hydrogen, liquid;0.0;technosphere;RER;ecoinvent_cutoff_3.9_remind_SSP2-PkBudg500_2035;hydrogen
a8d38ee8fe81bb30c0df927a03922b25;silicon production, electronics grade;RoW;silicon tetrachloride;;market for hydrogen, liquid;0.0006428048071175307;kilogram;hydrogen, liquid;0.0;technosphere;RoW;ecoinvent_cutoff_3.9_remind_SSP2-PkBudg500_2035;hydrogen
a9eccc4b1a75f66a7f9332b2c0679b30;electricity production, nuclear, pressure water reactor, heavy water moderated;IN-KA;electricity, high voltage;;market for hydrogen, liquid;1.28754171301446e-06;kilogram;hydrogen, liquid;0.0;technosphere;RoW;ecoinvent_cutoff_3.9_remind_SSP2-PkBudg500_2035;hydrogen
aa3fdf49d11a7fc401903609346074f3;butane-1,4-diol production;RoW;butane-1,4-diol;;market for hydrogen, liquid;0.054;kilogram;hydrogen, liquid;0.0;technosphere;RoW;ecoinvent_cutoff_3.9_remind_SSP2-PkBudg500_2035;hydrogen
aa5053ebcc4ba4811d01ea16e8c53692;uranium production, centrifuge, enriched 3.0%;GB;uranium, enriched 3.0%, per separative work unit;;market for hydrogen, liquid;1.1e-05;kilogram;hydrogen, liquid;0.0;technosphere;RER;ecoinvent_cutoff_3.9_remind_SSP2-PkBudg500_2035;hydrogen
aaa8fb16a829bc2ac257c302cdb0223c;anthranilic acid production;RoW;anthranilic acid;;market for hydrogen, liquid;0.046101;kilogram;hydrogen, liquid;0.0;technosphere;RoW;ecoinvent_cutoff_3.9_remind_SSP2-PkBudg500_2035;hydrogen
aaa9ab9fa25791bc063222427af7e349;electricity production, nuclear, boiling water reactor;US-NPCC;electricity, high voltage;;market for hydrogen, liquid;9.25e-06;kilogram;hydrogen, liquid;0.0;technosphere;RoW;ecoinvent_cutoff_3.9_remind_SSP2-PkBudg500_2035;hydrogen
aaaa0fe89f14425ffc920a5314ee5349;hydroformylation of butene;RER;1-pentanol;;market for hydrogen, liquid;0.047770890807686345;kilogram;hydrogen, liquid;0.0;technosphere;RER;ecoinvent_cutoff_3.9_remind_SSP2-PkBudg500_2035;hydrogen
ab6c4ed2a1061cfa41cf2fb9e50f1a87;paclobutrazol production;GLO;paclobutrazol;;market for hydrogen, liquid;0.006333499926876187;kilogram;hydrogen, liquid;0.0;technosphere;RoW;ecoinvent_cutoff_3.9_remind_SSP2-PkBudg500_2035;hydrogen
ab6c4ed2a1061cfa41cf2fb9e50f1a87;paclobutrazol production;GLO;paclobutrazol;;market for hydrogen, liquid;0.0013839973398721036;kilogram;hydrogen, liquid;0.0;technosphere;RER;ecoinvent_cutoff_3.9_remind_SSP2-PkBudg500_2035;hydrogen
ac60db1195f2445bb70fa9bf63938ddc;electricity production, nuclear, pressure water reactor;US-WECC;electricity, high voltage;;market for hydrogen, liquid;1.03e-05;kilogram;hydrogen, liquid;0.0;technosphere;RoW;ecoinvent_cutoff_3.9_remind_SSP2-PkBudg500_2035;hydrogen
af3ba96fa8f4db0daa255939db6eb48c;electricity production, nuclear, pressure water reactor, heavy water moderated;CN-ZJ;electricity, high voltage;;market for hydrogen, liquid;1.28754171301446e-06;kilogram;hydrogen, liquid;0.0;technosphere;RoW;ecoinvent_cutoff_3.9_remind_SSP2-PkBudg500_2035;hydrogen
afae9a6bf9909b6e29fabc8fdafbecf2;photovoltaic laminate production, a-Si;RoW;photovoltaic laminate, a-Si;;market for hydrogen, liquid;0.017931586966476894;kilogram;hydrogen, liquid;0.0;technosphere;RoW;ecoinvent_cutoff_3.9_remind_SSP2-PkBudg500_2035;hydrogen
afae9a6bf9909b6e29fabc8fdafbecf2;photovoltaic laminate production, a-Si;RoW;photovoltaic laminate, a-Si;;market for hydrogen, liquid;0.003918413033523109;kilogram;hydrogen, liquid;0.0;technosphere;RER;ecoinvent_cutoff_3.9_remind_SSP2-PkBudg500_2035;hydrogen
aff236ce27b9f08c6467a31d7ce6ccaf;acetamide-anillide-compound production, unspecified;RoW;acetamide-anillide-compound, unspecified;;market for hydrogen, liquid;0.021403;kilogram;hydrogen, liquid;0.0;technosphere;RoW;ecoinvent_cutoff_3.9_remind_SSP2-PkBudg500_2035;hydrogen
aff9aca5b98c143a20d999e25b4cb133;cobalt production;GLO;sulfur;;market for hydrogen, liquid;6.833663323360018e-05;kilogram;hydrogen, liquid;0.0;technosphere;RoW;ecoinvent_cutoff_3.9_remind_SSP2-PkBudg500_2035;hydrogen
aff9aca5b98c143a20d999e25b4cb133;cobalt production;GLO;sulfur;;market for hydrogen, liquid;1.4932931191769339e-05;kilogram;hydrogen, liquid;0.0;technosphere;RER;ecoinvent_cutoff_3.9_remind_SSP2-PkBudg500_2035;hydrogen
b11cbd1f688c18e18967d7bb54703592;smelting and refining of nickel concentrate, 16% Ni;GLO;ammonium sulfate;;market for hydrogen, liquid;0.00010365930039665008;kilogram;hydrogen, liquid;0.0;technosphere;RoW;ecoinvent_cutoff_3.9_remind_SSP2-PkBudg500_2035;hydrogen
b11cbd1f688c18e18967d7bb54703592;smelting and refining of nickel concentrate, 16% Ni;GLO;ammonium sulfate;;market for hydrogen, liquid;2.2651645639589752e-05;kilogram;hydrogen, liquid;0.0;technosphere;RER;ecoinvent_cutoff_3.9_remind_SSP2-PkBudg500_2035;hydrogen
b1f6fe04fda149f099b6b6332b956736;acetamide-anillide-compound production, unspecified;RER;acetamide-anillide-compound, unspecified;;market for hydrogen, liquid;0.021403;kilogram;hydrogen, liquid;0.0;technosphere;RER;ecoinvent_cutoff_3.9_remind_SSP2-PkBudg500_2035;hydrogen
b2d4450fa2f1359ed5bafa47c7425fb0;electricity production, nuclear, boiling water reactor;FI;electricity, high voltage;;market for hydrogen, liquid;9.25e-06;kilogram;hydrogen, liquid;0.0;technosphere;RER;ecoinvent_cutoff_3.9_remind_SSP2-PkBudg500_2035;hydrogen
b68e17203bdca0df86a2cd7e2f5eb0b9;o-aminophenol production;RoW;o-aminophenol;;market for hydrogen, liquid;0.057943;kilogram;hydrogen, liquid;0.0;technosphere;RoW;ecoinvent_cutoff_3.9_remind_SSP2-PkBudg500_2035;hydrogen
b74e1cd8f63d08deb2510343706248d3;electricity production, nuclear, pressure water reactor;CH;electricity, high voltage;;market for hydrogen, liquid;1.03e-05;kilogram;hydrogen, liquid;0.0;technosphere;RER;ecoinvent_cutoff_3.9_remind_SSP2-PkBudg500_2035;hydrogen
b93192b5f12eb97abf30d31993ec1fa7;uranium production, centrifuge, enriched 3.0%;NL;uranium, enriched 3.0%, per separative work unit;;market for hydrogen, liquid;1.1e-05;kilogram;hydrogen, liquid;0.0;technosphere;RER;ecoinvent_cutoff_3.9_remind_SSP2-PkBudg500_2035;hydrogen
baacfa40ab20a187d037b569b8a7fca2;electricity production, nuclear, pressure water reactor;GB;electricity, high voltage;;market for hydrogen, liquid;1.03e-05;kilogram;hydrogen, liquid;0.0;technosphere;RER;ecoinvent_cutoff_3.9_remind_SSP2-PkBudg500_2035;hydrogen
bb3c754b24323dc1c840bb5e86a519dc;uranium production, centrifuge, enriched 4.2%;RoW;uranium, enriched 4.2%, per separative work unit;;market for hydrogen, liquid;1.73846153846154e-05;kilogram;hydrogen, liquid;0.0;technosphere;RoW;ecoinvent_cutoff_3.9_remind_SSP2-PkBudg500_2035;hydrogen
bc5fad6c4e8dfcfb8b1fbd4470f1b7af;chlorotoluron production;RoW;chlorotoluron;;market for hydrogen, liquid;0.03301;kilogram;hydrogen, liquid;0.0;technosphere;RoW;ecoinvent_cutoff_3.9_remind_SSP2-PkBudg500_2035;hydrogen
bc8a28df8e3c44522c87a5d12f29aef7;smelting and refining of nickel concentrate, 16% Ni;GLO;copper concentrate, sulfide ore;;market for hydrogen, liquid;0.00022919625716137748;kilogram;hydrogen, liquid;0.0;technosphere;RoW;ecoinvent_cutoff_3.9_remind_SSP2-PkBudg500_2035;hydrogen
bc8a28df8e3c44522c87a5d12f29aef7;smelting and refining of nickel concentrate, 16% Ni;GLO;copper concentrate, sulfide ore;;market for hydrogen, liquid;5.008399998141977e-05;kilogram;hydrogen, liquid;0.0;technosphere;RER;ecoinvent_cutoff_3.9_remind_SSP2-PkBudg500_2035;hydrogen
bc93b0934f8cb69f077096d59db51511;uranium production, centrifuge, enriched 3.0%;RU;uranium, enriched 3.0%, per separative work unit;;market for hydrogen, liquid;1.8054687105834855e-05;kilogram;hydrogen, liquid;0.0;technosphere;RoW;ecoinvent_cutoff_3.9_remind_SSP2-PkBudg500_2035;hydrogen
bc93b0934f8cb69f077096d59db51511;uranium production, centrifuge, enriched 3.0%;RU;uranium, enriched 3.0%, per separative work unit;;market for hydrogen, liquid;3.945312894165143e-06;kilogram;hydrogen, liquid;0.0;technosphere;RER;ecoinvent_cutoff_3.9_remind_SSP2-PkBudg500_2035;hydrogen
bf7bf5ba58cf203fb70c55c52c668d92;silicon production, electronics grade;RoW;silicon, electronics grade;;market for hydrogen, liquid;0.08857850242079573;kilogram;hydrogen, liquid;0.0;technosphere;RoW;ecoinvent_cutoff_3.9_remind_SSP2-PkBudg500_2035;hydrogen
c0f39e67ffb9dfb1a4c8475749dd42b5;electricity production, nuclear, pressure water reactor;SK;electricity, high voltage;;market for hydrogen, liquid;1.03e-05;kilogram;hydrogen, liquid;0.0;technosphere;RER;ecoinvent_cutoff_3.9_remind_SSP2-PkBudg500_2035;hydrogen
c14ba114f21ebb676d55614f72f06ce6;liquid crystal display production, minor components, auxilliaries and assembly effort;GLO;liquid crystal display, minor components, auxilliaries and assembly effort;;market for hydrogen, liquid;0.09488558741711937;kilogram;hydrogen, liquid;0.0;technosphere;RoW;ecoinvent_cutoff_3.9_remind_SSP2-PkBudg500_2035;hydrogen
c14ba114f21ebb676d55614f72f06ce6;liquid crystal display production, minor components, auxilliaries and assembly effort;GLO;liquid crystal display, minor components, auxilliaries and assembly effort;;market for hydrogen, liquid;0.02073441258288063;kilogram;hydrogen, liquid;0.0;technosphere;RER;ecoinvent_cutoff_3.9_remind_SSP2-PkBudg500_2035;hydrogen
c194df27d8142d93cce9723103f64b02;electricity production, nuclear, pressure water reactor;CN-JS;electricity, high voltage;;market for hydrogen, liquid;1.03e-05;kilogram;hydrogen, liquid;0.0;technosphere;RoW;ecoinvent_cutoff_3.9_remind_SSP2-PkBudg500_2035;hydrogen
c1a40682e32d24f5694d3118a847b14a;zinc coating, coils;RER;zinc coat, coils;;market for hydrogen, liquid;0.00192;kilogram;hydrogen, liquid;0.0;technosphere;RER;ecoinvent_cutoff_3.9_remind_SSP2-PkBudg500_2035;hydrogen
c23701861b60bffe48d695b95e209b19;polyethylene production, low density, granulate;RER;steam, in chemical industry;;market for hydrogen, liquid;1.9296360473873736e-09;kilogram;hydrogen, liquid;0.0;technosphere;RER;ecoinvent_cutoff_3.9_remind_SSP2-PkBudg500_2035;hydrogen
c28fea90ce64b01bee44487232ad77bf;primary zinc production from concentrate;RoW;zinc;;market for hydrogen, liquid;0.0003056398189763363;kilogram;hydrogen, liquid;0.0;technosphere;RoW;ecoinvent_cutoff_3.9_remind_SSP2-PkBudg500_2035;hydrogen
c28fea90ce64b01bee44487232ad77bf;primary zinc production from concentrate;RoW;zinc;;market for hydrogen, liquid;6.678845840468422e-05;kilogram;hydrogen, liquid;0.0;technosphere;RER;ecoinvent_cutoff_3.9_remind_SSP2-PkBudg500_2035;hydrogen
c33834ba559bd15238e64516754bc320;uranium production, centrifuge, enriched 4.0%;DE;uranium, enriched 4.0%, per separative work unit;;market for hydrogen, liquid;1.1e-05;kilogram;hydrogen, liquid;0.0;technosphere;RER;ecoinvent_cutoff_3.9_remind_SSP2-PkBudg500_2035;hydrogen
c3c3dc75fad2fc78b65ecc37fba07ca6;vinyl chloride production;RER;vinyl chloride;;market for hydrogen, liquid;0.000155703645256262;kilogram;hydrogen, liquid;0.0;technosphere;RER;ecoinvent_cutoff_3.9_remind_SSP2-PkBudg500_2035;hydrogen
c67ad2936f7a8b1715ce82b512adf58a;dimethylaminopropylamine production;RoW;dimethylaminopropylamine;;market for hydrogen, liquid;0.0415342811418874;kilogram;hydrogen, liquid;0.0;technosphere;RoW;ecoinvent_cutoff_3.9_remind_SSP2-PkBudg500_2035;hydrogen
c67b1c0097123a37e4c1f8931a443829;electricity production, nuclear, pressure water reactor, heavy water moderated;IN-TN;electricity, high voltage;;market for hydrogen, liquid;1.28754171301446e-06;kilogram;hydrogen, liquid;0.0;technosphere;RoW;ecoinvent_cutoff_3.9_remind_SSP2-PkBudg500_2035;hydrogen
c771a791c451bdd925a79a7e53049044;uranium production, centrifuge, enriched 3.9%;RU;uranium, enriched 3.9%, per separative work unit;;market for hydrogen, liquid;1.8054687105834855e-05;kilogram;hydrogen, liquid;0.0;technosphere;RoW;ecoinvent_cutoff_3.9_remind_SSP2-PkBudg500_2035;hydrogen
c771a791c451bdd925a79a7e53049044;uranium production, centrifuge, enriched 3.9%;RU;uranium, enriched 3.9%, per separative work unit;;market for hydrogen, liquid;3.945312894165143e-06;kilogram;hydrogen, liquid;0.0;technosphere;RER;ecoinvent_cutoff_3.9_remind_SSP2-PkBudg500_2035;hydrogen
c80974e3bfc70cbcf8800f17ed90e502;electricity production, nuclear, boiling water reactor;TW;electricity, high voltage;;market for hydrogen, liquid;8.55970149254e-06;kilogram;hydrogen, liquid;0.0;technosphere;RoW;ecoinvent_cutoff_3.9_remind_SSP2-PkBudg500_2035;hydrogen
c8736fedc461e26bbceab5bb6caf9d35;fatty alcohol production, from coconut oil;RER;fatty alcohol;;market for hydrogen, liquid;0.006;kilogram;hydrogen, liquid;0.0;technosphere;RER;ecoinvent_cutoff_3.9_remind_SSP2-PkBudg500_2035;hydrogen
ca444f8a7c0446bc68d91d115befcc31;electricity production, nuclear, pressure water reactor;IN-TN;electricity, high voltage;;market for hydrogen, liquid;1.03e-05;kilogram;hydrogen, liquid;0.0;technosphere;RoW;ecoinvent_cutoff_3.9_remind_SSP2-PkBudg500_2035;hydrogen
cb302e493d0a4956a82da82adba3e263;silane, at plant;RER;silane, at plant;;market for hydrogen, liquid;0.084243;kilogram;hydrogen, liquid;;technosphere;RER;ecoinvent_cutoff_3.9_remind_SSP2-PkBudg500_2035;hydrogen
cb7c9100d12234a257068bf6b81fd094;electricity production, nuclear, pressure water reactor;BR-South-eastern/Mid-western grid;electricity, high voltage;;market for hydrogen, liquid;1.03e-05;kilogram;hydrogen, liquid;0.0;technosphere;RoW;ecoinvent_cutoff_3.9_remind_SSP2-PkBudg500_2035;hydrogen
cbd465406f945a34a876d6dd59a0feb1;uranium production, centrifuge, enriched 3.8%;CN;uranium, enriched 3.8%, per separative work unit;;market for hydrogen, liquid;2.2e-05;kilogram;hydrogen, liquid;0.0;technosphere;RoW;ecoinvent_cutoff_3.9_remind_SSP2-PkBudg500_2035;hydrogen
cc2e08a10b28e6c04fd50d8e17ec0305;cyclic N-compound production;RER;cyclic N-compound;;market for hydrogen, liquid;0.0031451;kilogram;hydrogen, liquid;0.0;technosphere;RER;ecoinvent_cutoff_3.9_remind_SSP2-PkBudg500_2035;hydrogen
cd087ad1e3db177254f9fa90d07627d9;uranium production, centrifuge, enriched 3.8%;GB;uranium, enriched 3.8%, per separative work unit;;market for hydrogen, liquid;1.1e-05;kilogram;hydrogen, liquid;0.0;technosphere;RER;ecoinvent_cutoff_3.9_remind_SSP2-PkBudg500_2035;hydrogen
cdce8e0f071c3bbfb7c7ee3157e9c297;uranium production, centrifuge, enriched 4.0%;GB;uranium, enriched 4.0%, per separative work unit;;market for hydrogen, liquid;1.1e-05;kilogram;hydrogen, liquid;0.0;technosphere;RER;ecoinvent_cutoff_3.9_remind_SSP2-PkBudg500_2035;hydrogen
ce3e9ff29dd8d486fbcc085c536f4363;isoproturon production;RoW;isoproturon;;market for hydrogen, liquid;0.033971;kilogram;hydrogen, liquid;0.0;technosphere;RoW;ecoinvent_cutoff_3.9_remind_SSP2-PkBudg500_2035;hydrogen
ce9d3f1079011c9547a64c8d3c76adc7;primary zinc production from concentrate;RoW;sulfuric acid;;market for hydrogen, liquid;1.851471980337422e-05;kilogram;hydrogen, liquid;0.0;technosphere;RoW;ecoinvent_cutoff_3.9_remind_SSP2-PkBudg500_2035;hydrogen
ce9d3f1079011c9547a64c8d3c76adc7;primary zinc production from concentrate;RoW;sulfuric acid;;market for hydrogen, liquid;4.045839307206833e-06;kilogram;hydrogen, liquid;0.0;technosphere;RER;ecoinvent_cutoff_3.9_remind_SSP2-PkBudg500_2035;hydrogen
cff6b310b4d72657cb3dc4c02f951829;primary zinc production from concentrate;RoW;silver;;market for hydrogen, liquid;0.09532357179564674;kilogram;hydrogen, liquid;0.0;technosphere;RoW;ecoinvent_cutoff_3.9_remind_SSP2-PkBudg500_2035;hydrogen
cff6b310b4d72657cb3dc4c02f951829;primary zinc production from concentrate;RoW;silver;;market for hydrogen, liquid;0.020830120993993912;kilogram;hydrogen, liquid;0.0;technosphere;RER;ecoinvent_cutoff_3.9_remind_SSP2-PkBudg500_2035;hydrogen
d0862b63e9959808531a4a1253046595;dinitroaniline-compound production;RoW;dinitroaniline-compound;;market for hydrogen, liquid;0.019923;kilogram;hydrogen, liquid;0.0;technosphere;RoW;ecoinvent_cutoff_3.9_remind_SSP2-PkBudg500_2035;hydrogen
d0fb92d51769a92c100f9ec422ae86e7;hydroformylation of propylene;RER;isobutanol;;market for hydrogen, liquid;0.05723293663191979;kilogram;hydrogen, liquid;0.0;technosphere;RER;ecoinvent_cutoff_3.9_remind_SSP2-PkBudg500_2035;hydrogen
d127b9dbd3be5355befae48a1635f08e;diphenylether-compound production;RER;diphenylether-compound;;market for hydrogen, liquid;0.0074994;kilogram;hydrogen, liquid;0.0;technosphere;RER;ecoinvent_cutoff_3.9_remind_SSP2-PkBudg500_2035;hydrogen
d1b6a9ff4613453eb5bfd6f30f7cad85;silicon production, solar grade, modified Siemens process;CN;silicon, solar grade;;market for hydrogen, liquid;0.050139;kilogram;hydrogen, liquid;;technosphere;RER;ecoinvent_cutoff_3.9_remind_SSP2-PkBudg500_2035;hydrogen
d258fce47d70e578243b57e74623e6f0;smelting and refining of nickel concentrate, 16% Ni;GLO;sulfuric acid;;market for hydrogen, liquid;1.7185620855234095e-05;kilogram;hydrogen, liquid;0.0;technosphere;RoW;ecoinvent_cutoff_3.9_remind_SSP2-PkBudg500_2035;hydrogen
d258fce47d70e578243b57e74623e6f0;smelting and refining of nickel concentrate, 16% Ni;GLO;sulfuric acid;;market for hydrogen, liquid;3.755404408668828e-06;kilogram;hydrogen, liquid;0.0;technosphere;RER;ecoinvent_cutoff_3.9_remind_SSP2-PkBudg500_2035;hydrogen
d40316f90ec9d740b65160e7a143d81d;dimethyl hexanediol production;GLO;dimethyl hexanediol;;market for hydrogen, liquid;0.023817858105791418;kilogram;hydrogen, liquid;0.0;technosphere;RoW;ecoinvent_cutoff_3.9_remind_SSP2-PkBudg500_2035;hydrogen
d40316f90ec9d740b65160e7a143d81d;dimethyl hexanediol production;GLO;dimethyl hexanediol;;market for hydrogen, liquid;0.005204681872653782;kilogram;hydrogen, liquid;0.0;technosphere;RER;ecoinvent_cutoff_3.9_remind_SSP2-PkBudg500_2035;hydrogen
d64c7f1b3c749e4798d00e0ae23f0107;electricity production, nuclear, pressure water reactor;LT;electricity, high voltage;;market for hydrogen, liquid;1.03e-05;kilogram;hydrogen, liquid;0.0;technosphere;RER;ecoinvent_cutoff_3.9_remind_SSP2-PkBudg500_2035;hydrogen
d7887c75c3e4127548a9caf0f4bac50a;primary zinc production from concentrate;RoW;gold;;market for hydrogen, liquid;7.384842979726211;kilogram;hydrogen, liquid;0.0;technosphere;RoW;ecoinvent_cutoff_3.9_remind_SSP2-PkBudg500_2035;hydrogen
d7887c75c3e4127548a9caf0f4bac50a;primary zinc production from concentrate;RoW;gold;;market for hydrogen, liquid;1.6137369791295266;kilogram;hydrogen, liquid;0.0;technosphere;RER;ecoinvent_cutoff_3.9_remind_SSP2-PkBudg500_2035;hydrogen
d8109a61e42bb206a5709bb33a54d1af;fatty alcohol production, from palm kernel oil;RER;fatty alcohol;;market for hydrogen, liquid;0.006;kilogram;hydrogen, liquid;0.0;technosphere;RER;ecoinvent_cutoff_3.9_remind_SSP2-PkBudg500_2035;hydrogen
d82453d9c3d0740d26e7f83eb7bfd671;primary zinc production from concentrate;RoW;zinc monosulfate;;market for hydrogen, liquid;0.0001384195718633215;kilogram;hydrogen, liquid;0.0;technosphere;RoW;ecoinvent_cutoff_3.9_remind_SSP2-PkBudg500_2035;hydrogen
d82453d9c3d0740d26e7f83eb7bfd671;primary zinc production from concentrate;RoW;zinc monosulfate;;market for hydrogen, liquid;3.024746529673679e-05;kilogram;hydrogen, liquid;0.0;technosphere;RER;ecoinvent_cutoff_3.9_remind_SSP2-PkBudg500_2035;hydrogen
d9aac5692b4d122f91475cd9e581a07f;cobalt production;GLO;ammonia, anhydrous, liquid;;market for hydrogen, liquid;0.0004124143741069006;kilogram;hydrogen, liquid;0.0;technosphere;RoW;ecoinvent_cutoff_3.9_remind_SSP2-PkBudg500_2035;hydrogen
d9aac5692b4d122f91475cd9e581a07f;cobalt production;GLO;ammonia, anhydrous, liquid;;market for hydrogen, liquid;9.012084996904543e-05;kilogram;hydrogen, liquid;0.0;technosphere;RER;ecoinvent_cutoff_3.9_remind_SSP2-PkBudg500_2035;hydrogen
d9b09a954fe3bbc6aba9d7a37c126c18;electricity production, nuclear, pressure water reactor;CN-GD;electricity, high voltage;;market for hydrogen, liquid;1.03e-05;kilogram;hydrogen, liquid;0.0;technosphere;RoW;ecoinvent_cutoff_3.9_remind_SSP2-PkBudg500_2035;hydrogen
dfc01f52556881d8317992aff3b0febf;metolachlor production;RER;metolachlor;;market for hydrogen, liquid;0.02816;kilogram;hydrogen, liquid;0.0;technosphere;RER;ecoinvent_cutoff_3.9_remind_SSP2-PkBudg500_2035;hydrogen
e017ce71a5492edfb22d734f70022862;silicon production, solar grade, modified Siemens process;RER;silicon, solar grade;;market for hydrogen, liquid;0.050139;kilogram;hydrogen, liquid;0.0;technosphere;RER;ecoinvent_cutoff_3.9_remind_SSP2-PkBudg500_2035;hydrogen
e27155b88baf275fb49cbf1580ce040e;fatty alcohol production, from palm kernel oil;RoW;fatty alcohol;;market for hydrogen, liquid;0.006;kilogram;hydrogen, liquid;0.0;technosphere;RoW;ecoinvent_cutoff_3.9_remind_SSP2-PkBudg500_2035;hydrogen
e2ccfeeafd85f5b53f3e8c4371e736fd;uranium production, centrifuge, enriched 4.0%;NL;uranium, enriched 4.0%, per separative work unit;;market for hydrogen, liquid;1.1e-05;kilogram;hydrogen, liquid;0.0;technosphere;RER;ecoinvent_cutoff_3.9_remind_SSP2-PkBudg500_2035;hydrogen
e3077dbf6afd9f7cf68a7c5700757e58;electricity production, nuclear, pressure water reactor;RO;electricity, high voltage;;market for hydrogen, liquid;1.03e-05;kilogram;hydrogen, liquid;0.0;technosphere;RER;ecoinvent_cutoff_3.9_remind_SSP2-PkBudg500_2035;hydrogen
e4544ea26bc5e3e3f678718282a4535e;cyclic N-compound production;RoW;cyclic N-compound;;market for hydrogen, liquid;0.0031451;kilogram;hydrogen, liquid;0.0;technosphere;RoW;ecoinvent_cutoff_3.9_remind_SSP2-PkBudg500_2035;hydrogen
e66fae353a7b01d135ffd1582fcb9ec9;fatty alcohol production, from palm oil;RER;fatty alcohol;;market for hydrogen, liquid;0.006;kilogram;hydrogen, liquid;0.0;technosphere;RER;ecoinvent_cutoff_3.9_remind_SSP2-PkBudg500_2035;hydrogen
e77b2be705d908360c418322f2462bda;4-tert-butylbenzaldehyde production;RoW;4-tert-butylbenzaldehyde;;market for hydrogen, liquid;0.012995;kilogram;hydrogen, liquid;0.0;technosphere;RoW;ecoinvent_cutoff_3.9_remind_SSP2-PkBudg500_2035;hydrogen
e7bc5676f96f812563d7b01f2b6b8494;prosulfocarb production;RoW;prosulfocarb;;market for hydrogen, liquid;0.018587;kilogram;hydrogen, liquid;0.0;technosphere;RoW;ecoinvent_cutoff_3.9_remind_SSP2-PkBudg500_2035;hydrogen
e808f40cb931105675145e9660468e09;cobalt production;GLO;electrolyte, nickel-rich;;market for hydrogen, liquid;0.23030376838285846;kilogram;hydrogen, liquid;0.0;technosphere;RoW;ecoinvent_cutoff_3.9_remind_SSP2-PkBudg500_2035;hydrogen
e808f40cb931105675145e9660468e09;cobalt production;GLO;electrolyte, nickel-rich;;market for hydrogen, liquid;0.05032601349718595;kilogram;hydrogen, liquid;0.0;technosphere;RER;ecoinvent_cutoff_3.9_remind_SSP2-PkBudg500_2035;hydrogen
e8a4bf6eab47234fd72e2dda013ee22e;primary zinc production from concentrate;RoW;copper concentrate, sulfide ore;;market for hydrogen, liquid;0.00024692180265530495;kilogram;hydrogen, liquid;0.0;technosphere;RoW;ecoinvent_cutoff_3.9_remind_SSP2-PkBudg500_2035;hydrogen
e8a4bf6eab47234fd72e2dda013ee22e;primary zinc production from concentrate;RoW;copper concentrate, sulfide ore;;market for hydrogen, liquid;5.395738880191626e-05;kilogram;hydrogen, liquid;0.0;technosphere;RER;ecoinvent_cutoff_3.9_remind_SSP2-PkBudg500_2035;hydrogen
ea0560e52423cd443f47368c3af259f0;hydrochloric acid production, from the reaction of hydrogen with chlorine;RoW;hydrochloric acid, without water, in 30% solution state;;market for hydrogen, liquid;0.027;kilogram;hydrogen, liquid;0.0;technosphere;RoW;ecoinvent_cutoff_3.9_remind_SSP2-PkBudg500_2035;hydrogen
ea7dde799f7e958876d77e6414439fc9;dioctyl terephthalate production;GLO;dioctyl terephthalate;;market for hydrogen, liquid;0.02858601323285325;kilogram;hydrogen, liquid;0.0;technosphere;RoW;ecoinvent_cutoff_3.9_remind_SSP2-PkBudg500_2035;hydrogen
ea7dde799f7e958876d77e6414439fc9;dioctyl terephthalate production;GLO;dioctyl terephthalate;;market for hydrogen, liquid;0.0062466198355718506;kilogram;hydrogen, liquid;0.0;technosphere;RER;ecoinvent_cutoff_3.9_remind_SSP2-PkBudg500_2035;hydrogen
eba8376f7ddf8452371d4d74bd52de83;benzimidazole-compound production;RER;benzimidazole-compound;;market for hydrogen, liquid;0.017278;kilogram;hydrogen, liquid;0.0;technosphere;RER;ecoinvent_cutoff_3.9_remind_SSP2-PkBudg500_2035;hydrogen
ecb936a8536628df54fbde2b8468b7ad;vinyl chloride production;RoW;vinyl chloride;;market for hydrogen, liquid;0.000155703645256262;kilogram;hydrogen, liquid;0.0;technosphere;RoW;ecoinvent_cutoff_3.9_remind_SSP2-PkBudg500_2035;hydrogen
edcbb15d66ad7eb71522f89a105dbb9d;cobalt production;GLO;cobalt oxide;;market for hydrogen, liquid;0.026183960973254105;kilogram;hydrogen, liquid;0.0;technosphere;RoW;ecoinvent_cutoff_3.9_remind_SSP2-PkBudg500_2035;hydrogen
edcbb15d66ad7eb71522f89a105dbb9d;cobalt production;GLO;cobalt oxide;;market for hydrogen, liquid;0.005721723020872008;kilogram;hydrogen, liquid;0.0;technosphere;RER;ecoinvent_cutoff_3.9_remind_SSP2-PkBudg500_2035;hydrogen
edce8ba7433e26e4593225cf43fe3502;4-methyl-2-pentanone production;RoW;4-methyl-2-pentanone;;market for hydrogen, liquid;0.0216;kilogram;hydrogen, liquid;0.0;technosphere;RoW;ecoinvent_cutoff_3.9_remind_SSP2-PkBudg500_2035;hydrogen
eea51636941aa4ef88aa619e8aed8f1d;electricity production, nuclear, pressure water reactor;BE;electricity, high voltage;;market for hydrogen, liquid;1.03e-05;kilogram;hydrogen, liquid;0.0;technosphere;RER;ecoinvent_cutoff_3.9_remind_SSP2-PkBudg500_2035;hydrogen
eedf6c31dbd3a4fff58882268662107f;bipyridylium-compound production;RoW;bipyridylium-compound;;market for hydrogen, liquid;0.0093253;kilogram;hydrogen, liquid;0.0;technosphere;RoW;ecoinvent_cutoff_3.9_remind_SSP2-PkBudg500_2035;hydrogen
efc99d2f307545e214c0f91119528bc9;chlorpropham production;GLO;chlorpropham;;market for hydrogen, liquid;0.026068818616144795;kilogram;hydrogen, liquid;0.0;technosphere;RoW;ecoinvent_cutoff_3.9_remind_SSP2-PkBudg500_2035;hydrogen
efc99d2f307545e214c0f91119528bc9;chlorpropham production;GLO;chlorpropham;;market for hydrogen, liquid;0.005696562095982808;kilogram;hydrogen, liquid;0.0;technosphere;RER;ecoinvent_cutoff_3.9_remind_SSP2-PkBudg500_2035;hydrogen
f2ca107c693f107e9e4b71b86d7a1d14;diazine-compound production;RER;diazine-compound;;market for hydrogen, liquid;0.0052776;kilogram;hydrogen, liquid;0.0;technosphere;RER;ecoinvent_cutoff_3.9_remind_SSP2-PkBudg500_2035;hydrogen
f45332e9ca7704868d4efe9b8a40dc7b;prosulfocarb production;RER;prosulfocarb;;market for hydrogen, liquid;0.018587;kilogram;hydrogen, liquid;0.0;technosphere;RER;ecoinvent_cutoff_3.9_remind_SSP2-PkBudg500_2035;hydrogen
f530f15e60f4b14970c87f81393dc184;electricity production, nuclear, pressure water reactor;CN-SH;electricity, high voltage;;market for hydrogen, liquid;1.03e-05;kilogram;hydrogen, liquid;0.0;technosphere;RoW;ecoinvent_cutoff_3.9_remind_SSP2-PkBudg500_2035;hydrogen
f53c8257fddd888a8200bf2785b8e8a9;diazine-compound production;RoW;diazine-compound;;market for hydrogen, liquid;0.0052776;kilogram;hydrogen, liquid;0.0;technosphere;RoW;ecoinvent_cutoff_3.9_remind_SSP2-PkBudg500_2035;hydrogen
f876d623de3323d7873961a88ad43574;primary zinc production from concentrate;RoW;copper cake;;market for hydrogen, liquid;0.0007136429840927234;kilogram;hydrogen, liquid;0.0;technosphere;RoW;ecoinvent_cutoff_3.9_remind_SSP2-PkBudg500_2035;hydrogen
f876d623de3323d7873961a88ad43574;primary zinc production from concentrate;RoW;copper cake;;market for hydrogen, liquid;0.00015594537033331322;kilogram;hydrogen, liquid;0.0;technosphere;RER;ecoinvent_cutoff_3.9_remind_SSP2-PkBudg500_2035;hydrogen
f8791b25a5ece3f144f81399fe35abd9;electricity production, nuclear, pressure water reactor, heavy water moderated;IN-RJ;electricity, high voltage;;market for hydrogen, liquid;1.28754171301446e-06;kilogram;hydrogen, liquid;0.0;technosphere;RoW;ecoinvent_cutoff_3.9_remind_SSP2-PkBudg500_2035;hydrogen
f88073e7c9ce6fb5b63185d80e8e9afb;electricity production, nuclear, pressure water reactor;US-MRO;electricity, high voltage;;market for hydrogen, liquid;1.03e-05;kilogram;hydrogen, liquid;0.0;technosphere;RoW;ecoinvent_cutoff_3.9_remind_SSP2-PkBudg500_2035;hydrogen
f91dfa23f4a07940e4a4771444118834;nitro-compound production;RER;nitro-compound;;market for hydrogen, liquid;0.0093253;kilogram;hydrogen, liquid;0.0;technosphere;RER;ecoinvent_cutoff_3.9_remind_SSP2-PkBudg500_2035;hydrogen
f9aedfddfde4336bda343e418ddefe81;primary zinc production from concentrate;RoW;lead;;market for hydrogen, liquid;0.0002186500243446098;kilogram;hydrogen, liquid;0.0;technosphere;RoW;ecoinvent_cutoff_3.9_remind_SSP2-PkBudg500_2035;hydrogen
f9aedfddfde4336bda343e418ddefe81;primary zinc production from concentrate;RoW;lead;;market for hydrogen, liquid;4.7779435627966396e-05;kilogram;hydrogen, liquid;0.0;technosphere;RER;ecoinvent_cutoff_3.9_remind_SSP2-PkBudg500_2035;hydrogen
fa1193fee1c5a506b8de06728367a67c;silicon production, electronics grade;DE;silicon, electronics grade;;market for hydrogen, liquid;0.08857850242079573;kilogram;hydrogen, liquid;0.0;technosphere;RER;ecoinvent_cutoff_3.9_remind_SSP2-PkBudg500_2035;hydrogen
fa5330d6057e8a5327e440e55994dd15;electricity production, nuclear, pressure water reactor;CN-FJ;electricity, high voltage;;market for hydrogen, liquid;1.03e-05;kilogram;hydrogen, liquid;0.0;technosphere;RoW;ecoinvent_cutoff_3.9_remind_SSP2-PkBudg500_2035;hydrogen
fa8612965c9d7fba91801fb5fe3c38bc;phthalimide-compound production;RER;phthalimide-compound;;market for hydrogen, liquid;0.005665;kilogram;hydrogen, liquid;0.0;technosphere;RER;ecoinvent_cutoff_3.9_remind_SSP2-PkBudg500_2035;hydrogen
fb6e8f5b896a0ffdfde4bdc66f5d8311;assembly of liquid crystal display, auxilliaries and energy use;GLO;assembly of liquid crystal display, auxilliaries and energy use;;market for hydrogen, liquid;0.02429176083330508;kilogram;hydrogen, liquid;0.0;technosphere;RoW;ecoinvent_cutoff_3.9_remind_SSP2-PkBudg500_2035;hydrogen
fb6e8f5b896a0ffdfde4bdc66f5d8311;assembly of liquid crystal display, auxilliaries and energy use;GLO;assembly of liquid crystal display, auxilliaries and energy use;;market for hydrogen, liquid;0.00530823916669492;kilogram;hydrogen, liquid;0.0;technosphere;RER;ecoinvent_cutoff_3.9_remind_SSP2-PkBudg500_2035;hydrogen
fb7c6fbb8d5d77aa69da03a2b99f3692;cobalt production;GLO;nickel sulfate;;market for hydrogen, liquid;0.0037242475787782614;kilogram;hydrogen, liquid;0.0;technosphere;RoW;ecoinvent_cutoff_3.9_remind_SSP2-PkBudg500_2035;hydrogen
fb7c6fbb8d5d77aa69da03a2b99f3692;cobalt production;GLO;nickel sulfate;;market for hydrogen, liquid;0.0008138231312171923;kilogram;hydrogen, liquid;0.0;technosphere;RER;ecoinvent_cutoff_3.9_remind_SSP2-PkBudg500_2035;hydrogen
fb9c47acd673c2e2d6787f952e7f9683;cobalt production;GLO;electricity, high voltage;;market for hydrogen, liquid;0.00012099965270343604;kilogram;hydrogen, liquid;0.0;technosphere;RoW;ecoinvent_cutoff_3.9_remind_SSP2-PkBudg500_2035;hydrogen
fb9c47acd673c2e2d6787f952e7f9683;cobalt production;GLO;electricity, high voltage;;market for hydrogen, liquid;2.644086198791514e-05;kilogram;hydrogen, liquid;0.0;technosphere;RER;ecoinvent_cutoff_3.9_remind_SSP2-PkBudg500_2035;hydrogen
fe6f8a0cac3d947a777ef364edbea26c;dipropyl amine production;RoW;dipropyl amine;;market for hydrogen, liquid;0.041688;kilogram;hydrogen, liquid;0.0;technosphere;RoW;ecoinvent_cutoff_3.9_remind_SSP2-PkBudg500_2035;hydrogen
feca0f6b47e154b39eb60e7867fce417;uranium production, centrifuge, enriched 3.0%;CN;uranium, enriched 3.0%, per separative work unit;;market for hydrogen, liquid;2.2e-05;kilogram;hydrogen, liquid;0.0;technosphere;RoW;ecoinvent_cutoff_3.9_remind_SSP2-PkBudg500_2035;hydrogen
ff00987b992efb38225b4d0d7b256db3;electricity production, nuclear, pressure water reactor;CN-GX;electricity, high voltage;;market for hydrogen, liquid;1.03e-05;kilogram;hydrogen, liquid;0.0;technosphere;RoW;ecoinvent_cutoff_3.9_remind_SSP2-PkBudg500_2035;hydrogen
