code;name;location;reference product;categories;ex_name;ex_amount;ex_unit;ex_product;ex_production volume;ex_type;ex_location;database;material_group
00c4aabde8e0a06475161124d79053a5;electrolysis of magnesium chloride, from titanium sponge production;CN;chlorine, for reuse in titanium tetrachloride production;;market for magnesium chloride, from titanium sponge production;0.29440262101382725;kilogram;magnesium chloride, from titanium sponge production;0.0;technosphere;GLO;ecoinvent_cutoff_3.9_remind_SSP2-PkBudg500_2035;magnesium
034eede8dac9f840542653e7cf665eb4;wheat production;ZA;wheat grain;;market for magnesium sulfate;2.0091759002770087e-05;kilogram;magnesium sulfate;0.0;technosphere;GLO;ecoinvent_cutoff_3.9_remind_SSP2-PkBudg500_2035;magnesium
037540f0b2dc43bc5b90390cb3ac4ef8;establishing orchard;RoW;establishing orchard;;market for magnesium oxide;0.01434975;kilogram;magnesium oxide;0.0;technosphere;GLO;ecoinvent_cutoff_3.9_remind_SSP2-PkBudg500_2035;magnesium
0387196a56eb12762f38ea31ff35839f;primary zinc production from concentrate;RoW;gypsum, mineral;;market for magnesium;2.451398041045125e-08;kilogram;magnesium;0.0;technosphere;GLO;ecoinvent_cutoff_3.9_remind_SSP2-PkBudg500_2035;magnesium
05a872f7d7e38ddcc3371f3a049ea07c;sulfate pulp production, from eucalyptus, bleached;RoW;electricity, high voltage;;market for magnesium sulfate;0.00014078341344775415;kilogram;magnesium sulfate;0.0;technosphere;GLO;ecoinvent_cutoff_3.9_remind_SSP2-PkBudg500_2035;magnesium
06d0dd4251f64029b9c63ad31fe4bd12;syngas, from biomass gasification, pre, pipeline 400km, storage 3000m;RER;syngas, from biomass gasification, pre, pipeline 400km, storage 3000m;;market for magnesium;0.0001307;kilogram;magnesium;;technosphere;GLO;ecoinvent_cutoff_3.9_remind_SSP2-PkBudg500_2035;magnesium
06fa6535512bae8751edf30f86e68026;aluminium alloy production, Metallic Matrix Composite;CA-QC;aluminium alloy, metal matrix composite;;market for magnesium;0.0032727124668988548;kilogram;magnesium;0.0;technosphere;GLO;ecoinvent_cutoff_3.9_remind_SSP2-PkBudg500_2035;magnesium
07236f344f9b55d260e7e26e69aebb46;printer production, laser, colour;GLO;printer, laser, colour;;market for magnesium;0.0774;kilogram;magnesium;0.0;technosphere;GLO;ecoinvent_cutoff_3.9_remind_SSP2-PkBudg500_2035;magnesium
07236f344f9b55d260e7e26e69aebb46;printer production, laser, colour;GLO;printer, laser, colour;;market for magnesium-alloy, AZ91, diecast;0.0774;kilogram;magnesium-alloy, AZ91, diecast;0.0;technosphere;GLO;ecoinvent_cutoff_3.9_remind_SSP2-PkBudg500_2035;magnesium
07b18a6a1be3b161079f053e6a277bfe;sulfate pulp production, from hardwood, bleached;RoW;methanol, from biomass;;market for magnesium sulfate;0.000288952698409644;kilogram;magnesium sulfate;0.0;technosphere;GLO;ecoinvent_cutoff_3.9_remind_SSP2-PkBudg500_2035;magnesium
07be79e7c5655cfd71215697f60b9423;cobalt production;GLO;cobalt hydroxide;;market for magnesium oxide;0.07840558396429195;kilogram;magnesium oxide;0.0;technosphere;GLO;ecoinvent_cutoff_3.9_remind_SSP2-PkBudg500_2035;magnesium
07f228c01bd0408c8e4b62ae938e5163;ethanol production, via fermentation, from wheat straw, energy allocation;RER;ethanol, from wheat straw pellets;;market for magnesium sulfate;0.00051188;kilogram;magnesium sulfate;;technosphere;GLO;ecoinvent_cutoff_3.9_remind_SSP2-PkBudg500_2035;magnesium
082f1769136fdaab9f3927b0f0824655;aluminium alloy production, AlMg3;RER;aluminium alloy, AlMg3;;market for magnesium;0.0305;kilogram;magnesium;0.0;technosphere;GLO;ecoinvent_cutoff_3.9_remind_SSP2-PkBudg500_2035;magnesium
08f985840a0cf7f5a228edda4967bb0f;titanium sponge production, from titanium tetrachloride;JP;titanium sponge;;market for magnesium;0.041;kilogram;magnesium;0.0;technosphere;GLO;ecoinvent_cutoff_3.9_remind_SSP2-PkBudg500_2035;magnesium
08f985840a0cf7f5a228edda4967bb0f;titanium sponge production, from titanium tetrachloride;JP;titanium sponge;;market for magnesium, for reuse in titanium sponge production;0.9745;kilogram;magnesium, for reuse in titanium sponge production;0.0;technosphere;JP;ecoinvent_cutoff_3.9_remind_SSP2-PkBudg500_2035;magnesium
0956012f6b318f74dbfd4b106fec114f;magnesium production, electrolysis;RoW;magnesium;;market for magnesium factory;1.658893258896467e-10;unit;magnesium factory;0.0;technosphere;GLO;ecoinvent_cutoff_3.9_remind_SSP2-PkBudg500_2035;magnesium
0ea3d57cce74ff857638aa920d4a2b1f;kraft paper production;RER;bark chips, wet, measured as dry mass;;market for magnesium sulfate;9.072093192177518e-06;kilogram;magnesium sulfate;0.0;technosphere;GLO;ecoinvent_cutoff_3.9_remind_SSP2-PkBudg500_2035;magnesium
0f0ee95df1ccda1cb50cab667d37484e;containerboard production, fluting medium, semichemical;RoW;turpentine;;market for magnesium oxide;0.0033616768391670836;kilogram;magnesium oxide;0.0;technosphere;GLO;ecoinvent_cutoff_3.9_remind_SSP2-PkBudg500_2035;magnesium
116aaf86420c04e11a8533e16470a2f7;cobalt production;GLO;zinc sulfide;;market for magnesium oxide;0.003074252679745773;kilogram;magnesium oxide;0.0;technosphere;GLO;ecoinvent_cutoff_3.9_remind_SSP2-PkBudg500_2035;magnesium
13219b5df47924a337ae7c01fde7108f;cobalt production;GLO;electrolyte, copper-rich;;market for magnesium oxide;0.010923407474067675;kilogram;magnesium oxide;0.0;technosphere;GLO;ecoinvent_cutoff_3.9_remind_SSP2-PkBudg500_2035;magnesium
13a896c21756401bb7b1dbc2604ca111;hydrogen production, auto-thermal reforming, from biomethane, 25 bar;CH;hydrogen, gaseous, 25 bar;;market for magnesium oxide;2.796e-05;kilogram;magnesium oxide;;technosphere;GLO;ecoinvent_cutoff_3.9_remind_SSP2-PkBudg500_2035;magnesium
13b0c001f1488143a21971f7c60a92e2;cobalt production;GLO;cobalt acetate;;market for magnesium oxide;0.022023646077803053;kilogram;magnesium oxide;0.0;technosphere;GLO;ecoinvent_cutoff_3.9_remind_SSP2-PkBudg500_2035;magnesium
143523bcb6b4a692e5ae961fa7242f31;sugarcane processing, modern annexed plant;BR;ethanol, without water, in 95% solution state, from fermentation;;market for magnesium sulfate;8.608284431451631e-08;kilogram;magnesium sulfate;0.0;technosphere;GLO;ecoinvent_cutoff_3.9_remind_SSP2-PkBudg500_2035;magnesium
15075b46cb5ae4be19c483771187b44a;magnesium-alloy production, AZ91, diecasting;RoW;magnesium-alloy, AZ91, diecast;;market for magnesium-alloy, AZ91;1.67;kilogram;magnesium-alloy, AZ91;0.0;technosphere;GLO;ecoinvent_cutoff_3.9_remind_SSP2-PkBudg500_2035;magnesium
15108886942d1155095e9046404afdbe;tantalum powder production, capacitor-grade;CN;tantalum powder, capacitor-grade;;market for magnesium;0.336;kilogram;magnesium;0.0;technosphere;GLO;ecoinvent_cutoff_3.9_remind_SSP2-PkBudg500_2035;magnesium
15af1f221b5dc1c7b466cf1a097afec8;hydrogen production, steam reforming;RER;hydrogen, gaseous;;market for magnesium oxide;2.796e-05;kilogram;magnesium oxide;0.0;technosphere;GLO;ecoinvent_cutoff_3.9_remind_SSP2-PkBudg500_2035;magnesium
1608ce808018afb0c784c6021a07d4e2;primary zinc production from concentrate;RoW;sulfur;;market for magnesium;2.705252759663306e-07;kilogram;magnesium;0.0;technosphere;GLO;ecoinvent_cutoff_3.9_remind_SSP2-PkBudg500_2035;magnesium
178ae88acaf1fe54bedcfa16c770660c;glider production, passenger car;GLO;glider, passenger car;;market for magnesium;0.0008509;kilogram;magnesium;0.0;technosphere;GLO;ecoinvent_cutoff_3.9_remind_SSP2-PkBudg500_2035;magnesium
17e07b1db5af701647e7551bde5ba287;magnesium, for reuse in zirconium sponge production, to generic market for magnesium;FR;magnesium;;market for magnesium, for reuse in zirconium sponge production;1.0;kilogram;magnesium, for reuse in zirconium sponge production;0.0;technosphere;FR;ecoinvent_cutoff_3.9_remind_SSP2-PkBudg500_2035;magnesium
1a8b79adce064b9a10639c333d3f4df2;paper production, woodfree, coated, at integrated mill;RER;paper, woodfree, coated;;market for magnesium sulfate;0.00234;kilogram;magnesium sulfate;0.0;technosphere;GLO;ecoinvent_cutoff_3.9_remind_SSP2-PkBudg500_2035;magnesium
1b96dde11a3dbc3d25a025ec3d1be6b3;magnesium-alloy production, AZ91, diecasting;RER;magnesium-alloy, AZ91, diecast;;market for magnesium-alloy, AZ91;1.67;kilogram;magnesium-alloy, AZ91;0.0;technosphere;GLO;ecoinvent_cutoff_3.9_remind_SSP2-PkBudg500_2035;magnesium
1bdd3cccb98bb0d352d4f1907fa3fbe0;sulfate pulp production, from softwood, bleached;RER;electricity, high voltage;;market for magnesium sulfate;0.0006861923633523908;kilogram;magnesium sulfate;0.0;technosphere;GLO;ecoinvent_cutoff_3.9_remind_SSP2-PkBudg500_2035;magnesium
1c1a1e8bfeeb4f1b89d07959362d23b9;cobalt hydroxide, via hydrometallurigcal ore procesing, mass allocation;CD;cobalt hydroxide;;market for magnesium oxide;0.01435;kilogram;magnesium oxide;;technosphere;GLO;ecoinvent_cutoff_3.9_remind_SSP2-PkBudg500_2035;magnesium
1cefa58e641cf5d701fde7aa5b97a69e;electrolysis of magnesium chloride, from hafnium sponge production;US;chlorine, for reuse in zirconium and hafnium tetrachloride production;;market for magnesium chloride, from hafnium sponge production;0.2943977159177971;kilogram;magnesium chloride, from hafnium sponge production;0.0;technosphere;GLO;ecoinvent_cutoff_3.9_remind_SSP2-PkBudg500_2035;magnesium
203d506dca9b1ea303c8226ed0f1437e;aluminium alloy production, Metallic Matrix Composite;RoW;aluminium alloy, metal matrix composite;;market for magnesium;0.0032727124668988548;kilogram;magnesium;0.0;technosphere;GLO;ecoinvent_cutoff_3.9_remind_SSP2-PkBudg500_2035;magnesium
2048b7bdf86357a3e6079cc6a73bb4f9;sulfate pulp production, from softwood, bleached;RER;heat, district or industrial, other than natural gas;;market for magnesium sulfate;3.511017592486399e-05;kilogram;magnesium sulfate;0.0;technosphere;GLO;ecoinvent_cutoff_3.9_remind_SSP2-PkBudg500_2035;magnesium
20a4691ddf35a3a70cb95594956b391a;kraft paper production;RER;electricity, high voltage;;market for magnesium sulfate;3.0185347142153544e-05;kilogram;magnesium sulfate;0.0;technosphere;GLO;ecoinvent_cutoff_3.9_remind_SSP2-PkBudg500_2035;magnesium
237ee92a576874df0b79ebd0a6bb7d5c;sugarcane processing, modern autonomous plant;BR;ethanol, without water, in 95% solution state, from fermentation;;market for magnesium sulfate;1.1722761695625674e-07;kilogram;magnesium sulfate;0.0;technosphere;GLO;ecoinvent_cutoff_3.9_remind_SSP2-PkBudg500_2035;magnesium
23a3a4a6bff00eb688e7e8c324c4d109;hafnium sponge production, from hafnium tetrachloride;US;hafnium sponge;;market for magnesium;0.01085220880279;kilogram;magnesium;0.0;technosphere;GLO;ecoinvent_cutoff_3.9_remind_SSP2-PkBudg500_2035;magnesium
23a3a4a6bff00eb688e7e8c324c4d109;hafnium sponge production, from hafnium tetrachloride;US;hafnium sponge;;market for magnesium, for reuse in hafnium sponge production;0.26148779119721;kilogram;magnesium, for reuse in hafnium sponge production;0.0;technosphere;US;ecoinvent_cutoff_3.9_remind_SSP2-PkBudg500_2035;magnesium
23ee0c35b51a45cbf9b7846c5b690922;electrolysis of magnesium chloride, from zirconium sponge production;FR;magnesium, for reuse in zirconium sponge production;;market for magnesium chloride, from zirconium sponge production;3.579336960555107;kilogram;magnesium chloride, from zirconium sponge production;0.0;technosphere;GLO;ecoinvent_cutoff_3.9_remind_SSP2-PkBudg500_2035;magnesium
245cb6366a4cd3c6bb40debefef9e97e;mango seedling production, for planting;RoW;mango seedling, for planting;;market for magnesium oxide;0.0018;kilogram;magnesium oxide;0.0;technosphere;GLO;ecoinvent_cutoff_3.9_remind_SSP2-PkBudg500_2035;magnesium
266a63d3554e04b5918227f081c25d30;establishing orchard;CH;establishing orchard;;market for magnesium oxide;0.01434975;kilogram;magnesium oxide;0.0;technosphere;GLO;ecoinvent_cutoff_3.9_remind_SSP2-PkBudg500_2035;magnesium
268967dec315e5ab2d317db80e989b1e;electrolysis of magnesium chloride, from hafnium sponge production;US;magnesium, for reuse in hafnium sponge production;;market for magnesium chloride, from hafnium sponge production;3.579336960555107;kilogram;magnesium chloride, from hafnium sponge production;0.0;technosphere;GLO;ecoinvent_cutoff_3.9_remind_SSP2-PkBudg500_2035;magnesium
27645321d8011d1bec13725628b18765;water production, deionised;CH;water, deionised;;market for magnesium oxide;9.14e-06;kilogram;magnesium oxide;0.0;technosphere;GLO;ecoinvent_cutoff_3.9_remind_SSP2-PkBudg500_2035;magnesium
29e941cd05298a6bb4c5eec99ea042a8;tantalum powder production, capacitor-grade;RoW;tantalum powder, capacitor-grade;;market for magnesium;0.336;kilogram;magnesium;0.0;technosphere;GLO;ecoinvent_cutoff_3.9_remind_SSP2-PkBudg500_2035;magnesium
2a237f9ae5ba4f018415eb9daa4875a7;sugarcane processing, traditional autonomous plant;BR;ethanol, without water, in 99.7% solution state, from fermentation;;market for magnesium sulfate;3.304314030314807e-07;kilogram;magnesium sulfate;0.0;technosphere;GLO;ecoinvent_cutoff_3.9_remind_SSP2-PkBudg500_2035;magnesium
2a6c43899b5f1c6566ef4714a8856c5b;primary zinc production from concentrate;RoW;copper, cathode;;market for magnesium;1.7508112305605746e-05;kilogram;magnesium;0.0;technosphere;GLO;ecoinvent_cutoff_3.9_remind_SSP2-PkBudg500_2035;magnesium
2aeaa58cbe37fd3742b2d9297027ead9;cobalt production;GLO;nickel, class 1;;market for magnesium oxide;0.046398657217666235;kilogram;magnesium oxide;0.0;technosphere;GLO;ecoinvent_cutoff_3.9_remind_SSP2-PkBudg500_2035;magnesium
2b45647685348c992bb44726427612a8;miscanthus rhizome production, for planting;DE;miscanthus, chopped;;market for magnesium oxide;4.413611111111111e-05;kilogram;magnesium oxide;0.0;technosphere;GLO;ecoinvent_cutoff_3.9_remind_SSP2-PkBudg500_2035;magnesium
2b6ee6c490a44cb45ed01a14aa3e29d3;electrolysis of magnesium chloride, from hafnium sponge production;FR;chlorine, for reuse in zirconium and hafnium tetrachloride production;;market for magnesium chloride, from hafnium sponge production;0.2943977159177971;kilogram;magnesium chloride, from hafnium sponge production;0.0;technosphere;GLO;ecoinvent_cutoff_3.9_remind_SSP2-PkBudg500_2035;magnesium
2c4052325c191dabdc1ec5c585a6d48f;sugarcane processing, traditional annexed plant;CO;sugar, from sugarcane;;market for magnesium sulfate;2.1907402444806333e-07;kilogram;magnesium sulfate;0.0;technosphere;GLO;ecoinvent_cutoff_3.9_remind_SSP2-PkBudg500_2035;magnesium
2cadec2e69df424daba397fafb563f44;hydrogen production, auto-thermal reforming of natural gas, 25 bar;RER;hydrogen, gaseous, 25 bar;;market for magnesium oxide;2.796e-05;kilogram;magnesium oxide;;technosphere;GLO;ecoinvent_cutoff_3.9_remind_SSP2-PkBudg500_2035;magnesium
2d6c9c502737ee50f9249534df4aefdc;rare earth oxides production, from rare earth oxide concentrate, 50% REO;CN-NM;cerium oxide;;market for magnesium oxide;0.175842669677493;kilogram;magnesium oxide;0.0;technosphere;GLO;ecoinvent_cutoff_3.9_remind_SSP2-PkBudg500_2035;magnesium
2dadda4658633dcb08181486572a7795;hafnium sponge production, from hafnium tetrachloride;FR;hafnium sponge;;market for magnesium;0.01085220880279;kilogram;magnesium;0.0;technosphere;GLO;ecoinvent_cutoff_3.9_remind_SSP2-PkBudg500_2035;magnesium
2dadda4658633dcb08181486572a7795;hafnium sponge production, from hafnium tetrachloride;FR;hafnium sponge;;market for magnesium, for reuse in hafnium sponge production;0.26148779119721;kilogram;magnesium, for reuse in hafnium sponge production;0.0;technosphere;FR;ecoinvent_cutoff_3.9_remind_SSP2-PkBudg500_2035;magnesium
2e5c88f839dd9e4a98f2078038fe314b;sugarcane processing, traditional autonomous plant;BR;bagasse, from sugarcane;;market for magnesium sulfate;7.57870190439176e-09;kilogram;magnesium sulfate;0.0;technosphere;GLO;ecoinvent_cutoff_3.9_remind_SSP2-PkBudg500_2035;magnesium
2e6f40bdf4316dd34e15f6caefcc5eaf;mandarin production;ZA;mandarin;;market for magnesium;3.10458e-05;kilogram;magnesium;0.0;technosphere;GLO;ecoinvent_cutoff_3.9_remind_SSP2-PkBudg500_2035;magnesium
2e6f40bdf4316dd34e15f6caefcc5eaf;mandarin production;ZA;mandarin;;market for magnesium sulfate;0.001452433;kilogram;magnesium sulfate;0.0;technosphere;GLO;ecoinvent_cutoff_3.9_remind_SSP2-PkBudg500_2035;magnesium
2f1c7e5e9dbbea46985e6b737ce326c9;primary zinc production from concentrate;RoW;cadmium sludge from zinc electrolysis;;market for magnesium;4.853297278996015e-06;kilogram;magnesium;0.0;technosphere;GLO;ecoinvent_cutoff_3.9_remind_SSP2-PkBudg500_2035;magnesium
3160b16698c2b78c028dba2e1578d0c4;soybean production;BR-GO;soybean;;market for magnesium oxide;2.16e-06;kilogram;magnesium oxide;0.0;technosphere;GLO;ecoinvent_cutoff_3.9_remind_SSP2-PkBudg500_2035;magnesium
32c92e769875655cf690498a9328638c;mango production;RoW;mango;;market for magnesium oxide;0.00227;kilogram;magnesium oxide;0.0;technosphere;GLO;ecoinvent_cutoff_3.9_remind_SSP2-PkBudg500_2035;magnesium
33328eed361648e87245587665c2fd14;resistor production, metal film type, through-hole mounting;GLO;resistor, metal film type, through-hole mounting;;market for magnesium oxide;0.005166;kilogram;magnesium oxide;0.0;technosphere;GLO;ecoinvent_cutoff_3.9_remind_SSP2-PkBudg500_2035;magnesium
34d959358311c13e722d76aa8831a987;primary zinc production from concentrate;RoW;copper sulfate;;market for magnesium;1.8483541229480245e-05;kilogram;magnesium;0.0;technosphere;GLO;ecoinvent_cutoff_3.9_remind_SSP2-PkBudg500_2035;magnesium
3509e06efacc45247f744a59339613fc;sugarcane processing, traditional autonomous plant;BR;ethanol, without water, in 95% solution state, from fermentation;;market for magnesium sulfate;2.4554994170229304e-07;kilogram;magnesium sulfate;0.0;technosphere;GLO;ecoinvent_cutoff_3.9_remind_SSP2-PkBudg500_2035;magnesium
369c971d437ffb4ec15a0e63155c0d5f;soybean production;BR-BA;soybean;;market for magnesium oxide;6.63e-06;kilogram;magnesium oxide;0.0;technosphere;GLO;ecoinvent_cutoff_3.9_remind_SSP2-PkBudg500_2035;magnesium
37509de59e97d286987692aa1234283a;sulfate pulp production, from softwood, bleached;RoW;electricity, high voltage;;market for magnesium sulfate;0.0006861923633523908;kilogram;magnesium sulfate;0.0;technosphere;GLO;ecoinvent_cutoff_3.9_remind_SSP2-PkBudg500_2035;magnesium
377a16d59c89a599e624c9ad6f6d69d9;sulfate pulp production, from hardwood, bleached;RER;heat, district or industrial, other than natural gas;;market for magnesium sulfate;1.0714306001303407e-05;kilogram;magnesium sulfate;0.0;technosphere;GLO;ecoinvent_cutoff_3.9_remind_SSP2-PkBudg500_2035;magnesium
395d665bd9b8ce065b590bd96fd74ca9;water production, deionised;Europe without Switzerland;water, deionised;;market for magnesium oxide;9.14e-06;kilogram;magnesium oxide;0.0;technosphere;GLO;ecoinvent_cutoff_3.9_remind_SSP2-PkBudg500_2035;magnesium
3965270b787c51595f466349faa492e4;paper production, woodfree, uncoated, at integrated mill;RER;paper, woodfree, uncoated;;market for magnesium sulfate;0.00245;kilogram;magnesium sulfate;0.0;technosphere;GLO;ecoinvent_cutoff_3.9_remind_SSP2-PkBudg500_2035;magnesium
39c76ffa20d44ab8acf3cde9731ce43b;hydrogen production, auto-thermal reforming, from biomethane, with CCS (MDEA, 98% eff.), 25 bar;CH;hydrogen, gaseous, 25 bar;;market for magnesium oxide;2.796e-05;kilogram;magnesium oxide;;technosphere;GLO;ecoinvent_cutoff_3.9_remind_SSP2-PkBudg500_2035;magnesium
39e402c73f258df4b76cea208b5ff7d7;kraft paper production;RoW;tall oil, crude;;market for magnesium sulfate;0.00017423624796154735;kilogram;magnesium sulfate;0.0;technosphere;GLO;ecoinvent_cutoff_3.9_remind_SSP2-PkBudg500_2035;magnesium
3aaa763f7222f3475e0f0b33267a944a;printer production, laser, black/white;GLO;printer, laser, black/white;;market for magnesium;0.0774;kilogram;magnesium;0.0;technosphere;GLO;ecoinvent_cutoff_3.9_remind_SSP2-PkBudg500_2035;magnesium
3aaa763f7222f3475e0f0b33267a944a;printer production, laser, black/white;GLO;printer, laser, black/white;;market for magnesium-alloy, AZ91, diecast;0.0774;kilogram;magnesium-alloy, AZ91, diecast;0.0;technosphere;GLO;ecoinvent_cutoff_3.9_remind_SSP2-PkBudg500_2035;magnesium
3c36bf2273c772da61c47a1f54734034;auxiliary heating unit production, electric, 5kW;RoW;auxiliary heating unit, electric, 5kW;;market for magnesium oxide;0.2;kilogram;magnesium oxide;0.0;technosphere;GLO;ecoinvent_cutoff_3.9_remind_SSP2-PkBudg500_2035;magnesium
3c81934dd8c5e8433185e741a6643825;magnesium, for reuse in zirconium sponge production, to generic market for magnesium;RoW;magnesium;;market for magnesium, for reuse in zirconium sponge production;1.0;kilogram;magnesium, for reuse in zirconium sponge production;0.0;technosphere;RoW;ecoinvent_cutoff_3.9_remind_SSP2-PkBudg500_2035;magnesium
3eaba31ab13522a1c0a4506ab71ac61d;cobalt production;GLO;copper cake;;market for magnesium oxide;0.00933155412357541;kilogram;magnesium oxide;0.0;technosphere;GLO;ecoinvent_cutoff_3.9_remind_SSP2-PkBudg500_2035;magnesium
3efdbcd934c29fd7186c72bf98739dc3;titanium sponge production, from titanium tetrachloride;RoW;titanium sponge;;market for magnesium;0.041;kilogram;magnesium;0.0;technosphere;GLO;ecoinvent_cutoff_3.9_remind_SSP2-PkBudg500_2035;magnesium
3efdbcd934c29fd7186c72bf98739dc3;titanium sponge production, from titanium tetrachloride;RoW;titanium sponge;;market for magnesium, for reuse in titanium sponge production;0.9745;kilogram;magnesium, for reuse in titanium sponge production;0.0;technosphere;RoW;ecoinvent_cutoff_3.9_remind_SSP2-PkBudg500_2035;magnesium
3f0a21679010888d09c1dbcfb2419a60;auxiliary heating unit production, electric, 5kW;CH;auxiliary heating unit, electric, 5kW;;market for magnesium oxide;0.2;kilogram;magnesium oxide;0.0;technosphere;GLO;ecoinvent_cutoff_3.9_remind_SSP2-PkBudg500_2035;magnesium
3f49b44c20afe1249cd4edfe84825e5b;miscanthus production;DE;miscanthus, chopped;;market for magnesium oxide;0.0012986;kilogram;magnesium oxide;0.0;technosphere;GLO;ecoinvent_cutoff_3.9_remind_SSP2-PkBudg500_2035;magnesium
41170ea11aa84c43c27b1aeddb17528f;sugarcane processing, traditional annexed plant;BR;bagasse, from sugarcane;;market for magnesium sulfate;5.0246335882583335e-09;kilogram;magnesium sulfate;0.0;technosphere;GLO;ecoinvent_cutoff_3.9_remind_SSP2-PkBudg500_2035;magnesium
44e201d73b02349b965f025423840ee9;sugarcane processing, modern autonomous plant;BR;ethanol, without water, in 99.7% solution state, from fermentation;;market for magnesium sulfate;1.5775074380533313e-07;kilogram;magnesium sulfate;0.0;technosphere;GLO;ecoinvent_cutoff_3.9_remind_SSP2-PkBudg500_2035;magnesium
459da9343610388b035eb1a22cef72bd;electrolysis of magnesium chloride, from titanium sponge production;JP;magnesium, for reuse in titanium sponge production;;market for magnesium chloride, from titanium sponge production;3.5793965975378907;kilogram;magnesium chloride, from titanium sponge production;0.0;technosphere;GLO;ecoinvent_cutoff_3.9_remind_SSP2-PkBudg500_2035;magnesium
464f13391d791922e93295e56a29e5c7;soybean production;BR-TO;soybean;;market for magnesium oxide;2.16e-07;kilogram;magnesium oxide;0.0;technosphere;GLO;ecoinvent_cutoff_3.9_remind_SSP2-PkBudg500_2035;magnesium
468e622dd9f3882403c97bdda129ef36;electrolysis of magnesium chloride, from zirconium sponge production;RoW;chlorine, for reuse in zirconium and hafnium tetrachloride production;;market for magnesium chloride, from zirconium sponge production;0.2943977159177971;kilogram;magnesium chloride, from zirconium sponge production;0.0;technosphere;GLO;ecoinvent_cutoff_3.9_remind_SSP2-PkBudg500_2035;magnesium
4698fc41f0c66e84fd453a7206568bd0;sugarcane processing, traditional annexed plant;BR;sugar, from sugarcane;;market for magnesium sulfate;2.1907402444806333e-07;kilogram;magnesium sulfate;0.0;technosphere;GLO;ecoinvent_cutoff_3.9_remind_SSP2-PkBudg500_2035;magnesium
4a20058c844cd48ad2e0510264f89632;magnesium-alloy production, AZ91;RER;magnesium-alloy, AZ91;;market for magnesium;0.909;kilogram;magnesium;0.0;technosphere;GLO;ecoinvent_cutoff_3.9_remind_SSP2-PkBudg500_2035;magnesium
4ab6ad23a9719195b5e4145072c3437d;kraft paper production;RoW;turpentine;;market for magnesium sulfate;0.0004872248478208817;kilogram;magnesium sulfate;0.0;technosphere;GLO;ecoinvent_cutoff_3.9_remind_SSP2-PkBudg500_2035;magnesium
4ad3d4b19fc2baa705947de263bd1f85;miscanthus rhizome production, for planting;DE;miscanthus rhizome, for planting;;market for magnesium oxide;4.413611111111111e-05;kilogram;magnesium oxide;0.0;technosphere;GLO;ecoinvent_cutoff_3.9_remind_SSP2-PkBudg500_2035;magnesium
4afa9bf5beb22e7f167f1ba6302377e3;miscanthus production;RoW;miscanthus, chopped;;market for magnesium oxide;0.0012986;kilogram;magnesium oxide;0.0;technosphere;GLO;ecoinvent_cutoff_3.9_remind_SSP2-PkBudg500_2035;magnesium
4b17573794582978fffc085719704903;sulfite pulp production, bleached;RoW;sulfite pulp, bleached;;market for magnesium oxide;0.0065;kilogram;magnesium oxide;0.0;technosphere;GLO;ecoinvent_cutoff_3.9_remind_SSP2-PkBudg500_2035;magnesium
4bc2e37b8ac95d56581b5bebc0018ecc;containerboard production, fluting medium, semichemical;RER;turpentine;;market for magnesium oxide;0.0033616768391670836;kilogram;magnesium oxide;0.0;technosphere;GLO;ecoinvent_cutoff_3.9_remind_SSP2-PkBudg500_2035;magnesium
4c55eccca37e080bf921ec85d20ec315;ethanol production from wood;SE;ethanol, without water, in 95% solution state, from fermentation;;market for magnesium sulfate;0.0005374830422390154;kilogram;magnesium sulfate;0.0;technosphere;GLO;ecoinvent_cutoff_3.9_remind_SSP2-PkBudg500_2035;magnesium
4e299c3a8a14a2b25dd67431d00f9f03;electrolysis of magnesium chloride, from zirconium sponge production;US;magnesium, for reuse in zirconium sponge production;;market for magnesium chloride, from zirconium sponge production;3.579336960555107;kilogram;magnesium chloride, from zirconium sponge production;0.0;technosphere;GLO;ecoinvent_cutoff_3.9_remind_SSP2-PkBudg500_2035;magnesium
4ecec21d4b2a8adb31df7b4bafc1f645;containerboard production, fluting medium, semichemical;RoW;containerboard, fluting medium;;market for magnesium oxide;0.001100921373159375;kilogram;magnesium oxide;0.0;technosphere;GLO;ecoinvent_cutoff_3.9_remind_SSP2-PkBudg500_2035;magnesium
50b2c40e668f7d1f4bf2b9bbf961a013;sulfate pulp production, from hardwood, bleached;RoW;heat, district or industrial, other than natural gas;;market for magnesium sulfate;9.09172540508225e-06;kilogram;magnesium sulfate;0.0;technosphere;GLO;ecoinvent_cutoff_3.9_remind_SSP2-PkBudg500_2035;magnesium
5367e00a48c6b150866aa31205f61c58;primary zinc production from concentrate;RoW;cadmium;;market for magnesium;6.0666215987450056e-06;kilogram;magnesium;0.0;technosphere;GLO;ecoinvent_cutoff_3.9_remind_SSP2-PkBudg500_2035;magnesium
537d61027fa4f2441c58eb75adef5dbc;magnesium production, electrolysis;IL;chlorine, liquid;;market for magnesium factory;1.3644269644141314e-11;unit;magnesium factory;0.0;technosphere;GLO;ecoinvent_cutoff_3.9_remind_SSP2-PkBudg500_2035;magnesium
541b34684b80152ee1e4cd38437c2890;sulfate pulp production, from eucalyptus, bleached;RLA;electricity, high voltage;;market for magnesium sulfate;0.00012770933681519574;kilogram;magnesium sulfate;0.0;technosphere;GLO;ecoinvent_cutoff_3.9_remind_SSP2-PkBudg500_2035;magnesium
5474abbb81531fd8ed138d99adacabfc;sulfate pulp production, from softwood, bleached;RoW;sulfate pulp, bleached;;market for magnesium sulfate;0.0022085051935336543;kilogram;magnesium sulfate;0.0;technosphere;GLO;ecoinvent_cutoff_3.9_remind_SSP2-PkBudg500_2035;magnesium
556bd847c2b34f0695575a04341aa19a;syngas, from biomass gasification;RER;syngas, from biomass gasification;;market for magnesium;0.0001307;kilogram;magnesium;;technosphere;GLO;ecoinvent_cutoff_3.9_remind_SSP2-PkBudg500_2035;magnesium
569c9e1f44a3102255b82538d269571c;cobalt production;GLO;copper concentrate, sulfide ore;;market for magnesium oxide;0.0032287351198416673;kilogram;magnesium oxide;0.0;technosphere;GLO;ecoinvent_cutoff_3.9_remind_SSP2-PkBudg500_2035;magnesium
56a72e8fc1e22ea5f6e14024b6dc86db;magnesium, for reuse in zirconium sponge production, to generic market for magnesium;US;magnesium;;market for magnesium, for reuse in zirconium sponge production;1.0;kilogram;magnesium, for reuse in zirconium sponge production;0.0;technosphere;US;ecoinvent_cutoff_3.9_remind_SSP2-PkBudg500_2035;magnesium
56d655915531646e93b8f5e1ff5e0cad;sugarcane processing, traditional annexed plant;BR;ethanol, without water, in 99.7% solution state, from fermentation;;market for magnesium sulfate;2.190740244480633e-07;kilogram;magnesium sulfate;0.0;technosphere;GLO;ecoinvent_cutoff_3.9_remind_SSP2-PkBudg500_2035;magnesium
57eee23197d6d1fbf4bdf8bc9b1d2ebb;cobalt production;GLO;copper, cathode;;market for magnesium oxide;0.013722873711140308;kilogram;magnesium oxide;0.0;technosphere;GLO;ecoinvent_cutoff_3.9_remind_SSP2-PkBudg500_2035;magnesium
580350488bce8b71d9c98333fd33e752;refractory production, basic, packed;RoW;refractory, basic, packed;;market for magnesium oxide;0.95;kilogram;magnesium oxide;0.0;technosphere;GLO;ecoinvent_cutoff_3.9_remind_SSP2-PkBudg500_2035;magnesium
58d9342d146e6a1afe4bca9547d9837b;milk production, from cow;CA-QC;cow milk;;market for magnesium oxide;0.00028372290063671926;kilogram;magnesium oxide;0.0;technosphere;GLO;ecoinvent_cutoff_3.9_remind_SSP2-PkBudg500_2035;magnesium
5a19be8ebfd722643b6e2cecd9cd20c3;cobalt production;GLO;ammonium sulfate;;market for magnesium oxide;0.0014602700228792422;kilogram;magnesium oxide;0.0;technosphere;GLO;ecoinvent_cutoff_3.9_remind_SSP2-PkBudg500_2035;magnesium
5bc9405f33e203ae49c30c47a900c444;kraft paper production;RER;kraft paper;;market for magnesium sulfate;0.00015956210967418106;kilogram;magnesium sulfate;0.0;technosphere;GLO;ecoinvent_cutoff_3.9_remind_SSP2-PkBudg500_2035;magnesium
644e4ef1bb47059673d3fc5eed879a1a;sulfate pulp production, from softwood, bleached;RER;bark chips, wet, measured as dry mass;;market for magnesium sulfate;0.00021151880726801196;kilogram;magnesium sulfate;0.0;technosphere;GLO;ecoinvent_cutoff_3.9_remind_SSP2-PkBudg500_2035;magnesium
652614ba0ccd7bfba75d651285350ed1;rare earth oxides production, from rare earth oxide concentrate, 50% REO;CN-NM;neodymium oxide;;market for magnesium oxide;0.8989266521629701;kilogram;magnesium oxide;0.0;technosphere;GLO;ecoinvent_cutoff_3.9_remind_SSP2-PkBudg500_2035;magnesium
65e92c1f24b04bb24bbb720b3b8583a0;milk production, from cow;RoW;cow milk;;market for magnesium oxide;0.00037844756460887497;kilogram;magnesium oxide;0.0;technosphere;GLO;ecoinvent_cutoff_3.9_remind_SSP2-PkBudg500_2035;magnesium
668f1588f43876be3bee7ee4f4c120c2;magnesium, for reuse in hafnium sponge production, to generic market for magnesium;RoW;magnesium;;market for magnesium, for reuse in hafnium sponge production;1.0;kilogram;magnesium, for reuse in hafnium sponge production;0.0;technosphere;RoW;ecoinvent_cutoff_3.9_remind_SSP2-PkBudg500_2035;magnesium
66c3208ee0e841e0fdf0eb0cc3d85853;sulfite pulp production, bleached;RER;sulfite pulp, bleached;;market for magnesium oxide;0.0065;kilogram;magnesium oxide;0.0;technosphere;GLO;ecoinvent_cutoff_3.9_remind_SSP2-PkBudg500_2035;magnesium
66d1cd82930e34a674c32d6408d466a8;aluminium alloy production, AlLi;CA-QC;aluminium alloy, AlLi;;market for magnesium;0.0019999957147535004;kilogram;magnesium;0.0;technosphere;GLO;ecoinvent_cutoff_3.9_remind_SSP2-PkBudg500_2035;magnesium
68099e21d604bdf7e9809ef51828b9fa;kraft paper production;RER;turpentine;;market for magnesium sulfate;0.0004872248478208817;kilogram;magnesium sulfate;0.0;technosphere;GLO;ecoinvent_cutoff_3.9_remind_SSP2-PkBudg500_2035;magnesium
6816483bfa4623c1237d46282a641353;primary zinc production from concentrate;RoW;sulfur dioxide, liquid;;market for magnesium;6.422662867538228e-07;kilogram;magnesium;0.0;technosphere;GLO;ecoinvent_cutoff_3.9_remind_SSP2-PkBudg500_2035;magnesium
6ae52094514a07e5cc44c9d4ff5212fe;maize silage production;ZA;maize silage;;market for magnesium oxide;1.29470387745908e-08;kilogram;magnesium oxide;0.0;technosphere;GLO;ecoinvent_cutoff_3.9_remind_SSP2-PkBudg500_2035;magnesium
6b0c1f209e8cd20af98d7d0c7b008c7f;ammonium paratungstate production, solvent extraction;US;ammonium paratungstate;;market for magnesium sulfate;0.013;kilogram;magnesium sulfate;0.0;technosphere;GLO;ecoinvent_cutoff_3.9_remind_SSP2-PkBudg500_2035;magnesium
6b3c9cc114b2ab9e16abcedf96079d0f;cobalt production;GLO;ferronickel;;market for magnesium oxide;0.01623953002618316;kilogram;magnesium oxide;0.0;technosphere;GLO;ecoinvent_cutoff_3.9_remind_SSP2-PkBudg500_2035;magnesium
6c656b1825deab00a2b0a4b7c8c7fb7c;rare earth oxides production, from rare earth oxide concentrate, 50% REO;CN-NM;magnesium sulfate;;market for magnesium oxide;0.017347707322443305;kilogram;magnesium oxide;0.0;technosphere;GLO;ecoinvent_cutoff_3.9_remind_SSP2-PkBudg500_2035;magnesium
6cf23ee2e279c5d45b46609698aac8ae;palm fruit bunch production;CO;palm fruit bunch;;market for magnesium oxide;0.000856762513312034;kilogram;magnesium oxide;0.0;technosphere;GLO;ecoinvent_cutoff_3.9_remind_SSP2-PkBudg500_2035;magnesium
6dac7ae5e5ea45a0ae0910959c8b65bf;syngas, from biomass gasification, pre, pipeline 200km, storage 1000m;RER;syngas, from biomass gasification, pre, pipeline 200km, storage 1000m;;market for magnesium;0.0001307;kilogram;magnesium;;technosphere;GLO;ecoinvent_cutoff_3.9_remind_SSP2-PkBudg500_2035;magnesium
6e0f0ae9bb6e6f063e4af45ec32d36b4;ethanol production from wood;RoW;electricity, high voltage;;market for magnesium sulfate;0.00016207448986492516;kilogram;magnesium sulfate;0.0;technosphere;GLO;ecoinvent_cutoff_3.9_remind_SSP2-PkBudg500_2035;magnesium
6fe257f8262f43e19f704faafc4ff225;cobalt hydroxide, via hydrometallurigcal ore procesing, economic allocation;CD;cobalt hydroxide;;market for magnesium oxide;0.41125;kilogram;magnesium oxide;;technosphere;GLO;ecoinvent_cutoff_3.9_remind_SSP2-PkBudg500_2035;magnesium
70385b6906939453cf390376e22eee01;primary zinc production from concentrate;RoW;lead concentrate;;market for magnesium;1.843451326865934e-06;kilogram;magnesium;0.0;technosphere;GLO;ecoinvent_cutoff_3.9_remind_SSP2-PkBudg500_2035;magnesium
713f5e7f5eb102cbe68eda46c23e7d4f;containerboard production, fluting medium, semichemical;RER;tall oil, crude;;market for magnesium oxide;0.001202167668449941;kilogram;magnesium oxide;0.0;technosphere;GLO;ecoinvent_cutoff_3.9_remind_SSP2-PkBudg500_2035;magnesium
71dcad4e1c66a17d6f82e3e97e3bad30;aluminium alloy production, AlLi;RoW;copper, cathode;;market for magnesium;0.001983910416646813;kilogram;magnesium;0.0;technosphere;GLO;ecoinvent_cutoff_3.9_remind_SSP2-PkBudg500_2035;magnesium
71e14875f2cd705fffd5e11e03a634cc;ethanol production from wood;CH;electricity, high voltage;;market for magnesium sulfate;0.00016207436181096233;kilogram;magnesium sulfate;0.0;technosphere;GLO;ecoinvent_cutoff_3.9_remind_SSP2-PkBudg500_2035;magnesium
7289b7a203283aa30eac0df211ceb859;kraft paper production;RoW;bark chips, wet, measured as dry mass;;market for magnesium sulfate;9.072093192177518e-06;kilogram;magnesium sulfate;0.0;technosphere;GLO;ecoinvent_cutoff_3.9_remind_SSP2-PkBudg500_2035;magnesium
72a62a903cd7636fcd3f739bc874de27;primary zinc production from concentrate;RoW;indium rich leaching residues, from zinc production;;market for magnesium;2.1082023152988074e-08;kilogram;magnesium;0.0;technosphere;GLO;ecoinvent_cutoff_3.9_remind_SSP2-PkBudg500_2035;magnesium
742f26e173550a3768499b0b8fcf91af;sulfate pulp production, from softwood, bleached;RER;sulfate pulp, bleached;;market for magnesium sulfate;0.0022085051935336543;kilogram;magnesium sulfate;0.0;technosphere;GLO;ecoinvent_cutoff_3.9_remind_SSP2-PkBudg500_2035;magnesium
7507e303d8b52c507971778a50369199;cobalt production;GLO;sulfuric acid;;market for magnesium oxide;0.00024209739852997962;kilogram;magnesium oxide;0.0;technosphere;GLO;ecoinvent_cutoff_3.9_remind_SSP2-PkBudg500_2035;magnesium
751a4c2c16f860965bf727603ff157d6;kraft paper production;RER;heat, district or industrial, other than natural gas;;market for magnesium sulfate;1.5444835954401902e-06;kilogram;magnesium sulfate;0.0;technosphere;GLO;ecoinvent_cutoff_3.9_remind_SSP2-PkBudg500_2035;magnesium
75b45f49f7ad440bdea35a8b57bdccbd;beryllium production;US;beryllium;;market for magnesium;3.0;kilogram;magnesium;0.0;technosphere;GLO;ecoinvent_cutoff_3.9_remind_SSP2-PkBudg500_2035;magnesium
76d3137a909b472fc34f3210f01814fb;ammonium paratungstate production, solvent extraction;RoW;ammonium paratungstate;;market for magnesium sulfate;0.013;kilogram;magnesium sulfate;0.0;technosphere;GLO;ecoinvent_cutoff_3.9_remind_SSP2-PkBudg500_2035;magnesium
77f7e7d18761fe31b0d2772a12879239;primary zinc production from concentrate;RoW;heat, from steam, in chemical industry;;market for magnesium;7.065031631644333e-08;kilogram;magnesium;0.0;technosphere;GLO;ecoinvent_cutoff_3.9_remind_SSP2-PkBudg500_2035;magnesium
7a389fb33ac326705e44b13ef468937d;magnesium production, electrolysis;IL;magnesium;;market for magnesium factory;1.658893258896467e-10;unit;magnesium factory;0.0;technosphere;GLO;ecoinvent_cutoff_3.9_remind_SSP2-PkBudg500_2035;magnesium
7abd9d49767fe3c51886b7417b8ca890;cobalt production;GLO;cobalt carbonate;;market for magnesium oxide;0.05222684086766811;kilogram;magnesium oxide;0.0;technosphere;GLO;ecoinvent_cutoff_3.9_remind_SSP2-PkBudg500_2035;magnesium
7c229b1620d0a5b9f819e6eeba8c7188;sugarcane processing, modern annexed plant;BR;electricity, high voltage;;market for magnesium sulfate;2.595769718990198e-08;kilogram;magnesium sulfate;0.0;technosphere;GLO;ecoinvent_cutoff_3.9_remind_SSP2-PkBudg500_2035;magnesium
7d0667663ef63cf66ae298e04ab72b45;computer production, laptop;GLO;computer, laptop;;market for magnesium-alloy, AZ91, diecast;0.067333333;kilogram;magnesium-alloy, AZ91, diecast;0.0;technosphere;GLO;ecoinvent_cutoff_3.9_remind_SSP2-PkBudg500_2035;magnesium
7fa1ef9f22f7d9d66336eb45276f9091;sulfate pulp production, from hardwood, bleached;RoW;electricity, high voltage;;market for magnesium sulfate;0.00017768844439900158;kilogram;magnesium sulfate;0.0;technosphere;GLO;ecoinvent_cutoff_3.9_remind_SSP2-PkBudg500_2035;magnesium
811841be7146ab6fcc8f9664a9194805;sugarcane processing, traditional annexed plant;CO;ethanol, without water, in 95% solution state, from fermentation;;market for magnesium sulfate;1.6279812825957e-07;kilogram;magnesium sulfate;0.0;technosphere;GLO;ecoinvent_cutoff_3.9_remind_SSP2-PkBudg500_2035;magnesium
81d93e7d1cd7eb9b151e3f26bf176544;paper production, woodfree, uncoated, at integrated mill;RoW;paper, woodfree, uncoated;;market for magnesium sulfate;0.00245;kilogram;magnesium sulfate;0.0;technosphere;GLO;ecoinvent_cutoff_3.9_remind_SSP2-PkBudg500_2035;magnesium
824b2369ada63a4192ecccf7235f71e2;refractory production, basic, packed;DE;refractory, basic, packed;;market for magnesium oxide;0.95;kilogram;magnesium oxide;0.0;technosphere;GLO;ecoinvent_cutoff_3.9_remind_SSP2-PkBudg500_2035;magnesium
84423832be3863a0ba9f7c262b82cee9;hafnium sponge production, from hafnium tetrachloride;RoW;hafnium sponge;;market for magnesium;0.01085220880279;kilogram;magnesium;0.0;technosphere;GLO;ecoinvent_cutoff_3.9_remind_SSP2-PkBudg500_2035;magnesium
84423832be3863a0ba9f7c262b82cee9;hafnium sponge production, from hafnium tetrachloride;RoW;hafnium sponge;;market for magnesium, for reuse in hafnium sponge production;0.26148779119721;kilogram;magnesium, for reuse in hafnium sponge production;0.0;technosphere;RoW;ecoinvent_cutoff_3.9_remind_SSP2-PkBudg500_2035;magnesium
856fe8b1826281f593d951eb151bc39f;sugarcane processing, traditional annexed plant;RoW;ethanol, without water, in 99.7% solution state, from fermentation;;market for magnesium sulfate;2.190740244480633e-07;kilogram;magnesium sulfate;0.0;technosphere;GLO;ecoinvent_cutoff_3.9_remind_SSP2-PkBudg500_2035;magnesium
85ab9f68492edf16a8386d53c9f442af;ammonium paratungstate production, solvent extraction;AT;ammonium paratungstate;;market for magnesium sulfate;0.013;kilogram;magnesium sulfate;0.0;technosphere;GLO;ecoinvent_cutoff_3.9_remind_SSP2-PkBudg500_2035;magnesium
85fa3024e9fdcff29181337df8d326ec;magnesium, for reuse in hafnium sponge production, to generic market for magnesium;FR;magnesium;;market for magnesium, for reuse in hafnium sponge production;1.0;kilogram;magnesium, for reuse in hafnium sponge production;0.0;technosphere;FR;ecoinvent_cutoff_3.9_remind_SSP2-PkBudg500_2035;magnesium
862d674ec57b4bd96d331006a66c74a4;ethanol production from wood;CH;ethanol, without water, in 95% solution state, from fermentation;;market for magnesium sulfate;0.0005374830422390154;kilogram;magnesium sulfate;0.0;technosphere;GLO;ecoinvent_cutoff_3.9_remind_SSP2-PkBudg500_2035;magnesium
89202f17226d48a5d361a3d55789fcdf;titanium sponge production, from titanium tetrachloride;CN;titanium sponge;;market for magnesium;0.041;kilogram;magnesium;0.0;technosphere;GLO;ecoinvent_cutoff_3.9_remind_SSP2-PkBudg500_2035;magnesium
89202f17226d48a5d361a3d55789fcdf;titanium sponge production, from titanium tetrachloride;CN;titanium sponge;;market for magnesium, for reuse in titanium sponge production;0.9745;kilogram;magnesium, for reuse in titanium sponge production;0.0;technosphere;CN;ecoinvent_cutoff_3.9_remind_SSP2-PkBudg500_2035;magnesium
8922e7e132f2a67057c1a91d26ee021c;sugarcane processing, traditional annexed plant;CO;ethanol, without water, in 99.7% solution state, from fermentation;;market for magnesium sulfate;2.190740244480633e-07;kilogram;magnesium sulfate;0.0;technosphere;GLO;ecoinvent_cutoff_3.9_remind_SSP2-PkBudg500_2035;magnesium
89c78710c7b8df2efe60f832b532f2d0;sulfate pulp production, from softwood, bleached;RoW;methanol, from biomass;;market for magnesium sulfate;0.0013437665402908994;kilogram;magnesium sulfate;0.0;technosphere;GLO;ecoinvent_cutoff_3.9_remind_SSP2-PkBudg500_2035;magnesium
8b1492bd8ba24a9de47c30c33204c664;mango seedling production, for planting;BR;mango seedling, for planting;;market for magnesium oxide;0.0018;kilogram;magnesium oxide;0.0;technosphere;GLO;ecoinvent_cutoff_3.9_remind_SSP2-PkBudg500_2035;magnesium
8bdcea421dbf8e54737ecff76e13e7fb;zirconium sponge production, from zirconium tetrachloride;RoW;zirconium sponge, nuclear-grade;;market for magnesium;0.021232671561086;kilogram;magnesium;0.0;technosphere;GLO;ecoinvent_cutoff_3.9_remind_SSP2-PkBudg500_2035;magnesium
8bdcea421dbf8e54737ecff76e13e7fb;zirconium sponge production, from zirconium tetrachloride;RoW;zirconium sponge, nuclear-grade;;market for magnesium, for reuse in zirconium sponge production;0.511627328438914;kilogram;magnesium, for reuse in zirconium sponge production;0.0;technosphere;RoW;ecoinvent_cutoff_3.9_remind_SSP2-PkBudg500_2035;magnesium
8cb5457a968c86e72f0019f1e2084e7b;ammonium paratungstate production, solvent extraction;DE;ammonium paratungstate;;market for magnesium sulfate;0.013;kilogram;magnesium sulfate;0.0;technosphere;GLO;ecoinvent_cutoff_3.9_remind_SSP2-PkBudg500_2035;magnesium
8d219eca0a4a98126ad38ea18f2db579;aluminium alloy production, AlMg3;RoW;aluminium alloy, AlMg3;;market for magnesium;0.0305;kilogram;magnesium;0.0;technosphere;GLO;ecoinvent_cutoff_3.9_remind_SSP2-PkBudg500_2035;magnesium
8d984c025998dcd2c198335ff55a28c5;sulfate pulp production, from hardwood, bleached;RER;methanol, from biomass;;market for magnesium sulfate;0.00034052146239839663;kilogram;magnesium sulfate;0.0;technosphere;GLO;ecoinvent_cutoff_3.9_remind_SSP2-PkBudg500_2035;magnesium
8ded7fcc259f91a42ba1d78a57a3f98a;electrolysis of magnesium chloride, from titanium sponge production;RoW;chlorine, for reuse in titanium tetrachloride production;;market for magnesium chloride, from titanium sponge production;0.29440262101382725;kilogram;magnesium chloride, from titanium sponge production;0.0;technosphere;GLO;ecoinvent_cutoff_3.9_remind_SSP2-PkBudg500_2035;magnesium
8ebdcddc3b459d733b720f7fe6c403b7;primary zinc production from concentrate;RoW;cobalt;;market for magnesium;0.00013000665028387227;kilogram;magnesium;0.0;technosphere;GLO;ecoinvent_cutoff_3.9_remind_SSP2-PkBudg500_2035;magnesium
90de611de24cd38e8ae3b38b725730ae;rare earth oxides production, from rare earth oxide concentrate, 50% REO;CN-NM;praseodymium oxide;;market for magnesium oxide;0.84372940159156;kilogram;magnesium oxide;0.0;technosphere;GLO;ecoinvent_cutoff_3.9_remind_SSP2-PkBudg500_2035;magnesium
936da08864a9a3db33f7a6c8b16e09c9;milk production, from cow;RoW;cattle for slaughtering, live weight;;market for magnesium oxide;0.00219586337631224;kilogram;magnesium oxide;0.0;technosphere;GLO;ecoinvent_cutoff_3.9_remind_SSP2-PkBudg500_2035;magnesium
93d8bcc0ebea834e24718311e384d57e;cobalt production;GLO;nickel concentrate, 16% Ni;;market for magnesium oxide;0.006590988796962836;kilogram;magnesium oxide;0.0;technosphere;GLO;ecoinvent_cutoff_3.9_remind_SSP2-PkBudg500_2035;magnesium
98076223a82c1b94e85037f128e83143;cobalt production;GLO;cobalt;;market for magnesium oxide;0.10192520414714398;kilogram;magnesium oxide;0.0;technosphere;GLO;ecoinvent_cutoff_3.9_remind_SSP2-PkBudg500_2035;magnesium
983cdb4d5c672e5cf56d6e3db5fe1413;sulfate pulp production, from eucalyptus, bleached;RoW;heat, district or industrial, other than natural gas;;market for magnesium sulfate;7.203417988076755e-06;kilogram;magnesium sulfate;0.0;technosphere;GLO;ecoinvent_cutoff_3.9_remind_SSP2-PkBudg500_2035;magnesium
988664bc64cd21bfd6cca5d49967971c;wheat production;ZA;straw;;market for magnesium sulfate;1.095914127423823e-06;kilogram;magnesium sulfate;0.0;technosphere;GLO;ecoinvent_cutoff_3.9_remind_SSP2-PkBudg500_2035;magnesium
988aa3d2dd7e8c1a76ec05e8fcdda8d7;sugarcane processing, modern autonomous plant;BR;electricity, high voltage;;market for magnesium sulfate;3.5349191903167534e-08;kilogram;magnesium sulfate;0.0;technosphere;GLO;ecoinvent_cutoff_3.9_remind_SSP2-PkBudg500_2035;magnesium
98d21615166463550774991df1feeafb;sulfate pulp production, from softwood, bleached;RoW;heat, district or industrial, other than natural gas;;market for magnesium sulfate;3.511017592486399e-05;kilogram;magnesium sulfate;0.0;technosphere;GLO;ecoinvent_cutoff_3.9_remind_SSP2-PkBudg500_2035;magnesium
99c1d8bf5fd31ffcfb85e20d0f49e7f2;sulfate pulp production, from eucalyptus, bleached;RER;sulfate pulp, bleached;;market for magnesium sulfate;0.0009155713178372022;kilogram;magnesium sulfate;0.0;technosphere;GLO;ecoinvent_cutoff_3.9_remind_SSP2-PkBudg500_2035;magnesium
9f01dc83b31c815ff554fe7189874241;magnesium-alloy production, AZ91;RoW;magnesium-alloy, AZ91;;market for magnesium;0.909;kilogram;magnesium;0.0;technosphere;GLO;ecoinvent_cutoff_3.9_remind_SSP2-PkBudg500_2035;magnesium
a1ecfb4f0eb2e2ee9bd622908ec2d579;sulfate pulp production, from eucalyptus, bleached;RLA;heat, district or industrial, other than natural gas;;market for magnesium sulfate;6.53446106704418e-06;kilogram;magnesium sulfate;0.0;technosphere;GLO;ecoinvent_cutoff_3.9_remind_SSP2-PkBudg500_2035;magnesium
a24d9f894112da28836deab6a8ad2469;sulfate pulp production, from softwood, bleached;RER;turpentine;;market for magnesium sulfate;0.011359806000590186;kilogram;magnesium sulfate;0.0;technosphere;GLO;ecoinvent_cutoff_3.9_remind_SSP2-PkBudg500_2035;magnesium
a344462f42ad9bfd317059c6a3e0e51f;primary zinc production from concentrate;RoW;ammonium sulfate;;market for magnesium;1.8630625111942952e-06;kilogram;magnesium;0.0;technosphere;GLO;ecoinvent_cutoff_3.9_remind_SSP2-PkBudg500_2035;magnesium
a383d241149ab3a79bde680188eb195f;sulfate pulp production, from softwood, bleached;RER;methanol, from biomass;;market for magnesium sulfate;0.0013437665402908994;kilogram;magnesium sulfate;0.0;technosphere;GLO;ecoinvent_cutoff_3.9_remind_SSP2-PkBudg500_2035;magnesium
a3b3a5a02a4ffec247bb1493a0e426e2;zirconium sponge production, from zirconium tetrachloride;US;zirconium sponge, nuclear-grade;;market for magnesium;0.021232671561086;kilogram;magnesium;0.0;technosphere;GLO;ecoinvent_cutoff_3.9_remind_SSP2-PkBudg500_2035;magnesium
a3b3a5a02a4ffec247bb1493a0e426e2;zirconium sponge production, from zirconium tetrachloride;US;zirconium sponge, nuclear-grade;;market for magnesium, for reuse in zirconium sponge production;0.511627328438914;kilogram;magnesium, for reuse in zirconium sponge production;0.0;technosphere;US;ecoinvent_cutoff_3.9_remind_SSP2-PkBudg500_2035;magnesium
a556d8ac234ea2ffca19cc38228f89b0;milk production, from cow;ZA;cattle for slaughtering, live weight;;market for magnesium oxide;0.00356141827701359;kilogram;magnesium oxide;0.0;technosphere;GLO;ecoinvent_cutoff_3.9_remind_SSP2-PkBudg500_2035;magnesium
a609be49be320e897f0612925f6424f4;aluminium alloy production, AlLi;RoW;aluminium alloy, AlLi;;market for magnesium;0.0019999957147535004;kilogram;magnesium;0.0;technosphere;GLO;ecoinvent_cutoff_3.9_remind_SSP2-PkBudg500_2035;magnesium
a61f3ad9d0bc6632332f3da5c8c82eb3;magnesium, for reuse in titanium sponge production, to generic market for magnesium;JP;magnesium;;market for magnesium, for reuse in titanium sponge production;1.0;kilogram;magnesium, for reuse in titanium sponge production;0.0;technosphere;JP;ecoinvent_cutoff_3.9_remind_SSP2-PkBudg500_2035;magnesium
a69634bc879d3e707c859711181c3319;beryllium production;RoW;beryllium;;market for magnesium;3.0;kilogram;magnesium;0.0;technosphere;GLO;ecoinvent_cutoff_3.9_remind_SSP2-PkBudg500_2035;magnesium
a6dce4d31abdbe1ca65d9b13d51beffc;rare earth oxides production, from rare earth oxide concentrate, 50% REO;CN-NM;hydrogen fluoride;;market for magnesium oxide;0.15770643020402997;kilogram;magnesium oxide;0.0;technosphere;GLO;ecoinvent_cutoff_3.9_remind_SSP2-PkBudg500_2035;magnesium
a748829b57a7fd953f334bba353a7ffe;cobalt production;GLO;copper, anode;;market for magnesium oxide;0.014767955624147608;kilogram;magnesium oxide;0.0;technosphere;GLO;ecoinvent_cutoff_3.9_remind_SSP2-PkBudg500_2035;magnesium
a8132557ecd013681c3b9d1af4e5003f;sulfate pulp production, from eucalyptus, bleached;RER;electricity, high voltage;;market for magnesium sulfate;0.000251975542965337;kilogram;magnesium sulfate;0.0;technosphere;GLO;ecoinvent_cutoff_3.9_remind_SSP2-PkBudg500_2035;magnesium
a8cdb94a086869b08cae3d3d94ead096;cobalt production;GLO;calcium carbonate, precipitated;;market for magnesium oxide;0.0017369527640563617;kilogram;magnesium oxide;0.0;technosphere;GLO;ecoinvent_cutoff_3.9_remind_SSP2-PkBudg500_2035;magnesium
aa89528570a217d1648075dc6605646b;protein pea production;CA-AB;protein pea;;market for magnesium;2.9927e-05;kilogram;magnesium;0.0;technosphere;GLO;ecoinvent_cutoff_3.9_remind_SSP2-PkBudg500_2035;magnesium
aa8b0698ea411dc6ad76508103096f02;sugarcane processing, traditional annexed plant;RoW;sugar, from sugarcane;;market for magnesium sulfate;2.1907402444806333e-07;kilogram;magnesium sulfate;0.0;technosphere;GLO;ecoinvent_cutoff_3.9_remind_SSP2-PkBudg500_2035;magnesium
ada4d2606dc6c356e6d8d211530d51fc;rare earth oxides production, from rare earth oxide concentrate, 50% REO;CN-NM;samarium-europium-gadolinium oxide;;market for magnesium oxide;0.5377789269957419;kilogram;magnesium oxide;0.0;technosphere;GLO;ecoinvent_cutoff_3.9_remind_SSP2-PkBudg500_2035;magnesium
aff9aca5b98c143a20d999e25b4cb133;cobalt production;GLO;sulfur;;market for magnesium oxide;0.0002120379474929861;kilogram;magnesium oxide;0.0;technosphere;GLO;ecoinvent_cutoff_3.9_remind_SSP2-PkBudg500_2035;magnesium
b4a0d3ef68fcd64ee1f344bf9d88ad1a;containerboard production, fluting medium, semichemical;RER;containerboard, fluting medium;;market for magnesium oxide;0.001100921373159375;kilogram;magnesium oxide;0.0;technosphere;GLO;ecoinvent_cutoff_3.9_remind_SSP2-PkBudg500_2035;magnesium
b4d7eea9bced18291b10dfb6b0ed9aaf;magnesium, for reuse in titanium sponge production, to generic market for magnesium;CN;magnesium;;market for magnesium, for reuse in titanium sponge production;1.0;kilogram;magnesium, for reuse in titanium sponge production;0.0;technosphere;CN;ecoinvent_cutoff_3.9_remind_SSP2-PkBudg500_2035;magnesium
b4db1c578282897004c3ee84f91a3459;sulfate pulp production, from softwood, bleached;RoW;turpentine;;market for magnesium sulfate;0.011359806000590186;kilogram;magnesium sulfate;0.0;technosphere;GLO;ecoinvent_cutoff_3.9_remind_SSP2-PkBudg500_2035;magnesium
b54c300fd630c7ebb0e12037f12c8245;sugarcane processing, traditional annexed plant;BR;ethanol, without water, in 95% solution state, from fermentation;;market for magnesium sulfate;1.6279812825957e-07;kilogram;magnesium sulfate;0.0;technosphere;GLO;ecoinvent_cutoff_3.9_remind_SSP2-PkBudg500_2035;magnesium
b5d729734385452fa8e6c88dffdc7ada;hydrogen production, steam methane reforming of natural gas, 25 bar;CH;hydrogen, gaseous, 25 bar;;market for magnesium oxide;2.796e-05;kilogram;magnesium oxide;;technosphere;GLO;ecoinvent_cutoff_3.9_remind_SSP2-PkBudg500_2035;magnesium
b846eceb3909325640676b8f8e9af204;kraft paper production;RoW;kraft paper;;market for magnesium sulfate;0.00015956210967418106;kilogram;magnesium sulfate;0.0;technosphere;GLO;ecoinvent_cutoff_3.9_remind_SSP2-PkBudg500_2035;magnesium
b92bef1dce2555742777b7c679827b38;mango production;BR;mango;;market for magnesium oxide;0.00227;kilogram;magnesium oxide;0.0;technosphere;GLO;ecoinvent_cutoff_3.9_remind_SSP2-PkBudg500_2035;magnesium
b961ed7118316b17cb7f7093a3f809b8;coffee green bean production, arabica, not irrigated;BR-MG;coffee, green bean;;market for magnesium sulfate;3.12e-06;kilogram;magnesium sulfate;0.0;technosphere;GLO;ecoinvent_cutoff_3.9_remind_SSP2-PkBudg500_2035;magnesium
ba86ae210b0f9f092884d8960d018a01;zirconium sponge production, from zirconium tetrachloride;FR;zirconium sponge, nuclear-grade;;market for magnesium;0.021232671561086;kilogram;magnesium;0.0;technosphere;GLO;ecoinvent_cutoff_3.9_remind_SSP2-PkBudg500_2035;magnesium
ba86ae210b0f9f092884d8960d018a01;zirconium sponge production, from zirconium tetrachloride;FR;zirconium sponge, nuclear-grade;;market for magnesium, for reuse in zirconium sponge production;0.511627328438914;kilogram;magnesium, for reuse in zirconium sponge production;0.0;technosphere;FR;ecoinvent_cutoff_3.9_remind_SSP2-PkBudg500_2035;magnesium
bcf8a9b309e72ec9db1ad0bba2cb237f;aluminium alloy production, Metallic Matrix Composite;CA-QC;copper, cathode;;market for magnesium;0.0018850013028455124;kilogram;magnesium;0.0;technosphere;GLO;ecoinvent_cutoff_3.9_remind_SSP2-PkBudg500_2035;magnesium
bebffeca947106704a53a744901b6236;electrolysis of magnesium chloride, from zirconium sponge production;RoW;magnesium, for reuse in zirconium sponge production;;market for magnesium chloride, from zirconium sponge production;3.579336960555107;kilogram;magnesium chloride, from zirconium sponge production;0.0;technosphere;GLO;ecoinvent_cutoff_3.9_remind_SSP2-PkBudg500_2035;magnesium
bef6998eafd0dd74628ae322f6d26bed;sulfate pulp production, from eucalyptus, bleached;RLA;sulfate pulp, bleached;;market for magnesium sulfate;0.0004434622199338454;kilogram;magnesium sulfate;0.0;technosphere;GLO;ecoinvent_cutoff_3.9_remind_SSP2-PkBudg500_2035;magnesium
bf5187e9a92c3f64e1c9084e180753b1;ethanol production from wood;SE;electricity, high voltage;;market for magnesium sulfate;0.00016207436181096233;kilogram;magnesium sulfate;0.0;technosphere;GLO;ecoinvent_cutoff_3.9_remind_SSP2-PkBudg500_2035;magnesium
c110eb42b0c751592b168fa25d47c686;electrolysis of magnesium chloride, from hafnium sponge production;RoW;chlorine, for reuse in zirconium and hafnium tetrachloride production;;market for magnesium chloride, from hafnium sponge production;0.2943977159177971;kilogram;magnesium chloride, from hafnium sponge production;0.0;technosphere;GLO;ecoinvent_cutoff_3.9_remind_SSP2-PkBudg500_2035;magnesium
c14ef61db2762aff51cb00ab3a1632b4;ethanol production from wood;RoW;ethanol, without water, in 95% solution state, from fermentation;;market for magnesium sulfate;0.0005374834669010824;kilogram;magnesium sulfate;0.0;technosphere;GLO;ecoinvent_cutoff_3.9_remind_SSP2-PkBudg500_2035;magnesium
c1fd61e3898c48de931372b30c503195;hydrogen production, steam methane reforming, from biomethane, high and low temperature, 26 bar;CH;hydrogen, gaseous, 26 bar;;market for magnesium oxide;2.796e-05;kilogram;magnesium oxide;;technosphere;GLO;ecoinvent_cutoff_3.9_remind_SSP2-PkBudg500_2035;magnesium
c28fea90ce64b01bee44487232ad77bf;primary zinc production from concentrate;RoW;zinc;;market for magnesium;5.09890792537386e-06;kilogram;magnesium;0.0;technosphere;GLO;ecoinvent_cutoff_3.9_remind_SSP2-PkBudg500_2035;magnesium
c44515a589b32567c01a22ec54dddc82;sugarcane processing, traditional annexed plant;CO;bagasse, from sugarcane;;market for magnesium sulfate;5.0246335882583335e-09;kilogram;magnesium sulfate;0.0;technosphere;GLO;ecoinvent_cutoff_3.9_remind_SSP2-PkBudg500_2035;magnesium
c89d61bea420f266a883eec928160bbb;aluminium alloy production, Metallic Matrix Composite;RoW;copper, cathode;;market for magnesium;0.0018850013028455124;kilogram;magnesium;0.0;technosphere;GLO;ecoinvent_cutoff_3.9_remind_SSP2-PkBudg500_2035;magnesium
c8edd9fe348d0966afb4efef20769414;electrolysis of magnesium chloride, from hafnium sponge production;FR;magnesium, for reuse in hafnium sponge production;;market for magnesium chloride, from hafnium sponge production;3.579336960555107;kilogram;magnesium chloride, from hafnium sponge production;0.0;technosphere;GLO;ecoinvent_cutoff_3.9_remind_SSP2-PkBudg500_2035;magnesium
c958c5df1387ab68b017a0b8a196982f;magnesium production, electrolysis;RoW;chlorine, liquid;;market for magnesium factory;1.3644269644141314e-11;unit;magnesium factory;0.0;technosphere;GLO;ecoinvent_cutoff_3.9_remind_SSP2-PkBudg500_2035;magnesium
cbd26596a2ed1f7ec4d3685746b8838f;sulfate pulp production, from hardwood, bleached;RER;electricity, high voltage;;market for magnesium sulfate;0.00020940011728931744;kilogram;magnesium sulfate;0.0;technosphere;GLO;ecoinvent_cutoff_3.9_remind_SSP2-PkBudg500_2035;magnesium
cc50c65910c2ef8a532b10ea29983639;miscanthus rhizome production, for planting;RoW;miscanthus rhizome, for planting;;market for magnesium oxide;4.413611111111111e-05;kilogram;magnesium oxide;0.0;technosphere;GLO;ecoinvent_cutoff_3.9_remind_SSP2-PkBudg500_2035;magnesium
ce9d3f1079011c9547a64c8d3c76adc7;primary zinc production from concentrate;RoW;sulfuric acid;;market for magnesium;3.088761531716858e-07;kilogram;magnesium;0.0;technosphere;GLO;ecoinvent_cutoff_3.9_remind_SSP2-PkBudg500_2035;magnesium
cff6b310b4d72657cb3dc4c02f951829;primary zinc production from concentrate;RoW;silver;;market for magnesium;0.0015902578313639125;kilogram;magnesium;0.0;technosphere;GLO;ecoinvent_cutoff_3.9_remind_SSP2-PkBudg500_2035;magnesium
d0293ee388dc8e43c64daa314e33441b;magnesium, for reuse in hafnium sponge production, to generic market for magnesium;US;magnesium;;market for magnesium, for reuse in hafnium sponge production;1.0;kilogram;magnesium, for reuse in hafnium sponge production;0.0;technosphere;US;ecoinvent_cutoff_3.9_remind_SSP2-PkBudg500_2035;magnesium
d2606dbee66c914310eb035b953e8df0;milk production, from cow;CA-QC;cattle for slaughtering, live weight;;market for magnesium oxide;0.0016462431913735144;kilogram;magnesium oxide;0.0;technosphere;GLO;ecoinvent_cutoff_3.9_remind_SSP2-PkBudg500_2035;magnesium
d28cc50dd4eb2fa7a25bf08987c6ff90;electrolysis of magnesium chloride, from titanium sponge production;RoW;magnesium, for reuse in titanium sponge production;;market for magnesium chloride, from titanium sponge production;3.5793965975378907;kilogram;magnesium chloride, from titanium sponge production;0.0;technosphere;GLO;ecoinvent_cutoff_3.9_remind_SSP2-PkBudg500_2035;magnesium
d2cf5c13fe7c469f89b51e553fb07495;hydrogen production, steam methane reforming, from biomethane, high and low temperature, with CCS (MDEA, 98% eff.), 26 bar;CH;hydrogen, gaseous, 26 bar;;market for magnesium oxide;2.796e-05;kilogram;magnesium oxide;;technosphere;GLO;ecoinvent_cutoff_3.9_remind_SSP2-PkBudg500_2035;magnesium
d3e2919c59e1e63dc0e9d3bd9961d389;electrolysis of magnesium chloride, from titanium sponge production;CN;magnesium, for reuse in titanium sponge production;;market for magnesium chloride, from titanium sponge production;3.5793965975378907;kilogram;magnesium chloride, from titanium sponge production;0.0;technosphere;GLO;ecoinvent_cutoff_3.9_remind_SSP2-PkBudg500_2035;magnesium
d4655f41610c58facdac77b3f5c4dfac;sugarcane processing, traditional annexed plant;RoW;ethanol, without water, in 95% solution state, from fermentation;;market for magnesium sulfate;1.6279812825957e-07;kilogram;magnesium sulfate;0.0;technosphere;GLO;ecoinvent_cutoff_3.9_remind_SSP2-PkBudg500_2035;magnesium
d4acfa901da236976977fa51ebf8b604;sulfate pulp production, from eucalyptus, bleached;RoW;sulfate pulp, bleached;;market for magnesium sulfate;0.0004920055980101154;kilogram;magnesium sulfate;0.0;technosphere;GLO;ecoinvent_cutoff_3.9_remind_SSP2-PkBudg500_2035;magnesium
d728a3079ede62312f9c8c36d0497517;sulfate pulp production, from softwood, bleached;RER;tall oil, crude;;market for magnesium sulfate;0.004062374864431279;kilogram;magnesium sulfate;0.0;technosphere;GLO;ecoinvent_cutoff_3.9_remind_SSP2-PkBudg500_2035;magnesium
d7887c75c3e4127548a9caf0f4bac50a;primary zinc production from concentrate;RoW;gold;;market for magnesium;0.12319937409687723;kilogram;magnesium;0.0;technosphere;GLO;ecoinvent_cutoff_3.9_remind_SSP2-PkBudg500_2035;magnesium
d82453d9c3d0740d26e7f83eb7bfd671;primary zinc production from concentrate;RoW;zinc monosulfate;;market for magnesium;2.309216954664508e-06;kilogram;magnesium;0.0;technosphere;GLO;ecoinvent_cutoff_3.9_remind_SSP2-PkBudg500_2035;magnesium
d8422a947ab906951b1ccdc0c4b0dd3e;electrolysis of magnesium chloride, from hafnium sponge production;RoW;magnesium, for reuse in hafnium sponge production;;market for magnesium chloride, from hafnium sponge production;3.579336960555107;kilogram;magnesium chloride, from hafnium sponge production;0.0;technosphere;GLO;ecoinvent_cutoff_3.9_remind_SSP2-PkBudg500_2035;magnesium
d9aac5692b4d122f91475cd9e581a07f;cobalt production;GLO;ammonia, anhydrous, liquid;;market for magnesium oxide;0.0012796576779441778;kilogram;magnesium oxide;0.0;technosphere;GLO;ecoinvent_cutoff_3.9_remind_SSP2-PkBudg500_2035;magnesium
db1d69297d6afcbb7bfb64c2232af971;sugarcane processing, modern annexed plant;BR;sugar, from sugarcane;;market for magnesium sulfate;1.1583987691706515e-07;kilogram;magnesium sulfate;0.0;technosphere;GLO;ecoinvent_cutoff_3.9_remind_SSP2-PkBudg500_2035;magnesium
dbd779e3eda765ede13b580e6e31444d;rare earth oxides production, from rare earth oxide concentrate, 50% REO;CN-NM;lanthanum oxide;;market for magnesium oxide;0.537778926995742;kilogram;magnesium oxide;0.0;technosphere;GLO;ecoinvent_cutoff_3.9_remind_SSP2-PkBudg500_2035;magnesium
dbdfd55b7cd276b576a2589b974e991b;electrolysis of magnesium chloride, from zirconium sponge production;FR;chlorine, for reuse in zirconium and hafnium tetrachloride production;;market for magnesium chloride, from zirconium sponge production;0.2943977159177971;kilogram;magnesium chloride, from zirconium sponge production;0.0;technosphere;GLO;ecoinvent_cutoff_3.9_remind_SSP2-PkBudg500_2035;magnesium
ddd476a7ad336c3884f0726e2d2a790e;electrolysis of magnesium chloride, from titanium sponge production;JP;chlorine, for reuse in titanium tetrachloride production;;market for magnesium chloride, from titanium sponge production;0.29440262101382725;kilogram;magnesium chloride, from titanium sponge production;0.0;technosphere;GLO;ecoinvent_cutoff_3.9_remind_SSP2-PkBudg500_2035;magnesium
dfa420a6c83d2cfd20ea53c9816ba847;kraft paper production;RER;tall oil, crude;;market for magnesium sulfate;0.00017423624796154735;kilogram;magnesium sulfate;0.0;technosphere;GLO;ecoinvent_cutoff_3.9_remind_SSP2-PkBudg500_2035;magnesium
e042bbbf7d8bb8afaacfba0700a468ba;sulfate pulp production, from hardwood, bleached;RER;sulfate pulp, bleached;;market for magnesium sulfate;0.0005596533294047721;kilogram;magnesium sulfate;0.0;technosphere;GLO;ecoinvent_cutoff_3.9_remind_SSP2-PkBudg500_2035;magnesium
e0629feff9e64d04a2ea309bf7471b46;hydrogen production, auto-thermal reforming of natural gas, with CCS (MDEA, 98% eff.), 25 bar;RER;hydrogen, gaseous, 25 bar;;market for magnesium oxide;2.796e-05;kilogram;magnesium oxide;;technosphere;GLO;ecoinvent_cutoff_3.9_remind_SSP2-PkBudg500_2035;magnesium
e1013e5f10267ae31b937434eaad8f3f;kraft paper production;RoW;electricity, high voltage;;market for magnesium sulfate;3.0185347142153544e-05;kilogram;magnesium sulfate;0.0;technosphere;GLO;ecoinvent_cutoff_3.9_remind_SSP2-PkBudg500_2035;magnesium
e4af232dac2901c11771c4880e2e593b;water production, deionised;RoW;water, deionised;;market for magnesium oxide;9.14e-06;kilogram;magnesium oxide;0.0;technosphere;GLO;ecoinvent_cutoff_3.9_remind_SSP2-PkBudg500_2035;magnesium
e5796673b215ccf278e7ee7a42cac77c;containerboard production, fluting medium, semichemical, 40% recycled content;CA-QC;containerboard, fluting medium;;market for magnesium oxide;2.5673870976533727e-05;kilogram;magnesium oxide;0.0;technosphere;GLO;ecoinvent_cutoff_3.9_remind_SSP2-PkBudg500_2035;magnesium
e808f40cb931105675145e9660468e09;cobalt production;GLO;electrolyte, nickel-rich;;market for magnesium oxide;0.7145967841416981;kilogram;magnesium oxide;0.0;technosphere;GLO;ecoinvent_cutoff_3.9_remind_SSP2-PkBudg500_2035;magnesium
e8a4bf6eab47234fd72e2dda013ee22e;primary zinc production from concentrate;RoW;copper concentrate, sulfide ore;;market for magnesium;4.119330853955955e-06;kilogram;magnesium;0.0;technosphere;GLO;ecoinvent_cutoff_3.9_remind_SSP2-PkBudg500_2035;magnesium
e93860738a36b14733537def1485b7f6;sugarcane processing, modern annexed plant;BR;ethanol, without water, in 99.7% solution state, from fermentation;;market for magnesium sulfate;1.1583987691706515e-07;kilogram;magnesium sulfate;0.0;technosphere;GLO;ecoinvent_cutoff_3.9_remind_SSP2-PkBudg500_2035;magnesium
e953d2cb1504e5b59315ed9c6f636199;miscanthus rhizome production, for planting;RoW;miscanthus, chopped;;market for magnesium oxide;4.413611111111111e-05;kilogram;magnesium oxide;0.0;technosphere;GLO;ecoinvent_cutoff_3.9_remind_SSP2-PkBudg500_2035;magnesium
e97fa8b32c22a155d672e4d6a7058c6a;sulfate pulp production, from softwood, bleached;RoW;tall oil, crude;;market for magnesium sulfate;0.004062374864431279;kilogram;magnesium sulfate;0.0;technosphere;GLO;ecoinvent_cutoff_3.9_remind_SSP2-PkBudg500_2035;magnesium
ec67918078829ae83e6e8dcf767c9cec;sugarcane processing, traditional annexed plant;RoW;bagasse, from sugarcane;;market for magnesium sulfate;5.0246335882583335e-09;kilogram;magnesium sulfate;0.0;technosphere;GLO;ecoinvent_cutoff_3.9_remind_SSP2-PkBudg500_2035;magnesium
edcbb15d66ad7eb71522f89a105dbb9d;cobalt production;GLO;cobalt oxide;;market for magnesium oxide;0.08124475964489589;kilogram;magnesium oxide;0.0;technosphere;GLO;ecoinvent_cutoff_3.9_remind_SSP2-PkBudg500_2035;magnesium
eddda1bb1c5f0f86bd26bebe68586326;sulfate pulp production, from softwood, bleached;RoW;bark chips, wet, measured as dry mass;;market for magnesium sulfate;0.00021151880726801196;kilogram;magnesium sulfate;0.0;technosphere;GLO;ecoinvent_cutoff_3.9_remind_SSP2-PkBudg500_2035;magnesium
eedc760495e84933b265fd180d864035;hydrogen production, steam methane reforming of natural gas, with CCS (MDEA, 98% eff.), 25 bar;CH;hydrogen, gaseous, 25 bar;;market for magnesium oxide;2.796e-05;kilogram;magnesium oxide;;technosphere;GLO;ecoinvent_cutoff_3.9_remind_SSP2-PkBudg500_2035;magnesium
f0b4a46dd9ea4c84ff5ce2131e34ed46;sulfate pulp production, from softwood, bleached;RER;sawdust, wet, measured as dry mass;;market for magnesium sulfate;0.0006283352804138002;kilogram;magnesium sulfate;0.0;technosphere;GLO;ecoinvent_cutoff_3.9_remind_SSP2-PkBudg500_2035;magnesium
f16fe1c092d50c1806190f278c19a106;aluminium alloy production, AlLi;CA-QC;copper, cathode;;market for magnesium;0.001983910416646813;kilogram;magnesium;0.0;technosphere;GLO;ecoinvent_cutoff_3.9_remind_SSP2-PkBudg500_2035;magnesium
f2132e93037bacb6080b850853c17a8a;paper production, woodfree, coated, at integrated mill;RoW;paper, woodfree, coated;;market for magnesium sulfate;0.00234;kilogram;magnesium sulfate;0.0;technosphere;GLO;ecoinvent_cutoff_3.9_remind_SSP2-PkBudg500_2035;magnesium
f22555be1853880967cc9faa094928b7;magnesium, for reuse in titanium sponge production, to generic market for magnesium;RoW;magnesium;;market for magnesium, for reuse in titanium sponge production;1.0;kilogram;magnesium, for reuse in titanium sponge production;0.0;technosphere;RoW;ecoinvent_cutoff_3.9_remind_SSP2-PkBudg500_2035;magnesium
f47378a92b82016d73f6303614d8e471;kraft paper production;RoW;heat, district or industrial, other than natural gas;;market for magnesium sulfate;1.5444835954401902e-06;kilogram;magnesium sulfate;0.0;technosphere;GLO;ecoinvent_cutoff_3.9_remind_SSP2-PkBudg500_2035;magnesium
f558a2069ec513c57c9ea63756d4fac7;containerboard production, fluting medium, semichemical;RoW;tall oil, crude;;market for magnesium oxide;0.001202167668449941;kilogram;magnesium oxide;0.0;technosphere;GLO;ecoinvent_cutoff_3.9_remind_SSP2-PkBudg500_2035;magnesium
f675eff846fae26461e856b821dfd932;hydrogen production, steam reforming;RoW;hydrogen, gaseous;;market for magnesium oxide;2.796e-05;kilogram;magnesium oxide;0.0;technosphere;GLO;ecoinvent_cutoff_3.9_remind_SSP2-PkBudg500_2035;magnesium
f78499ce338d7852a02ce78ce682912d;milk production, from cow;ZA;cow milk;;market for magnesium oxide;0.0004439053495277652;kilogram;magnesium oxide;0.0;technosphere;GLO;ecoinvent_cutoff_3.9_remind_SSP2-PkBudg500_2035;magnesium
f7b07775a1f3d9dbbd16c23041a2963f;electrolysis of magnesium chloride, from zirconium sponge production;US;chlorine, for reuse in zirconium and hafnium tetrachloride production;;market for magnesium chloride, from zirconium sponge production;0.2943977159177971;kilogram;magnesium chloride, from zirconium sponge production;0.0;technosphere;GLO;ecoinvent_cutoff_3.9_remind_SSP2-PkBudg500_2035;magnesium
f876d623de3323d7873961a88ad43574;primary zinc production from concentrate;RoW;copper cake;;market for magnesium;1.1905516367811903e-05;kilogram;magnesium;0.0;technosphere;GLO;ecoinvent_cutoff_3.9_remind_SSP2-PkBudg500_2035;magnesium
f9aedfddfde4336bda343e418ddefe81;primary zinc production from concentrate;RoW;lead;;market for magnesium;3.647680285075146e-06;kilogram;magnesium;0.0;technosphere;GLO;ecoinvent_cutoff_3.9_remind_SSP2-PkBudg500_2035;magnesium
fac7f6c8f299194a0993adc491ba16b9;sulfate pulp production, from softwood, bleached;RoW;sawdust, wet, measured as dry mass;;market for magnesium sulfate;0.0006283352804138002;kilogram;magnesium sulfate;0.0;technosphere;GLO;ecoinvent_cutoff_3.9_remind_SSP2-PkBudg500_2035;magnesium
fb49bc68df4b3d013cf385fbc8f6d903;sulfate pulp production, from hardwood, bleached;RoW;sulfate pulp, bleached;;market for magnesium sulfate;0.00047489911081214644;kilogram;magnesium sulfate;0.0;technosphere;GLO;ecoinvent_cutoff_3.9_remind_SSP2-PkBudg500_2035;magnesium
fb7c6fbb8d5d77aa69da03a2b99f3692;cobalt production;GLO;nickel sulfate;;market for magnesium oxide;0.011555761166348918;kilogram;magnesium oxide;0.0;technosphere;GLO;ecoinvent_cutoff_3.9_remind_SSP2-PkBudg500_2035;magnesium
fb9c47acd673c2e2d6787f952e7f9683;cobalt production;GLO;electricity, high voltage;;market for magnesium oxide;0.00037544310851395253;kilogram;magnesium oxide;0.0;technosphere;GLO;ecoinvent_cutoff_3.9_remind_SSP2-PkBudg500_2035;magnesium
