code;name;location;reference product;categories;ex_name;ex_amount;ex_unit;ex_product;ex_production volume;ex_type;ex_location;database;material_group
064474d9edc886e6b99a9944237ec2ef;lithium iron phosphate production, hydrothermal process;CN;lithium sulfate;;market for lithium hydroxide;0.12334411246743086;kilogram;lithium hydroxide;0.0;technosphere;GLO;ecoinvent_cutoff_3.9_remind_SSP2-PkBudg500_2050;lithium
0b2c907306bfb1e9bf00f7889ed9dfe5;lithium hydroxide production;GLO;lithium hydroxide;;market for lithium carbonate;1.6227970530005518;kilogram;lithium carbonate;0.0;technosphere;GLO;ecoinvent_cutoff_3.9_remind_SSP2-PkBudg500_2050;lithium
0beee5369c084220811cec3c89d0ea96;lithium iron phosphate [LiFePO4];JP;lithium iron phosphate [LiFePO4];;market for lithium hydroxide, battery grade;0.46;kilogram;lithium hydroxide, battery grade;;technosphere;GLO;ecoinvent_cutoff_3.9_remind_SSP2-PkBudg500_2050;lithium
138f03316d74f3aacb5d8319b7bd64bc;lithium iron phosphate production, hydrothermal process;CN;lithium iron phosphate;;market for lithium hydroxide;0.3700328913105785;kilogram;lithium hydroxide;0.0;technosphere;GLO;ecoinvent_cutoff_3.9_remind_SSP2-PkBudg500_2050;lithium
1c5c182327d3b34ec6a3db5024e60d1a;pesticide production, unspecified;RER;pesticide, unspecified;;market for lithium;0.00068208;kilogram;lithium;0.0;technosphere;GLO;ecoinvent_cutoff_3.9_remind_SSP2-PkBudg500_2050;lithium
1df8fe3291484a14b302d8ffeaa20738;electrolyte, LTO;JP;electrolyte, LTO;;market for lithium hexafluorophosphate;0.106;kilogram;lithium hexafluorophosphate;;technosphere;GLO;ecoinvent_cutoff_3.9_remind_SSP2-PkBudg500_2050;lithium
234f374a1626d293d30f4c0714b56972;cathode production, LiMn2O4, for Li-ion battery;CN;cathode, LiMn2O4, for Li-ion battery;;market for lithium manganese oxide;0.62327;kilogram;lithium manganese oxide;0.0;technosphere;GLO;ecoinvent_cutoff_3.9_remind_SSP2-PkBudg500_2050;lithium
330ad4915bee9987ae7f84b380f42e57;lithium hexafluorophosphate production;CN;lithium hexafluorophosphate;;market for lithium fluoride;0.19697;kilogram;lithium fluoride;0.0;technosphere;GLO;ecoinvent_cutoff_3.9_remind_SSP2-PkBudg500_2050;lithium
34240746497430551839acb1b5898b70;lithium iron phosphate production, solid state process;CN;lithium iron phosphate;;market for lithium carbonate;0.234;kilogram;lithium carbonate;0.0;technosphere;GLO;ecoinvent_cutoff_3.9_remind_SSP2-PkBudg500_2050;lithium
346c8b00fe2ede9d72bee790d5d4fd34;battery cell production, Li-ion, LiMn2O4;RoW;battery cell, Li-ion, LiMn2O4;;market for lithium hexafluorophosphate;0.019037;kilogram;lithium hexafluorophosphate;0.0;technosphere;GLO;ecoinvent_cutoff_3.9_remind_SSP2-PkBudg500_2050;lithium
37b839ebfa1e9995a86e523faf2037b9;NMC111 oxide production, for Li-ion battery;CN;NMC111 oxide;;market for lithium carbonate;0.383;kilogram;lithium carbonate;0.0;technosphere;GLO;ecoinvent_cutoff_3.9_remind_SSP2-PkBudg500_2050;lithium
38aa48d3425499b2e796765c47a028e9;lithium iron phosphate production, solid state process;RoW;lithium iron phosphate;;market for lithium carbonate;0.234;kilogram;lithium carbonate;0.0;technosphere;GLO;ecoinvent_cutoff_3.9_remind_SSP2-PkBudg500_2050;lithium
3b90fb443cc9099a4f54e77a719f4a1a;electrolysis of lithium chloride;GLO;chlorine, gaseous;;market for lithium chloride;0.01913161465400273;kilogram;lithium chloride;0.0;technosphere;GLO;ecoinvent_cutoff_3.9_remind_SSP2-PkBudg500_2050;lithium
428dbda8ba2eb9456905e7744e73566d;battery cell production, Li-ion, LiMn2O4;CN;battery cell, Li-ion, LiMn2O4;;market for lithium hexafluorophosphate;0.019037;kilogram;lithium hexafluorophosphate;0.0;technosphere;GLO;ecoinvent_cutoff_3.9_remind_SSP2-PkBudg500_2050;lithium
53dca4202569564d0e6490b82d0dacdc;phthalimide-compound production;RoW;phthalimide-compound;;market for lithium;0.0030493;kilogram;lithium;0.0;technosphere;GLO;ecoinvent_cutoff_3.9_remind_SSP2-PkBudg500_2050;lithium
559648c1865cace69972d3e785d6cdf7;lithium chloride production;GLO;lithium chloride;;market for lithium carbonate;0.92732;kilogram;lithium carbonate;0.0;technosphere;GLO;ecoinvent_cutoff_3.9_remind_SSP2-PkBudg500_2050;lithium
55ad07f8f06a331d8a234a2e564f43be;cathode production, LFP, for Li-ion battery;CN;cathode, LFP, for Li-ion battery;;market for lithium iron phosphate;0.89;kilogram;lithium iron phosphate;0.0;technosphere;CN;ecoinvent_cutoff_3.9_remind_SSP2-PkBudg500_2050;lithium
56e9c7312a5aa2143a5196349456edc5;lithium fluoride production;CN;lithium fluoride;;market for lithium carbonate;1.4883;kilogram;lithium carbonate;0.0;technosphere;GLO;ecoinvent_cutoff_3.9_remind_SSP2-PkBudg500_2050;lithium
5b145a8fb1ba4e8bb30e86b3a974bbe4;NMC-111 oxide;GLO;NMC-111 oxide;;market for lithium carbonate, battery grade;0.383;kilogram;lithium carbonate, battery grade;;technosphere;GLO;ecoinvent_cutoff_3.9_remind_SSP2-PkBudg500_2050;lithium
66d1cd82930e34a674c32d6408d466a8;aluminium alloy production, AlLi;CA-QC;aluminium alloy, AlLi;;market for lithium chloride;0.0016674964271757306;kilogram;lithium chloride;0.0;technosphere;GLO;ecoinvent_cutoff_3.9_remind_SSP2-PkBudg500_2050;lithium
6976b80b43f643b197582618d81fa07f;LTO electrode material (Li4Ti5O12);GLO;LTO electrode material (Li4Ti5O12);;market for lithium carbonate, battery grade;0.338;kilogram;lithium carbonate, battery grade;;technosphere;GLO;ecoinvent_cutoff_3.9_remind_SSP2-PkBudg500_2050;lithium
70c10a781a5a3817bb83a7ce811fa1d4;lithium hexafluorophosphate production;RoW;lithium hexafluorophosphate;;market for lithium fluoride;0.19697;kilogram;lithium fluoride;0.0;technosphere;GLO;ecoinvent_cutoff_3.9_remind_SSP2-PkBudg500_2050;lithium
71dcad4e1c66a17d6f82e3e97e3bad30;aluminium alloy production, AlLi;RoW;copper, cathode;;market for lithium chloride;0.0016540853098792802;kilogram;lithium chloride;0.0;technosphere;GLO;ecoinvent_cutoff_3.9_remind_SSP2-PkBudg500_2050;lithium
77df540a6971adbc97a50cb2216acb4c;pesticide production, unspecified;RoW;pesticide, unspecified;;market for lithium;0.00068208;kilogram;lithium;0.0;technosphere;GLO;ecoinvent_cutoff_3.9_remind_SSP2-PkBudg500_2050;lithium
7903df1019981703e40bc0b002db6465;NCA oxide production, for Li-ion battery;RoW;NCA oxide;;market for lithium hydroxide;0.25;kilogram;lithium hydroxide;0.0;technosphere;GLO;ecoinvent_cutoff_3.9_remind_SSP2-PkBudg500_2050;lithium
8be9fe2d1fcec1fd006df28a0dea927b;NCA oxide production, for Li-ion battery;CN;NCA oxide;;market for lithium hydroxide;0.25;kilogram;lithium hydroxide;0.0;technosphere;GLO;ecoinvent_cutoff_3.9_remind_SSP2-PkBudg500_2050;lithium
90c8d4a4aed9d881836f86b9100bc508;NMC811 oxide production, for Li-ion battery;CN;NMC811 oxide;;market for lithium hydroxide;0.246;kilogram;lithium hydroxide;0.0;technosphere;GLO;ecoinvent_cutoff_3.9_remind_SSP2-PkBudg500_2050;lithium
90df0032e10bbca322f1dbcfcb53db90;cathode production, LiMn2O4, for Li-ion battery;RoW;cathode, LiMn2O4, for Li-ion battery;;market for lithium manganese oxide;0.62327;kilogram;lithium manganese oxide;0.0;technosphere;GLO;ecoinvent_cutoff_3.9_remind_SSP2-PkBudg500_2050;lithium
92acbd491d8d4179972b462146b11434;NMC-622 oxide;GLO;NMC-622 oxide;;market for lithium carbonate, battery grade;0.383;kilogram;lithium carbonate, battery grade;;technosphere;GLO;ecoinvent_cutoff_3.9_remind_SSP2-PkBudg500_2050;lithium
957b213b13bf4e008ca2f65d62e2258f;electrolyte, LFP;JP;electrolyte, LFP;;market for lithium hexafluorophosphate;0.106;kilogram;lithium hexafluorophosphate;;technosphere;GLO;ecoinvent_cutoff_3.9_remind_SSP2-PkBudg500_2050;lithium
980b17ccb891a38585bf05ad3185e9fa;NMC811 oxide production, for Li-ion battery;RoW;NMC811 oxide;;market for lithium hydroxide;0.246;kilogram;lithium hydroxide;0.0;technosphere;GLO;ecoinvent_cutoff_3.9_remind_SSP2-PkBudg500_2050;lithium
9a4704a0ef787765d18fb6b792a5f87e;lithium fluoride production;RoW;lithium fluoride;;market for lithium carbonate;1.4883;kilogram;lithium carbonate;0.0;technosphere;GLO;ecoinvent_cutoff_3.9_remind_SSP2-PkBudg500_2050;lithium
a609be49be320e897f0612925f6424f4;aluminium alloy production, AlLi;RoW;aluminium alloy, AlLi;;market for lithium chloride;0.0016674964271757306;kilogram;lithium chloride;0.0;technosphere;GLO;ecoinvent_cutoff_3.9_remind_SSP2-PkBudg500_2050;lithium
a7ffe2d18ade42989516cd3b1710481e;NMC-811 oxide;GLO;NMC-811 oxide;;market for lithium hydroxide, battery grade;0.246;kilogram;lithium hydroxide, battery grade;;technosphere;GLO;ecoinvent_cutoff_3.9_remind_SSP2-PkBudg500_2050;lithium
ae715fb92e68d2eb0fe4f06a3d4d325b;refrigerator production;GLO;refrigerator;;market for lithium fluoride;0.003332;kilogram;lithium fluoride;0.0;technosphere;GLO;ecoinvent_cutoff_3.9_remind_SSP2-PkBudg500_2050;lithium
b1df1bffcbbe8325cd8e6ff027c81db6;lithium sulfate production;GLO;lithium sulfate;;market for lithium carbonate;0.750478782234123;kilogram;lithium carbonate;0.0;technosphere;GLO;ecoinvent_cutoff_3.9_remind_SSP2-PkBudg500_2050;lithium
b2ce645b211e4368bd3ef0ecfbb98530;NCA oxide;GLO;NCA oxide;;market for lithium hydroxide, battery grade;0.25;kilogram;lithium hydroxide, battery grade;;technosphere;GLO;ecoinvent_cutoff_3.9_remind_SSP2-PkBudg500_2050;lithium
b5b31e099419d32efb6b29ce42197ea4;lithium iron phosphate production, hydrothermal process;RoW;lithium sulfate;;market for lithium hydroxide;0.12334411246743086;kilogram;lithium hydroxide;0.0;technosphere;GLO;ecoinvent_cutoff_3.9_remind_SSP2-PkBudg500_2050;lithium
b5c515dbeff87c28814915937906baf2;lithium iron phosphate production, hydrothermal process;RoW;lithium iron phosphate;;market for lithium hydroxide;0.3700328913105785;kilogram;lithium hydroxide;0.0;technosphere;GLO;ecoinvent_cutoff_3.9_remind_SSP2-PkBudg500_2050;lithium
badecaebe20673cdffcd01d7618939fc;lithium carbonate production, from concentrated brine;GLO;lithium carbonate;;market for lithium brine, 6.7 % Li;4.19;kilogram;lithium brine, 6.7 % Li;0.0;technosphere;GLO;ecoinvent_cutoff_3.9_remind_SSP2-PkBudg500_2050;lithium
bd08ec1c6784b56a8338fece17e90ac7;cathode production, LFP, for Li-ion battery;RoW;cathode, LFP, for Li-ion battery;;market for lithium iron phosphate;0.89;kilogram;lithium iron phosphate;0.0;technosphere;RoW;ecoinvent_cutoff_3.9_remind_SSP2-PkBudg500_2050;lithium
be243b3b985a4499e15ae5283721d2bc;electrolysis of lithium chloride;GLO;lithium;;market for lithium chloride;6.5710085933966536;kilogram;lithium chloride;0.0;technosphere;GLO;ecoinvent_cutoff_3.9_remind_SSP2-PkBudg500_2050;lithium
be6fd6d4de8017d1f23d886d251d1156;electrolyte production, KOH, LiOH additive;GLO;electrolyte, KOH, LiOH additive;;market for lithium;0.017;kilogram;lithium;0.0;technosphere;GLO;ecoinvent_cutoff_3.9_remind_SSP2-PkBudg500_2050;lithium
cc2e08a10b28e6c04fd50d8e17ec0305;cyclic N-compound production;RER;cyclic N-compound;;market for lithium;0.0074054;kilogram;lithium;0.0;technosphere;GLO;ecoinvent_cutoff_3.9_remind_SSP2-PkBudg500_2050;lithium
cfad0cd385175975dd202f61a1a78c06;NMC111 oxide production, for Li-ion battery;RoW;NMC111 oxide;;market for lithium carbonate;0.383;kilogram;lithium carbonate;0.0;technosphere;GLO;ecoinvent_cutoff_3.9_remind_SSP2-PkBudg500_2050;lithium
dd199cee6575fc366c9ef7347c62657e;lithium manganese oxide production;GLO;lithium manganese oxide;;market for lithium carbonate;0.21486;kilogram;lithium carbonate;0.0;technosphere;GLO;ecoinvent_cutoff_3.9_remind_SSP2-PkBudg500_2050;lithium
df41821d76fe42fe973c242371a5b277;electrolyte, for Li-ion battery;GLO;electrolyte, for Li-ion battery;;market for lithium hexafluorophosphate;0.126;kilogram;lithium hexafluorophosphate;;technosphere;GLO;ecoinvent_cutoff_3.9_remind_SSP2-PkBudg500_2050;lithium
e4544ea26bc5e3e3f678718282a4535e;cyclic N-compound production;RoW;cyclic N-compound;;market for lithium;0.0074054;kilogram;lithium;0.0;technosphere;GLO;ecoinvent_cutoff_3.9_remind_SSP2-PkBudg500_2050;lithium
ed46c95026d725d4a7a477fc22ffe941;electrolyte production, for Li-ion battery;GLO;electrolyte, for Li-ion battery;;market for lithium hexafluorophosphate;0.112697111443314;kilogram;lithium hexafluorophosphate;0.0;technosphere;GLO;ecoinvent_cutoff_3.9_remind_SSP2-PkBudg500_2050;lithium
f16fe1c092d50c1806190f278c19a106;aluminium alloy production, AlLi;CA-QC;copper, cathode;;market for lithium chloride;0.0016540853098792802;kilogram;lithium chloride;0.0;technosphere;GLO;ecoinvent_cutoff_3.9_remind_SSP2-PkBudg500_2050;lithium
f8f186a82424409743b727e24b170edd;electrode production, negative, LiC6;GLO;electrode, negative, LiC6;;market for lithium;0.066765;kilogram;lithium;0.0;technosphere;GLO;ecoinvent_cutoff_3.9_remind_SSP2-PkBudg500_2050;lithium
fa8612965c9d7fba91801fb5fe3c38bc;phthalimide-compound production;RER;phthalimide-compound;;market for lithium;0.0030493;kilogram;lithium;0.0;technosphere;GLO;ecoinvent_cutoff_3.9_remind_SSP2-PkBudg500_2050;lithium
