code;name;location;reference product;categories;ex_name;ex_amount;ex_unit;ex_product;ex_production volume;ex_type;ex_location;database;material_group
00ad828eebcca4104e8a8f6102040531;aluminium production, primary, ingot;IAI Area, South America;aluminium, primary, ingot;;market for silicon, metallurgical grade;0.0108;kilogram;silicon, metallurgical grade;0.0;technosphere;GLO;ecoinvent_cutoff_3.9_remind_SSP2-Base_2060;silicon
01aac916a13dc35e8ae7abd6e4d43029;petrol production, unleaded, petroleum refinery operation;IN;petrol, unleaded;;market for silicone product;2.9732848206374738e-05;kilogram;silicone product;0.0;technosphere;RoW;ecoinvent_cutoff_3.9_remind_SSP2-Base_2060;silicon
02a29e038a93fe8536e707aa8e8b467b;silicon production, single crystal, Czochralski process, photovoltaics;RER;silicon, single crystal, Czochralski process, photovoltaics;;market for silicon, electronics grade;0.1557278;kilogram;silicon, electronics grade;0.0;technosphere;GLO;ecoinvent_cutoff_3.9_remind_SSP2-Base_2060;silicon
02a29e038a93fe8536e707aa8e8b467b;silicon production, single crystal, Czochralski process, photovoltaics;RER;silicon, single crystal, Czochralski process, photovoltaics;;market for silicon, solar grade;0.91427434;kilogram;silicon, solar grade;0.0;technosphere;GLO;ecoinvent_cutoff_3.9_remind_SSP2-Base_2060;silicon
03d6fd87afe26f6b6c9a5bec126fc334;silicon production, multi-Si, casted;RoW;silicon, multi-Si, casted;;market for silicon, electronics grade;0.165944708;kilogram;silicon, electronics grade;0.0;technosphere;GLO;ecoinvent_cutoff_3.9_remind_SSP2-Base_2060;silicon
03d6fd87afe26f6b6c9a5bec126fc334;silicon production, multi-Si, casted;RoW;silicon, multi-Si, casted;;market for silicon, solar grade;0.9742575724;kilogram;silicon, solar grade;0.0;technosphere;GLO;ecoinvent_cutoff_3.9_remind_SSP2-Base_2060;silicon
03d6fd87afe26f6b6c9a5bec126fc334;silicon production, multi-Si, casted;RoW;silicon, multi-Si, casted;;market for silicone factory;1e-11;unit;silicone factory;0.0;technosphere;GLO;ecoinvent_cutoff_3.9_remind_SSP2-Base_2060;silicon
04170db00e332b6123256889476df913;photovoltaic laminate production, single-Si wafer;RER;photovoltaic laminate, single-Si wafer;;market for silicone product;0.12195;kilogram;silicone product;0.0;technosphere;RER;ecoinvent_cutoff_3.9_remind_SSP2-Base_2060;silicon
045638062f279dda332a87c7caabfff6;casting, aluminium, lost-wax;RoW;casting, aluminium, lost-wax;;market for silicon carbide;0.04023359;kilogram;silicon carbide;0.0;technosphere;GLO;ecoinvent_cutoff_3.9_remind_SSP2-Base_2060;silicon
04aac4a87adccee3da87aa7fc33a96d3;pitch production, petroleum refinery operation;RoW;pitch;;market for silicone product;2.3003796806458544e-07;kilogram;silicone product;0.0;technosphere;RoW;ecoinvent_cutoff_3.9_remind_SSP2-Base_2060;silicon
0564397dd606a2f669de013ed32473db;treatment of aluminium scrap, new, at refiner;RoW;aluminium, cast alloy;;market for silicon, metallurgical grade;0.00982117826066283;kilogram;silicon, metallurgical grade;0.0;technosphere;GLO;ecoinvent_cutoff_3.9_remind_SSP2-Base_2060;silicon
05c7c035fcfc170c9a0b18c36a7b7de3;reformate production, petroleum refinery operation;RoW;reformate;;market for silicone product;3.229067882604621e-06;kilogram;silicone product;0.0;technosphere;RoW;ecoinvent_cutoff_3.9_remind_SSP2-Base_2060;silicon
061dddaa15bf0b3c4bbb96af17631ef3;sulfur production, petroleum refinery operation;PE;sulfur;;market for silicone product;2.209310185852419e-07;kilogram;silicone product;0.0;technosphere;RoW;ecoinvent_cutoff_3.9_remind_SSP2-Base_2060;silicon
0642df23d1e447cfeaf12b63d489823b;wafer production, fabricated, for integrated circuit;GLO;wafer, fabricated, for integrated circuit;;market for silicone product;0.11216055521236824;kilogram;silicone product;0.0;technosphere;RoW;ecoinvent_cutoff_3.9_remind_SSP2-Base_2060;silicon
0642df23d1e447cfeaf12b63d489823b;wafer production, fabricated, for integrated circuit;GLO;wafer, fabricated, for integrated circuit;;market for silicone product;0.05510944478763175;kilogram;silicone product;0.0;technosphere;RER;ecoinvent_cutoff_3.9_remind_SSP2-Base_2060;silicon
06fa6535512bae8751edf30f86e68026;aluminium alloy production, Metallic Matrix Composite;CA-QC;aluminium alloy, metal matrix composite;;market for silicon carbide;0.05454520778164758;kilogram;silicon carbide;0.0;technosphere;GLO;ecoinvent_cutoff_3.9_remind_SSP2-Base_2060;silicon
0711480b83187b79f673ef079671922d;treatment of spent sawing slurry from Si-wafer cutting;RoW;spent sawing slurry from Si-wafer cutting;;market for silicone factory;2e-11;unit;silicone factory;0.0;technosphere;GLO;ecoinvent_cutoff_3.9_remind_SSP2-Base_2060;silicon
08226d919de951dbcdb417158fcfbce8;casting, aluminium, lost-wax;CA-QC;casting, aluminium, lost-wax;;market for silicon carbide;0.04023359;kilogram;silicon carbide;0.0;technosphere;GLO;ecoinvent_cutoff_3.9_remind_SSP2-Base_2060;silicon
082f1769136fdaab9f3927b0f0824655;aluminium alloy production, AlMg3;RER;aluminium alloy, AlMg3;;market for silicon, metallurgical grade;0.00406;kilogram;silicon, metallurgical grade;0.0;technosphere;GLO;ecoinvent_cutoff_3.9_remind_SSP2-Base_2060;silicon
08686d8891e551d760f8a1e7d89b00fa;petroleum coke production, petroleum refinery operation;RoW;petroleum coke;;market for silicone product;6.770126216625543e-08;kilogram;silicone product;0.0;technosphere;RoW;ecoinvent_cutoff_3.9_remind_SSP2-Base_2060;silicon
08fe146c9008145ed4cbaf76bdfb20f9;photovoltaic laminate production, single-Si wafer;RoW;photovoltaic laminate, single-Si wafer;;market for silicone product;0.12195;kilogram;silicone product;0.0;technosphere;RoW;ecoinvent_cutoff_3.9_remind_SSP2-Base_2060;silicon
09754001c805c6e75ec5ece72cf43a49;heavy fuel oil production, petroleum refinery operation;Europe without Switzerland;heavy fuel oil;;market for silicone product;1.777279477424566e-06;kilogram;silicone product;0.0;technosphere;RER;ecoinvent_cutoff_3.9_remind_SSP2-Base_2060;silicon
0a8b5d850639f462f8f03d1ab6e1020a;silicon production, single crystal, Czochralski process, electronics;RER;silicon, single crystal, Czochralski process, electronics;;market for silicon, electronics grade;1.4286;kilogram;silicon, electronics grade;0.0;technosphere;GLO;ecoinvent_cutoff_3.9_remind_SSP2-Base_2060;silicon
0b4ac2320024c8b8cce38bd333b9817f;gypsum plasterboard production;CH;gypsum plasterboard;;market for silicone product;0.000129;kilogram;silicone product;0.0;technosphere;RER;ecoinvent_cutoff_3.9_remind_SSP2-Base_2060;silicon
0d6238571f8ef9c14ac2f377210fd90e;thermal storage system construction, solar thermal parabolic trough, 50 MW;RoW;thermal storage system, solar thermal parabolic trough, 50 MW;;market for silicone product;3576.0291942767394;kilogram;silicone product;0.0;technosphere;RoW;ecoinvent_cutoff_3.9_remind_SSP2-Base_2060;silicon
0d6238571f8ef9c14ac2f377210fd90e;thermal storage system construction, solar thermal parabolic trough, 50 MW;RoW;thermal storage system, solar thermal parabolic trough, 50 MW;;market for silicone product;1757.061411365245;kilogram;silicone product;0.0;technosphere;RER;ecoinvent_cutoff_3.9_remind_SSP2-Base_2060;silicon
0df53ea9895f44d3806a5dedacc37b12;concentrating solar power plant construction, 110 MW;CH;concentrating power plant, 110 MW;;market for silicone product;77000.0;kilogram;silicone product;;technosphere;RER;ecoinvent_cutoff_3.9_remind_SSP2-Base_2060;silicon
10217b3ee7d4bc5d4000500116b0c884;electricity production, medium voltage, petroleum refinery operation;IN;electricity, medium voltage;;market for silicone product;2.133771064613637e-06;kilogram;silicone product;0.0;technosphere;RoW;ecoinvent_cutoff_3.9_remind_SSP2-Base_2060;silicon
1051d69c7c9b1c17aab66a9889245d91;silicon production, electronics grade;DE;silicon, solar grade;;market for silicon, metallurgical grade;0.37782454442532476;kilogram;silicon, metallurgical grade;0.0;technosphere;GLO;ecoinvent_cutoff_3.9_remind_SSP2-Base_2060;silicon
10b055f715f256b8d08736dd32546ac8;photovoltaic laminate production, CdTe;RoW;photovoltaic laminate, CdTe;;market for silicone product;0.07898845914421856;kilogram;silicone product;0.0;technosphere;RoW;ecoinvent_cutoff_3.9_remind_SSP2-Base_2060;silicon
10b055f715f256b8d08736dd32546ac8;photovoltaic laminate production, CdTe;RoW;photovoltaic laminate, CdTe;;market for silicone product;0.03881052585578144;kilogram;silicone product;0.0;technosphere;RER;ecoinvent_cutoff_3.9_remind_SSP2-Base_2060;silicon
1174af7761ed932d3364879ff9049082;base oil production, petroleum refinery operation;BR;base oil;;market for silicone product;1.5283766347652305e-06;kilogram;silicone product;0.0;technosphere;RoW;ecoinvent_cutoff_3.9_remind_SSP2-Base_2060;silicon
13045f504a3941df05e6e7597e4126cc;gypsum fibreboard production;CH;gypsum fibreboard;;market for silicone product;0.000129;kilogram;silicone product;0.0;technosphere;RER;ecoinvent_cutoff_3.9_remind_SSP2-Base_2060;silicon
13e56a6f7aafd91f8a4afc12e6039625;electricity production, medium voltage, petroleum refinery operation;CO;electricity, medium voltage;;market for silicone product;2.1166043018284465e-06;kilogram;silicone product;0.0;technosphere;RoW;ecoinvent_cutoff_3.9_remind_SSP2-Base_2060;silicon
150b397edcfec8bcd28b5cb75b48b303;photovoltaic laminate production, ribbon-Si;RER;photovoltaic laminate, ribbon-Si;;market for silicone product;0.12195;kilogram;silicone product;0.0;technosphere;RER;ecoinvent_cutoff_3.9_remind_SSP2-Base_2060;silicon
15caf5d2e6b7d6ee58b965adcfcf208b;white spirit production, petroleum refinery operation;RoW;white spirit;;market for silicone product;4.971397970677085e-06;kilogram;silicone product;0.0;technosphere;RoW;ecoinvent_cutoff_3.9_remind_SSP2-Base_2060;silicon
15f475a53c59ef4224074301545d86ab;photovoltaic laminate production, multi-Si wafer;RoW;photovoltaic laminate, multi-Si wafer;;market for silicone product;0.12195;kilogram;silicone product;0.0;technosphere;RoW;ecoinvent_cutoff_3.9_remind_SSP2-Base_2060;silicon
160607bda9c3fb37a0a46f09b4fec688;white spirit production, petroleum refinery operation;Europe without Switzerland;white spirit;;market for silicone product;4.971397970677085e-06;kilogram;silicone product;0.0;technosphere;RER;ecoinvent_cutoff_3.9_remind_SSP2-Base_2060;silicon
164351f45bb94962b5444760af480fba;hydrogen production, gaseous, 100 bar, from methane pyrolysis;RER;hydrogen, gaseous, 100 bar;;market for silicon carbide;4.2e-06;kilogram;silicon carbide;;technosphere;GLO;ecoinvent_cutoff_3.9_remind_SSP2-Base_2060;silicon
16ba770e083748fef88378303f499023;light fuel oil production, petroleum refinery operation;IN;light fuel oil;;market for silicone product;1.1710783334114848e-05;kilogram;silicone product;0.0;technosphere;RoW;ecoinvent_cutoff_3.9_remind_SSP2-Base_2060;silicon
17af011b5412623eafce6d9c38aaea2d;polyurethane production, flexible foam, TDI-based, low density;RoW;polyurethane, flexible foam;;market for silicon, metallurgical grade;0.007265246;kilogram;silicon, metallurgical grade;0.0;technosphere;GLO;ecoinvent_cutoff_3.9_remind_SSP2-Base_2060;silicon
18d67af4bc204ca94978438e14a2d92c;diesel production, low-sulfur, petroleum refinery operation;PE;diesel, low-sulfur;;market for silicone product;1.8077826942843378e-05;kilogram;silicone product;0.0;technosphere;RoW;ecoinvent_cutoff_3.9_remind_SSP2-Base_2060;silicon
18d83a237a3f1d6d38871943808d15c4;treatment of aluminium scrap, new, at refiner;RER;aluminium, cast alloy;;market for silicon, metallurgical grade;0.00982117826066283;kilogram;silicon, metallurgical grade;0.0;technosphere;GLO;ecoinvent_cutoff_3.9_remind_SSP2-Base_2060;silicon
1a24dc4d50888f96a48862c852168675;single-Si wafer production, photovoltaic;RER;single-Si wafer, photovoltaic;;market for silicon carbide;2.63;kilogram;silicon carbide;0.0;technosphere;GLO;ecoinvent_cutoff_3.9_remind_SSP2-Base_2060;silicon
1a24dc4d50888f96a48862c852168675;single-Si wafer production, photovoltaic;RER;single-Si wafer, photovoltaic;;market for silicon, single crystal, Czochralski process, photovoltaics;1.0748;kilogram;silicon, single crystal, Czochralski process, photovoltaics;0.0;technosphere;RER;ecoinvent_cutoff_3.9_remind_SSP2-Base_2060;silicon
1b87ffae223749a8a2296b05f2089c44;electrolyzer production, 1MWe, SOEC, Stack;RER;electrolyzer, 1MWe, SOEC, Stack;;market for silicone product;6.4;kilogram;silicone product;;technosphere;RER;ecoinvent_cutoff_3.9_remind_SSP2-Base_2060;silicon
1c24b73f9affe1994531bad66512ee97;hydrogen production, gaseous, petroleum refinery operation;RoW;hydrogen, gaseous;;market for silicone product;9.30851625811558e-06;kilogram;silicone product;0.0;technosphere;RoW;ecoinvent_cutoff_3.9_remind_SSP2-Base_2060;silicon
1c5c182327d3b34ec6a3db5024e60d1a;pesticide production, unspecified;RER;pesticide, unspecified;;market for silicon, metallurgical grade;0.00078926;kilogram;silicon, metallurgical grade;0.0;technosphere;GLO;ecoinvent_cutoff_3.9_remind_SSP2-Base_2060;silicon
1db278b5e1a8a5612748c97f45965c14;multi-Si wafer production, ribbon;RER;multi-Si wafer, ribbon;;market for silicon, electronics grade;0.1076996;kilogram;silicon, electronics grade;0.0;technosphere;GLO;ecoinvent_cutoff_3.9_remind_SSP2-Base_2060;silicon
1db278b5e1a8a5612748c97f45965c14;multi-Si wafer production, ribbon;RER;multi-Si wafer, ribbon;;market for silicon, solar grade;0.63230188;kilogram;silicon, solar grade;0.0;technosphere;GLO;ecoinvent_cutoff_3.9_remind_SSP2-Base_2060;silicon
1e43fbe81b054ee98820c5d7ff721c0f;carbon fiber production, fiber relaxation;RER;carbon fiber, relaxed;;market for silicone product;0.0050017979144192735;kilogram;silicone product;;technosphere;RER;ecoinvent_cutoff_3.9_remind_SSP2-Base_2060;silicon
1e4aeb1ffe2668cc92fe45483e3ecf67;reformate production, petroleum refinery operation;ZA;reformate;;market for silicone product;3.1267554824602522e-06;kilogram;silicone product;0.0;technosphere;RoW;ecoinvent_cutoff_3.9_remind_SSP2-Base_2060;silicon
203d506dca9b1ea303c8226ed0f1437e;aluminium alloy production, Metallic Matrix Composite;RoW;aluminium alloy, metal matrix composite;;market for silicon carbide;0.05454520778164758;kilogram;silicon carbide;0.0;technosphere;GLO;ecoinvent_cutoff_3.9_remind_SSP2-Base_2060;silicon
2083f913bd05e19d1654f0ebb675314f;sulfur production, petroleum refinery operation;IN;sulfur;;market for silicone product;4.92000888926752e-07;kilogram;silicone product;0.0;technosphere;RoW;ecoinvent_cutoff_3.9_remind_SSP2-Base_2060;silicon
21aaffb35bbf7550fa655e9810a208d3;hydrogen production, gaseous, petroleum refinery operation;PE;hydrogen, gaseous;;market for silicone product;9.7691143108523e-06;kilogram;silicone product;0.0;technosphere;RoW;ecoinvent_cutoff_3.9_remind_SSP2-Base_2060;silicon
220e99a938eb6c79570327905b86827e;petroleum slack wax production, petroleum refinery operation;BR;petroleum slack wax;;market for silicone product;1.316570902658698e-06;kilogram;silicone product;0.0;technosphere;RoW;ecoinvent_cutoff_3.9_remind_SSP2-Base_2060;silicon
225c1b05622550acf159a317990e5364;flat plate solar collector production, Cu absorber;CH;flat plate solar collector, Cu absorber;;market for silicone product;0.0588;kilogram;silicone product;0.0;technosphere;RER;ecoinvent_cutoff_3.9_remind_SSP2-Base_2060;silicon
2266543d9c4f7b94ae522d3d7d89ab8f;silicon production, single crystal, Czochralski process, electronics;RoW;silicon, single crystal, Czochralski process, electronics;;market for silicon, electronics grade;1.4286;kilogram;silicon, electronics grade;0.0;technosphere;GLO;ecoinvent_cutoff_3.9_remind_SSP2-Base_2060;silicon
2266543d9c4f7b94ae522d3d7d89ab8f;silicon production, single crystal, Czochralski process, electronics;RoW;silicon, single crystal, Czochralski process, electronics;;market for silicone factory;1e-11;unit;silicone factory;0.0;technosphere;GLO;ecoinvent_cutoff_3.9_remind_SSP2-Base_2060;silicon
22cbaf7f08a70e426a44f97550dde1ea;hydrogen production, gaseous, petroleum refinery operation;BR;hydrogen, gaseous;;market for silicone product;9.77912360826704e-06;kilogram;silicone product;0.0;technosphere;RoW;ecoinvent_cutoff_3.9_remind_SSP2-Base_2060;silicon
244a2b8c17cda88fec308fb6cf0c3eeb;naphtha production, petroleum refinery operation;CO;naphtha;;market for silicone product;3.073017174338396e-05;kilogram;silicone product;0.0;technosphere;RoW;ecoinvent_cutoff_3.9_remind_SSP2-Base_2060;silicon
24e6eb522200c50070f4780fd6f2f248;inverter production, for electric passenger car;GLO;inverter, for electric passenger car;;market for silicone product;0.00028515425300913917;kilogram;silicone product;0.0;technosphere;RoW;ecoinvent_cutoff_3.9_remind_SSP2-Base_2060;silicon
24e6eb522200c50070f4780fd6f2f248;inverter production, for electric passenger car;GLO;inverter, for electric passenger car;;market for silicone product;0.0001401089048855977;kilogram;silicone product;0.0;technosphere;RER;ecoinvent_cutoff_3.9_remind_SSP2-Base_2060;silicon
251d99f068efe8f1f60f8a9718d374e2;sheet rolling, steel;RER;sheet rolling, steel;;market for silicon carbide;4.47e-05;kilogram;silicon carbide;0.0;technosphere;GLO;ecoinvent_cutoff_3.9_remind_SSP2-Base_2060;silicon
26edd77e985103c6add75353359c5f69;biogas purification to biomethane by amino washing;RoW;biomethane, high pressure;;market for silicone product;0.000364;kilogram;silicone product;0.0;technosphere;RoW;ecoinvent_cutoff_3.9_remind_SSP2-Base_2060;silicon
2760f5add3d823faa8e4da60ae83d5b0;refinery gas production, petroleum refinery operation;IN;refinery gas;;market for silicone product;1.1502595505056876e-05;kilogram;silicone product;0.0;technosphere;RoW;ecoinvent_cutoff_3.9_remind_SSP2-Base_2060;silicon
27a6cb3e19d7dd150768856500aedac4;petroleum slack wax production, petroleum refinery operation;IN;petroleum slack wax;;market for silicone product;2.060150206888537e-06;kilogram;silicone product;0.0;technosphere;RoW;ecoinvent_cutoff_3.9_remind_SSP2-Base_2060;silicon
2851f8c3ed635fdfdc5c2bc37057367f;resistor production, wirewound, through-hole mounting;GLO;resistor, wirewound, through-hole mounting;;market for silicone product;0.00767026120089843;kilogram;silicone product;0.0;technosphere;RoW;ecoinvent_cutoff_3.9_remind_SSP2-Base_2060;silicon
2851f8c3ed635fdfdc5c2bc37057367f;resistor production, wirewound, through-hole mounting;GLO;resistor, wirewound, through-hole mounting;;market for silicone product;0.00376873879910157;kilogram;silicone product;0.0;technosphere;RER;ecoinvent_cutoff_3.9_remind_SSP2-Base_2060;silicon
28cc01b566a14089b386d3c49478c574;silicon carbide production;RoW;silicon carbide;;market for silicone factory;1e-11;unit;silicone factory;0.0;technosphere;GLO;ecoinvent_cutoff_3.9_remind_SSP2-Base_2060;silicon
28d0195421baaea79aba34dc53b51285;diesel production, low-sulfur, petroleum refinery operation;CO;diesel, low-sulfur;;market for silicone product;1.57991162809794e-05;kilogram;silicone product;0.0;technosphere;RoW;ecoinvent_cutoff_3.9_remind_SSP2-Base_2060;silicon
290d83cc6e3555585f970229186e386a;treatment of aluminium scrap, post-consumer, prepared for recycling, at remelter;RER;aluminium, wrought alloy;;market for silicon, metallurgical grade;0.015165997376652206;kilogram;silicon, metallurgical grade;0.0;technosphere;GLO;ecoinvent_cutoff_3.9_remind_SSP2-Base_2060;silicon
299f0e19a6a417f7302583a3f5e355a1;kerosene production, petroleum refinery operation;CO;kerosene;;market for silicone product;1.4521649513365726e-05;kilogram;silicone product;0.0;technosphere;RoW;ecoinvent_cutoff_3.9_remind_SSP2-Base_2060;silicon
2a92fb4fccfa3161389dd8bfbf2a4691;power block installation, solar tower power plant, 20 MW;ZA;power block, solar tower power plant, 20 MW;;market for silicone product;5567.0;kilogram;silicone product;0.0;technosphere;RoW;ecoinvent_cutoff_3.9_remind_SSP2-Base_2060;silicon
2a99b2f5a8a738701e0862f21e77e82d;pitch production, petroleum refinery operation;IN;pitch;;market for silicone product;3.9174033439097366e-07;kilogram;silicone product;0.0;technosphere;RoW;ecoinvent_cutoff_3.9_remind_SSP2-Base_2060;silicon
2c82baee629138487a8ea7d35f3e7efa;tetraethyl orthosilicate production;GLO;tetraethyl orthosilicate;;market for silicon tetrachloride;0.8258946385206223;kilogram;silicon tetrachloride;0.0;technosphere;RoW;ecoinvent_cutoff_3.9_remind_SSP2-Base_2060;silicon
2c82baee629138487a8ea7d35f3e7efa;tetraethyl orthosilicate production;GLO;tetraethyl orthosilicate;;market for silicon tetrachloride;0.03255933790117371;kilogram;silicon tetrachloride;0.0;technosphere;DE;ecoinvent_cutoff_3.9_remind_SSP2-Base_2060;silicon
2d2e112af7cae93d8132567691cac7a9;insulated gate bipolar transistor production, for electric vehicle applications;GLO;insulated gate bipolar transistor, electric vehicle application;;market for silicon, electronics grade;0.0793089430894309;kilogram;silicon, electronics grade;0.0;technosphere;GLO;ecoinvent_cutoff_3.9_remind_SSP2-Base_2060;silicon
2d2e112af7cae93d8132567691cac7a9;insulated gate bipolar transistor production, for electric vehicle applications;GLO;insulated gate bipolar transistor, electric vehicle application;;market for silicone product;0.051789365157519945;kilogram;silicone product;0.0;technosphere;RoW;ecoinvent_cutoff_3.9_remind_SSP2-Base_2060;silicon
2d2e112af7cae93d8132567691cac7a9;insulated gate bipolar transistor production, for electric vehicle applications;GLO;insulated gate bipolar transistor, electric vehicle application;;market for silicone product;0.025446407200203636;kilogram;silicone product;0.0;technosphere;RER;ecoinvent_cutoff_3.9_remind_SSP2-Base_2060;silicon
2efaa16dea51f1bb7b8769170b1c010f;hydrogen production, gaseous, petroleum refinery operation;IN;hydrogen, gaseous;;market for silicone product;9.61980524600463e-06;kilogram;silicone product;0.0;technosphere;RoW;ecoinvent_cutoff_3.9_remind_SSP2-Base_2060;silicon
2f1eef09b381262bd9f80d81a8ec4f4b;reformate production, petroleum refinery operation;Europe without Switzerland;reformate;;market for silicone product;3.229067882604621e-06;kilogram;silicone product;0.0;technosphere;RER;ecoinvent_cutoff_3.9_remind_SSP2-Base_2060;silicon
2f22a51510529a3089121be3022ba963;chassis production, internet access equipment;RoW;chassis, internet access equipment;;market for silicone product;0.001;kilogram;silicone product;0.0;technosphere;RoW;ecoinvent_cutoff_3.9_remind_SSP2-Base_2060;silicon
30337123852116ee85d1933044d77c0e;offshore platform production, natural gas;GLO;offshore platform, natural gas;;market for silicon, metallurgical grade;379.0;kilogram;silicon, metallurgical grade;0.0;technosphere;GLO;ecoinvent_cutoff_3.9_remind_SSP2-Base_2060;silicon
33328eed361648e87245587665c2fd14;resistor production, metal film type, through-hole mounting;GLO;resistor, metal film type, through-hole mounting;;market for silicone product;0.0013196148302620956;kilogram;silicone product;0.0;technosphere;RoW;ecoinvent_cutoff_3.9_remind_SSP2-Base_2060;silicon
33328eed361648e87245587665c2fd14;resistor production, metal film type, through-hole mounting;GLO;resistor, metal film type, through-hole mounting;;market for silicone product;0.0006483851697379045;kilogram;silicone product;0.0;technosphere;RER;ecoinvent_cutoff_3.9_remind_SSP2-Base_2060;silicon
338d3a5d81c3c3ab6b60eaf63c8eade3;photovoltaic cell production, ribbon-Si;RER;photovoltaic cell, ribbon-Si;;market for silicone product;0.0012122;kilogram;silicone product;0.0;technosphere;RER;ecoinvent_cutoff_3.9_remind_SSP2-Base_2060;silicon
3541ea926372c437d9ce3c288dc2f2b4;light fuel oil production, petroleum refinery operation;PE;light fuel oil;;market for silicone product;1.680274105640303e-05;kilogram;silicone product;0.0;technosphere;RoW;ecoinvent_cutoff_3.9_remind_SSP2-Base_2060;silicon
388b2726666d1a77fb25d9440618eb60;pipeline construction, natural gas, long distance, high capacity, offshore;GLO;pipeline, natural gas, long distance, high capacity, offshore;;market for silicon, metallurgical grade;5.25;kilogram;silicon, metallurgical grade;0.0;technosphere;GLO;ecoinvent_cutoff_3.9_remind_SSP2-Base_2060;silicon
391d03415a75982c03b648e22a10c31b;casting, steel, lost-wax;RoW;casting, steel, lost-wax;;market for silicon carbide;0.14;kilogram;silicon carbide;0.0;technosphere;GLO;ecoinvent_cutoff_3.9_remind_SSP2-Base_2060;silicon
394cf3f2335c40ac6b6a6ab97fefc879;gypsum fibreboard production;RoW;gypsum fibreboard;;market for silicone product;0.000129;kilogram;silicone product;0.0;technosphere;RoW;ecoinvent_cutoff_3.9_remind_SSP2-Base_2060;silicon
39fd1a92df96e910b50790856e5640c4;photovoltaic panel production, ribbon-Si;RoW;photovoltaic panel, ribbon-Si;;market for silicone product;0.12195;kilogram;silicone product;0.0;technosphere;RoW;ecoinvent_cutoff_3.9_remind_SSP2-Base_2060;silicon
3a5337f729a4281fd43d10e632e25dd8;heavy fuel oil production, petroleum refinery operation;RoW;heavy fuel oil;;market for silicone product;1.777279477424566e-06;kilogram;silicone product;0.0;technosphere;RoW;ecoinvent_cutoff_3.9_remind_SSP2-Base_2060;silicon
3aebaf0f806472d11c537a02e059b559;offshore platform production, petroleum;GLO;offshore platform, petroleum;;market for silicon, metallurgical grade;216.0;kilogram;silicon, metallurgical grade;0.0;technosphere;GLO;ecoinvent_cutoff_3.9_remind_SSP2-Base_2060;silicon
3c36bf2273c772da61c47a1f54734034;auxiliary heating unit production, electric, 5kW;RoW;auxiliary heating unit, electric, 5kW;;market for silicone product;0.012;kilogram;silicone product;0.0;technosphere;RoW;ecoinvent_cutoff_3.9_remind_SSP2-Base_2060;silicon
3c5d95051f58f78cc140b11daeaabc59;evacuated tube collector production;RoW;evacuated tube collector;;market for silicone product;0.0533;kilogram;silicone product;0.0;technosphere;RoW;ecoinvent_cutoff_3.9_remind_SSP2-Base_2060;silicon
3c619fe4b8e4fa9a7055ddbd18418569;white spirit production, petroleum refinery operation;ZA;white spirit;;market for silicone product;3.7003706458420316e-07;kilogram;silicone product;0.0;technosphere;RoW;ecoinvent_cutoff_3.9_remind_SSP2-Base_2060;silicon
3d238554f8e5da171990bd4dd016f28b;aluminium production, primary, ingot;IAI Area, Africa;aluminium, primary, ingot;;market for silicon, metallurgical grade;0.0108;kilogram;silicon, metallurgical grade;0.0;technosphere;GLO;ecoinvent_cutoff_3.9_remind_SSP2-Base_2060;silicon
3d5d3ebc09234a604c2fbbe328b96229;photovoltaic cell production, single-Si wafer;RoW;photovoltaic cell, single-Si wafer;;market for silicone product;0.0012122;kilogram;silicone product;0.0;technosphere;RoW;ecoinvent_cutoff_3.9_remind_SSP2-Base_2060;silicon
3f0a21679010888d09c1dbcfb2419a60;auxiliary heating unit production, electric, 5kW;CH;auxiliary heating unit, electric, 5kW;;market for silicone product;0.012;kilogram;silicone product;0.0;technosphere;RER;ecoinvent_cutoff_3.9_remind_SSP2-Base_2060;silicon
3fc90040083e0b3e89272c523511d17a;photovoltaic laminate production, CdTe;US;photovoltaic laminate, CdTe;;market for silicone product;0.119438314182485;kilogram;silicone product;0.0;technosphere;RoW;ecoinvent_cutoff_3.9_remind_SSP2-Base_2060;silicon
4030a34714c7da1e46179613016bc080;greenhouse construction, plastic walls and roof, plastic tubes;RoW;greenhouse, plastic walls and roof;;market for silicone product;0.00012;kilogram;silicone product;0.0;technosphere;RoW;ecoinvent_cutoff_3.9_remind_SSP2-Base_2060;silicon
40906cf0a1bd75f14f156ac72e6aff7f;power block installation, solar thermal parabolic trough, 50 MW;ZA;power block, solar thermal parabolic trough, 50 MW;;market for silicone product;23978.0;kilogram;silicone product;0.0;technosphere;RoW;ecoinvent_cutoff_3.9_remind_SSP2-Base_2060;silicon
40b7ef52cc5a673c868032aa65aa138b;reformate production, petroleum refinery operation;PE;reformate;;market for silicone product;3.3792738630711386e-06;kilogram;silicone product;0.0;technosphere;RoW;ecoinvent_cutoff_3.9_remind_SSP2-Base_2060;silicon
4295530a2297e2043b12a2d3d0198df2;light fuel oil production, petroleum refinery operation;RoW;light fuel oil;;market for silicone product;1.2203850778055075e-05;kilogram;silicone product;0.0;technosphere;RoW;ecoinvent_cutoff_3.9_remind_SSP2-Base_2060;silicon
4304fb6d74f75502029897fc4db2bd9d;C3 hydrocarbon production, mixture, petroleum refinery operation;BR;C3 hydrocarbon mixture;;market for silicone product;0.00017337280353716485;kilogram;silicone product;0.0;technosphere;RoW;ecoinvent_cutoff_3.9_remind_SSP2-Base_2060;silicon
431fb73608c4776aef3d60494471cc81;photovoltaic laminate production, CdTe;VN;photovoltaic laminate, CdTe;;market for silicone product;0.116931012695652;kilogram;silicone product;0.0;technosphere;RoW;ecoinvent_cutoff_3.9_remind_SSP2-Base_2060;silicon
46961d4b3048d9529c0848a330fc9dcf;polyurethane production, flexible foam, MDI-based;RER;polyurethane, flexible foam;;market for silicon, metallurgical grade;0.002638786;kilogram;silicon, metallurgical grade;0.0;technosphere;GLO;ecoinvent_cutoff_3.9_remind_SSP2-Base_2060;silicon
46dddd70f15bedfe7d7fe6a3f11a3637;photovoltaic panel production, single-Si wafer;RER;photovoltaic panel, single-Si wafer;;market for silicone product;0.12195;kilogram;silicone product;0.0;technosphere;RER;ecoinvent_cutoff_3.9_remind_SSP2-Base_2060;silicon
4773b9ad23ed651fb1b15a1a85212941;heavy fuel oil production, petroleum refinery operation;PE;heavy fuel oil;;market for silicone product;1.8770677062830576e-06;kilogram;silicone product;0.0;technosphere;RoW;ecoinvent_cutoff_3.9_remind_SSP2-Base_2060;silicon
484ed4ed4737fac9849242b16d5a23c7;photovoltaic laminate production, a-Si;US;photovoltaic laminate, a-Si;;market for silicon tetrahydride;0.0035777;kilogram;silicon tetrahydride;0.0;technosphere;GLO;ecoinvent_cutoff_3.9_remind_SSP2-Base_2060;silicon
492bb286749f0d9b5fefde18436ddaac;petrol production, unleaded, petroleum refinery operation;BR;petrol, unleaded;;market for silicone product;4.4819856279841336e-05;kilogram;silicone product;0.0;technosphere;RoW;ecoinvent_cutoff_3.9_remind_SSP2-Base_2060;silicon
4a20058c844cd48ad2e0510264f89632;magnesium-alloy production, AZ91;RER;magnesium-alloy, AZ91;;market for silicon, metallurgical grade;0.00203;kilogram;silicon, metallurgical grade;0.0;technosphere;GLO;ecoinvent_cutoff_3.9_remind_SSP2-Base_2060;silicon
4c0176a98136c5c23972b5e32b205f16;kerosene production, petroleum refinery operation;IN;kerosene;;market for silicone product;1.1784780795096324e-05;kilogram;silicone product;0.0;technosphere;RoW;ecoinvent_cutoff_3.9_remind_SSP2-Base_2060;silicon
4df9ec2a9b18d36c199d00857f8f3157;photovoltaic cell production, ribbon-Si;RoW;photovoltaic cell, ribbon-Si;;market for silicone product;0.0012122;kilogram;silicone product;0.0;technosphere;RoW;ecoinvent_cutoff_3.9_remind_SSP2-Base_2060;silicon
4ed9a651ba754da1db816a65f8091a10;sheet rolling, steel;RoW;sheet rolling, steel;;market for silicon carbide;4.47e-05;kilogram;silicon carbide;0.0;technosphere;GLO;ecoinvent_cutoff_3.9_remind_SSP2-Base_2060;silicon
50e8e8c01ad08a1568f82ffa12650579;power block installation, solar thermal parabolic trough, 50 MW;RoW;power block, solar thermal parabolic trough, 50 MW;;market for silicone product;16078.11199188238;kilogram;silicone product;0.0;technosphere;RoW;ecoinvent_cutoff_3.9_remind_SSP2-Base_2060;silicon
50e8e8c01ad08a1568f82ffa12650579;power block installation, solar thermal parabolic trough, 50 MW;RoW;power block, solar thermal parabolic trough, 50 MW;;market for silicone product;7899.888008117619;kilogram;silicone product;0.0;technosphere;RER;ecoinvent_cutoff_3.9_remind_SSP2-Base_2060;silicon
5137a227a5c5ebdb976d2a0565b0da44;polyurethane production, flexible foam, TDI-based, flame retardant;RER;polyurethane, flexible foam, flame retardant;;market for silicon, metallurgical grade;0.021478913;kilogram;silicon, metallurgical grade;0.0;technosphere;GLO;ecoinvent_cutoff_3.9_remind_SSP2-Base_2060;silicon
5142060b0dafd7cb6d1208be511a3b95;steam generation system construction, solar tower power plant, 20 MW;RoW;steam generation system, solar tower power plant, 20 MW;;market for silicone product;4.023215945921023;kilogram;silicone product;0.0;technosphere;RoW;ecoinvent_cutoff_3.9_remind_SSP2-Base_2060;silicon
5142060b0dafd7cb6d1208be511a3b95;steam generation system construction, solar tower power plant, 20 MW;RoW;steam generation system, solar tower power plant, 20 MW;;market for silicone product;1.9767840540789772;kilogram;silicone product;0.0;technosphere;RER;ecoinvent_cutoff_3.9_remind_SSP2-Base_2060;silicon
517feee9b37b4863c21f6d82636fa6d9;reformate production, petroleum refinery operation;CO;reformate;;market for silicone product;3.4818664760559144e-06;kilogram;silicone product;0.0;technosphere;RoW;ecoinvent_cutoff_3.9_remind_SSP2-Base_2060;silicon
519fb53cefeb0402a55b7087bf2a5307;treatment of aluminium scrap, new, at remelter;RER;aluminium, wrought alloy;;market for silicon, metallurgical grade;0.015165997376652206;kilogram;silicon, metallurgical grade;0.0;technosphere;GLO;ecoinvent_cutoff_3.9_remind_SSP2-Base_2060;silicon
522c865a82e8fba7d014faf72c8d6cd8;sheet rolling, chromium steel;RoW;sheet rolling, chromium steel;;market for silicon carbide;0.00217;kilogram;silicon carbide;0.0;technosphere;GLO;ecoinvent_cutoff_3.9_remind_SSP2-Base_2060;silicon
52be6022f96be3ef90e64128ff9aa492;expanded perlite production;RoW;expanded perlite;;market for silicone product;0.05;kilogram;silicone product;0.0;technosphere;RoW;ecoinvent_cutoff_3.9_remind_SSP2-Base_2060;silicon
53dca4202569564d0e6490b82d0dacdc;phthalimide-compound production;RoW;phthalimide-compound;;market for silicon, metallurgical grade;0.0035285;kilogram;silicon, metallurgical grade;0.0;technosphere;GLO;ecoinvent_cutoff_3.9_remind_SSP2-Base_2060;silicon
5448bdddc4bbed613fe26bb4544af6ec;treatment of aluminium scrap, post-consumer, prepared for recycling, at refiner;RER;aluminium, cast alloy;;market for silicon, metallurgical grade;0.00982117826066283;kilogram;silicon, metallurgical grade;0.0;technosphere;GLO;ecoinvent_cutoff_3.9_remind_SSP2-Base_2060;silicon
54bc6c4de41ef3d8f4f379181b9d12d3;kerosene production, petroleum refinery operation;RoW;kerosene;;market for silicone product;1.2280963806608278e-05;kilogram;silicone product;0.0;technosphere;RoW;ecoinvent_cutoff_3.9_remind_SSP2-Base_2060;silicon
558354949b98580b6ffc52fcc14a23dc;glass fibre production;RER;glass fibre;;market for silicone product;0.00141;kilogram;silicone product;0.0;technosphere;RER;ecoinvent_cutoff_3.9_remind_SSP2-Base_2060;silicon
55a6a56783c983a9ed8bebbd4657ce4b;glass wool mat production;CA-QC;glass wool mat;;market for silicone product;0.0297;kilogram;silicone product;0.0;technosphere;RoW;ecoinvent_cutoff_3.9_remind_SSP2-Base_2060;silicon
5603c8287c0dd71e12b959a52798335e;amination of chlorosilane;GLO;hexamethyldisilazane;;market for silicone product;0.9081250809902377;kilogram;silicone product;0.0;technosphere;RoW;ecoinvent_cutoff_3.9_remind_SSP2-Base_2060;silicon
5603c8287c0dd71e12b959a52798335e;amination of chlorosilane;GLO;hexamethyldisilazane;;market for silicone product;0.44620204417084036;kilogram;silicone product;0.0;technosphere;RER;ecoinvent_cutoff_3.9_remind_SSP2-Base_2060;silicon
57a7a0c203ad250752f1a32904638b8d;naphtha production, petroleum refinery operation;Europe without Switzerland;naphtha;;market for silicone product;6.661100075911791e-06;kilogram;silicone product;0.0;technosphere;RER;ecoinvent_cutoff_3.9_remind_SSP2-Base_2060;silicon
58a8b378bd4b35c372ec5894ee1a5b6a;C3 hydrocarbon production, mixture, petroleum refinery operation;IN;C3 hydrocarbon mixture;;market for silicone product;0.00020936816454001018;kilogram;silicone product;0.0;technosphere;RoW;ecoinvent_cutoff_3.9_remind_SSP2-Base_2060;silicon
5a01c444e87868e856834659536080f3;white spirit production, petroleum refinery operation;IN;white spirit;;market for silicone product;4.39649974438056e-05;kilogram;silicone product;0.0;technosphere;RoW;ecoinvent_cutoff_3.9_remind_SSP2-Base_2060;silicon
5b94aea8e7457acb993150d32908d50d;greenhouse construction, plastic walls and roof, metal tubes;FR;greenhouse, plastic walls and roof;;market for silicone product;0.00012;kilogram;silicone product;0.0;technosphere;RER;ecoinvent_cutoff_3.9_remind_SSP2-Base_2060;silicon
5f7a0bc334448796911726d2d5c56329;diesel production, petroleum refinery operation;BR;diesel;;market for silicone product;1.6902924758797182e-05;kilogram;silicone product;0.0;technosphere;RoW;ecoinvent_cutoff_3.9_remind_SSP2-Base_2060;silicon
5f958782fbf70ef8d6b1a052c98a61df;base oil production, petroleum refinery operation;CO;base oil;;market for silicone product;1.9116949117756223e-06;kilogram;silicone product;0.0;technosphere;RoW;ecoinvent_cutoff_3.9_remind_SSP2-Base_2060;silicon
5f9683220b38677c4992660f8bbd4291;petroleum coke production, petroleum refinery operation;Europe without Switzerland;petroleum coke;;market for silicone product;6.770126216625543e-08;kilogram;silicone product;0.0;technosphere;RER;ecoinvent_cutoff_3.9_remind_SSP2-Base_2060;silicon
5fe0b9f9c1e290673bb38b23c8bade9b;multi-Si wafer production, ribbon;RoW;multi-Si wafer, ribbon;;market for silicon, electronics grade;0.1076996;kilogram;silicon, electronics grade;0.0;technosphere;GLO;ecoinvent_cutoff_3.9_remind_SSP2-Base_2060;silicon
5fe0b9f9c1e290673bb38b23c8bade9b;multi-Si wafer production, ribbon;RoW;multi-Si wafer, ribbon;;market for silicon, solar grade;0.63230188;kilogram;silicon, solar grade;0.0;technosphere;GLO;ecoinvent_cutoff_3.9_remind_SSP2-Base_2060;silicon
6032fcb0a208bdcdab5633d6be417d0e;evacuated tube collector production;GB;evacuated tube collector;;market for silicone product;0.0533;kilogram;silicone product;0.0;technosphere;RER;ecoinvent_cutoff_3.9_remind_SSP2-Base_2060;silicon
60663e2e2a925717290582d94066eefd;silicone product production;RoW;silicone product;;market for silicon tetrachloride;0.0011653;kilogram;silicon tetrachloride;0.0;technosphere;RoW;ecoinvent_cutoff_3.9_remind_SSP2-Base_2060;silicon
60663e2e2a925717290582d94066eefd;silicone product production;RoW;silicone product;;market for silicon, metallurgical grade;0.085674;kilogram;silicon, metallurgical grade;0.0;technosphere;GLO;ecoinvent_cutoff_3.9_remind_SSP2-Base_2060;silicon
60663e2e2a925717290582d94066eefd;silicone product production;RoW;silicone product;;market for silicone factory;1e-11;unit;silicone factory;0.0;technosphere;GLO;ecoinvent_cutoff_3.9_remind_SSP2-Base_2060;silicon
61950ef7216de45a929f41a1ff5418f3;electricity production, medium voltage, petroleum refinery operation;RoW;electricity, medium voltage;;market for silicone product;2.1171801222195094e-06;kilogram;silicone product;0.0;technosphere;RoW;ecoinvent_cutoff_3.9_remind_SSP2-Base_2060;silicon
61bae689964a93fd45ea2fb6084ed744;sulfur production, petroleum refinery operation;BR;sulfur;;market for silicone product;2.218934412843199e-07;kilogram;silicone product;0.0;technosphere;RoW;ecoinvent_cutoff_3.9_remind_SSP2-Base_2060;silicon
64c1473d58cf93c0d462f9bea79cafc4;thermal storage system construction, solar thermal parabolic trough, 50 MW;RoW;used nitrate salts, for solar power application;;market for silicone product;4.917040142130517e-05;kilogram;silicone product;0.0;technosphere;RoW;ecoinvent_cutoff_3.9_remind_SSP2-Base_2060;silicon
64c1473d58cf93c0d462f9bea79cafc4;thermal storage system construction, solar thermal parabolic trough, 50 MW;RoW;used nitrate salts, for solar power application;;market for silicone product;2.4159594406272118e-05;kilogram;silicone product;0.0;technosphere;RER;ecoinvent_cutoff_3.9_remind_SSP2-Base_2060;silicon
66caaa3f5a91c2597f8dc5b97056a78a;pipeline construction, petroleum, offshore;GLO;pipeline, petroleum, offshore;;market for silicon, metallurgical grade;5.25;kilogram;silicon, metallurgical grade;0.0;technosphere;GLO;ecoinvent_cutoff_3.9_remind_SSP2-Base_2060;silicon
6a89e7559628135268ae7f6602ce1686;hydrogen production, gaseous, petroleum refinery operation;ZA;hydrogen, gaseous;;market for silicone product;9.31476033931441e-06;kilogram;silicone product;0.0;technosphere;RoW;ecoinvent_cutoff_3.9_remind_SSP2-Base_2060;silicon
6b22092487614d3f27c5b6dff41d032b;receiver system construction, solar tower power plant, 20 MW;ZA;receiver system, solar tower power plant, 20 MW;;market for silicone product;1148.0;kilogram;silicone product;0.0;technosphere;RoW;ecoinvent_cutoff_3.9_remind_SSP2-Base_2060;silicon
6bbf1e198d02646638fdda71dcc72976;converter production, for electric passenger car;GLO;converter, for electric passenger car;;market for silicone product;0.00037475511496264335;kilogram;silicone product;0.0;technosphere;RoW;ecoinvent_cutoff_3.9_remind_SSP2-Base_2060;silicon
6bbf1e198d02646638fdda71dcc72976;converter production, for electric passenger car;GLO;converter, for electric passenger car;;market for silicone product;0.00018413377392624544;kilogram;silicone product;0.0;technosphere;RER;ecoinvent_cutoff_3.9_remind_SSP2-Base_2060;silicon
6c664dd30afcef3bcf14d9a218877d89;diesel production, low-sulfur, petroleum refinery operation;BR;diesel, low-sulfur;;market for silicone product;1.8098351915810226e-05;kilogram;silicone product;0.0;technosphere;RoW;ecoinvent_cutoff_3.9_remind_SSP2-Base_2060;silicon
6c832cf13947ee8f131fa3c2325a6b91;single-Si wafer production, for electronics;RoW;single-Si wafer, for electronics;;market for silicon carbide;2.63;kilogram;silicon carbide;0.0;technosphere;GLO;ecoinvent_cutoff_3.9_remind_SSP2-Base_2060;silicon
6c832cf13947ee8f131fa3c2325a6b91;single-Si wafer production, for electronics;RoW;single-Si wafer, for electronics;;market for silicon, single crystal, Czochralski process, electronics;1.0748;kilogram;silicon, single crystal, Czochralski process, electronics;0.0;technosphere;RoW;ecoinvent_cutoff_3.9_remind_SSP2-Base_2060;silicon
6d5d02ba4d90a2c60d0f13aaa09bc5d2;battery production, NaCl, rechargeable;CH;battery, NaCl;;market for silicone product;0.0412087912087912;kilogram;silicone product;0.0;technosphere;RER;ecoinvent_cutoff_3.9_remind_SSP2-Base_2060;silicon
6ebe40b1a175ce8e87e59b5eba13f812;refinery gas production, petroleum refinery operation;ZA;refinery gas;;market for silicone product;6.283259886284116e-06;kilogram;silicone product;0.0;technosphere;RoW;ecoinvent_cutoff_3.9_remind_SSP2-Base_2060;silicon
6f198c7e8cdacbbba4a69a66545347e3;pitch production, petroleum refinery operation;CO;pitch;;market for silicone product;3.275389722707453e-07;kilogram;silicone product;0.0;technosphere;RoW;ecoinvent_cutoff_3.9_remind_SSP2-Base_2060;silicon
6f36b562070b0a666eb7115900b4beca;thermal storage system construction, solar thermal parabolic trough, 50 MW;ZA;thermal storage system, solar thermal parabolic trough, 50 MW;;market for silicone product;5333.090605641984;kilogram;silicone product;0.0;technosphere;RoW;ecoinvent_cutoff_3.9_remind_SSP2-Base_2060;silicon
6f6184845726c332cec7a4c0e0beb62c;tetrafluoroethylene film production, on glass;RER;tetrafluoroethylene film, on glass;;market for silicone product;2.11e-05;kilogram;silicone product;0.0;technosphere;RER;ecoinvent_cutoff_3.9_remind_SSP2-Base_2060;silicon
6f61be1d818423934f54b3d72828b68a;refinery gas production, petroleum refinery operation;Europe without Switzerland;refinery gas;;market for silicone product;7.811317178838417e-06;kilogram;silicone product;0.0;technosphere;RER;ecoinvent_cutoff_3.9_remind_SSP2-Base_2060;silicon
6f6c798698874268c2813c6068ce0bad;silicone product production;RER;silicone product;;market for silicon tetrachloride;0.0011653;kilogram;silicon tetrachloride;0.0;technosphere;DE;ecoinvent_cutoff_3.9_remind_SSP2-Base_2060;silicon
6f6c798698874268c2813c6068ce0bad;silicone product production;RER;silicone product;;market for silicon, metallurgical grade;0.085674;kilogram;silicon, metallurgical grade;0.0;technosphere;GLO;ecoinvent_cutoff_3.9_remind_SSP2-Base_2060;silicon
7240ce50f51eaf20a0253163e54e0524;anode production, silicon coated graphite, NCA, for Li-ion battery;CN;anode, silicon coated graphite, for Li-ion battery;;market for silicon, metallurgical grade;0.02;kilogram;silicon, metallurgical grade;0.0;technosphere;GLO;ecoinvent_cutoff_3.9_remind_SSP2-Base_2060;silicon
76a98cf013fed616c3b3bee486a4b373;biogas purification to biomethane by amino washing;CH;biomethane, high pressure;;market for silicone product;0.000364;kilogram;silicone product;0.0;technosphere;RER;ecoinvent_cutoff_3.9_remind_SSP2-Base_2060;silicon
76caecb4f034e051b24411b2037db4a1;silicon production, solar grade, modified Siemens process;RoW;silicon, solar grade;;market for silicon, metallurgical grade;1.13;kilogram;silicon, metallurgical grade;0.0;technosphere;GLO;ecoinvent_cutoff_3.9_remind_SSP2-Base_2060;silicon
76caecb4f034e051b24411b2037db4a1;silicon production, solar grade, modified Siemens process;RoW;silicon, solar grade;;market for silicone factory;1e-11;unit;silicone factory;0.0;technosphere;GLO;ecoinvent_cutoff_3.9_remind_SSP2-Base_2060;silicon
76e120d9327d6292bff2e343161981e2;polyurethane production, flexible foam, TDI-based, high density;RoW;polyurethane, flexible foam;;market for silicon, metallurgical grade;0.00735373;kilogram;silicon, metallurgical grade;0.0;technosphere;GLO;ecoinvent_cutoff_3.9_remind_SSP2-Base_2060;silicon
7708c83f445ab93778aa4da34fae7b10;plug production, inlet and outlet, for printer cable;GLO;plug, inlet and outlet, for printer cable;;market for silicone product;0.008180539090039414;kilogram;silicone product;0.0;technosphere;RoW;ecoinvent_cutoff_3.9_remind_SSP2-Base_2060;silicon
7708c83f445ab93778aa4da34fae7b10;plug production, inlet and outlet, for printer cable;GLO;plug, inlet and outlet, for printer cable;;market for silicone product;0.004019460909960587;kilogram;silicone product;0.0;technosphere;RER;ecoinvent_cutoff_3.9_remind_SSP2-Base_2060;silicon
7763dea3b7ee01304bbffe05a445f87b;transmission network construction, electricity, medium voltage;CH;transmission network, electricity, medium voltage;;market for silicone product;4.58;kilogram;silicone product;0.0;technosphere;RER;ecoinvent_cutoff_3.9_remind_SSP2-Base_2060;silicon
77c2e8abdd3a011be36f474a205129e1;photovoltaic cell production, multi-Si wafer;RER;photovoltaic cell, multi-Si wafer;;market for silicone product;0.0012122;kilogram;silicone product;0.0;technosphere;RER;ecoinvent_cutoff_3.9_remind_SSP2-Base_2060;silicon
77df540a6971adbc97a50cb2216acb4c;pesticide production, unspecified;RoW;pesticide, unspecified;;market for silicon, metallurgical grade;0.00078926;kilogram;silicon, metallurgical grade;0.0;technosphere;GLO;ecoinvent_cutoff_3.9_remind_SSP2-Base_2060;silicon
77ebf1a052352cfffe34489bd21e4be9;aluminium production, primary, ingot;IAI Area, Russia & RER w/o EU27 & EFTA;aluminium, primary, ingot;;market for silicon, metallurgical grade;0.0108;kilogram;silicon, metallurgical grade;0.0;technosphere;GLO;ecoinvent_cutoff_3.9_remind_SSP2-Base_2060;silicon
781509883e710f4b4b291c8b5820f2c6;silicon hydrochloration;GLO;silicon tetrachloride;;market for silicon, metallurgical grade;0.4386139973130507;kilogram;silicon, metallurgical grade;0.0;technosphere;GLO;ecoinvent_cutoff_3.9_remind_SSP2-Base_2060;silicon
781509883e710f4b4b291c8b5820f2c6;silicon hydrochloration;GLO;silicon tetrachloride;;market for silicone factory;4.3861399731305065e-12;unit;silicone factory;0.0;technosphere;GLO;ecoinvent_cutoff_3.9_remind_SSP2-Base_2060;silicon
7990bfad5f6369c3a6836a5e24a24483;single-Si wafer production, photovoltaic;RoW;single-Si wafer, photovoltaic;;market for silicon carbide;2.63;kilogram;silicon carbide;0.0;technosphere;GLO;ecoinvent_cutoff_3.9_remind_SSP2-Base_2060;silicon
7990bfad5f6369c3a6836a5e24a24483;single-Si wafer production, photovoltaic;RoW;single-Si wafer, photovoltaic;;market for silicon, single crystal, Czochralski process, photovoltaics;1.0748;kilogram;silicon, single crystal, Czochralski process, photovoltaics;0.0;technosphere;RoW;ecoinvent_cutoff_3.9_remind_SSP2-Base_2060;silicon
79acbb4bab8a4fbde936bd034b7ce00e;sheet rolling, chromium steel;RER;sheet rolling, chromium steel;;market for silicon carbide;0.00217;kilogram;silicon carbide;0.0;technosphere;GLO;ecoinvent_cutoff_3.9_remind_SSP2-Base_2060;silicon
7aadd17417a1c9f545395c54e78c760f;petrol production, unleaded, petroleum refinery operation;PE;petrol, unleaded;;market for silicone product;4.481348788601119e-05;kilogram;silicone product;0.0;technosphere;RoW;ecoinvent_cutoff_3.9_remind_SSP2-Base_2060;silicon
7e0e5365d1ddde32ef32f5a3888441ad;petroleum slack wax production, petroleum refinery operation;ZA;petroleum slack wax;;market for silicone product;1.0019546636789586e-06;kilogram;silicone product;0.0;technosphere;RoW;ecoinvent_cutoff_3.9_remind_SSP2-Base_2060;silicon
823588ef577e2115a34c87a606396944;diesel production, low-sulfur, petroleum refinery operation;ZA;diesel, low-sulfur;;market for silicone product;1.1863255666398285e-05;kilogram;silicone product;0.0;technosphere;RoW;ecoinvent_cutoff_3.9_remind_SSP2-Base_2060;silicon
838402c1386ada2961c1dcb8aebd0276;white spirit production, petroleum refinery operation;BR;white spirit;;market for silicone product;1.1396023472930586e-07;kilogram;silicone product;0.0;technosphere;RoW;ecoinvent_cutoff_3.9_remind_SSP2-Base_2060;silicon
83c45eea084eb9ce70df6aebde1e82d1;light fuel oil production, petroleum refinery operation;ZA;light fuel oil;;market for silicone product;1.0662680413470692e-05;kilogram;silicone product;0.0;technosphere;RoW;ecoinvent_cutoff_3.9_remind_SSP2-Base_2060;silicon
8653e74e9cd437b35ff0f2eb496d70d9;polyurethane production, flexible foam, MDI-based;RoW;polyurethane, flexible foam;;market for silicon, metallurgical grade;0.002638786;kilogram;silicon, metallurgical grade;0.0;technosphere;GLO;ecoinvent_cutoff_3.9_remind_SSP2-Base_2060;silicon
87e798fad31555a79ca00d35e812cc91;polyurethane production, flexible foam, TDI-based, low density;RER;polyurethane, flexible foam;;market for silicon, metallurgical grade;0.007265246;kilogram;silicon, metallurgical grade;0.0;technosphere;GLO;ecoinvent_cutoff_3.9_remind_SSP2-Base_2060;silicon
8996f8b5c7bdb1b9df7f7e1f2d04a53c;silicon production, metallurgical grade;RoW;silicon, metallurgical grade;;market for silicone factory;1e-11;unit;silicone factory;0.0;technosphere;GLO;ecoinvent_cutoff_3.9_remind_SSP2-Base_2060;silicon
89e8165fd1a7fc19c6881eab56624762;white spirit production, petroleum refinery operation;PE;white spirit;;market for silicone product;1.134263977205792e-07;kilogram;silicone product;0.0;technosphere;RoW;ecoinvent_cutoff_3.9_remind_SSP2-Base_2060;silicon
8a31c9a7c400f78a9ffb6676a6c547b4;hydrogen production, gaseous, petroleum refinery operation;CO;hydrogen, gaseous;;market for silicone product;9.556603741618505e-06;kilogram;silicone product;0.0;technosphere;RoW;ecoinvent_cutoff_3.9_remind_SSP2-Base_2060;silicon
8adc0898612c7ede274d41c54613856f;amination of chlorosilane;GLO;ammonium chloride;;market for silicone product;0.0008487150289628388;kilogram;silicone product;0.0;technosphere;RoW;ecoinvent_cutoff_3.9_remind_SSP2-Base_2060;silicon
8adc0898612c7ede274d41c54613856f;amination of chlorosilane;GLO;ammonium chloride;;market for silicone product;0.00041701125623443017;kilogram;silicone product;0.0;technosphere;RER;ecoinvent_cutoff_3.9_remind_SSP2-Base_2060;silicon
8b0cb74dece71b043bc82ad3590f5036;transistor production, surface-mounted;GLO;transistor, surface-mounted;;market for silicon, electronics grade;0.02958;kilogram;silicon, electronics grade;0.0;technosphere;GLO;ecoinvent_cutoff_3.9_remind_SSP2-Base_2060;silicon
8b59709ec50f0f202bf96bbef0bca5b0;anode production, silicon coated graphite, NCA, for Li-ion battery;RoW;anode, silicon coated graphite, for Li-ion battery;;market for silicon, metallurgical grade;0.02;kilogram;silicon, metallurgical grade;0.0;technosphere;GLO;ecoinvent_cutoff_3.9_remind_SSP2-Base_2060;silicon
8c6c0ff6617782afec6228335ef8cbf2;light fuel oil production, petroleum refinery operation;BR;light fuel oil;;market for silicone product;1.681242958434369e-05;kilogram;silicone product;0.0;technosphere;RoW;ecoinvent_cutoff_3.9_remind_SSP2-Base_2060;silicon
8d219eca0a4a98126ad38ea18f2db579;aluminium alloy production, AlMg3;RoW;aluminium alloy, AlMg3;;market for silicon, metallurgical grade;0.00406;kilogram;silicon, metallurgical grade;0.0;technosphere;GLO;ecoinvent_cutoff_3.9_remind_SSP2-Base_2060;silicon
8d81ee458b1f3bf3580e095d6d8e0b2b;heavy fuel oil production, petroleum refinery operation;IN;heavy fuel oil;;market for silicone product;2.8768041819768123e-06;kilogram;silicone product;0.0;technosphere;RoW;ecoinvent_cutoff_3.9_remind_SSP2-Base_2060;silicon
8ff55b2718af2753ce9978924378f856;sulfur production, petroleum refinery operation;ZA;sulfur;;market for silicone product;1.1336323043354997e-07;kilogram;silicone product;0.0;technosphere;RoW;ecoinvent_cutoff_3.9_remind_SSP2-Base_2060;silicon
8ffaa2f420c7ee4bc50b88459abd74af;white spirit production, petroleum refinery operation;CO;white spirit;;market for silicone product;2.077684768335851e-05;kilogram;silicone product;0.0;technosphere;RoW;ecoinvent_cutoff_3.9_remind_SSP2-Base_2060;silicon
9052360d434665871020c01b06673286;electric kettle production;GLO;electric kettle;;market for silicone product;0.017855702903988486;kilogram;silicone product;0.0;technosphere;RoW;ecoinvent_cutoff_3.9_remind_SSP2-Base_2060;silicon
9052360d434665871020c01b06673286;electric kettle production;GLO;electric kettle;;market for silicone product;0.008773297096011514;kilogram;silicone product;0.0;technosphere;RER;ecoinvent_cutoff_3.9_remind_SSP2-Base_2060;silicon
92748f7e6045e62dba5de6d426f89def;refinery gas production, petroleum refinery operation;CO;refinery gas;;market for silicone product;1.1480092598825313e-05;kilogram;silicone product;0.0;technosphere;RoW;ecoinvent_cutoff_3.9_remind_SSP2-Base_2060;silicon
93cba88c00f601fd690121c880c0db63;anode production, silicon coated graphite, NMC811, for Li-ion battery;RoW;anode, silicon coated graphite, for Li-ion battery;;market for silicon, metallurgical grade;0.02;kilogram;silicon, metallurgical grade;0.0;technosphere;GLO;ecoinvent_cutoff_3.9_remind_SSP2-Base_2060;silicon
94bb303bdeaa46515536cb59dfc2c329;petroleum coke production, petroleum refinery operation;ZA;petroleum coke;;market for silicone product;6.697308055996337e-08;kilogram;silicone product;0.0;technosphere;RoW;ecoinvent_cutoff_3.9_remind_SSP2-Base_2060;silicon
956cc7b50c600714ee636e45010b567f;base oil production, petroleum refinery operation;PE;base oil;;market for silicone product;1.5225621494802517e-06;kilogram;silicone product;0.0;technosphere;RoW;ecoinvent_cutoff_3.9_remind_SSP2-Base_2060;silicon
95ac90a343938815a9067ddc8f8b4fd9;treatment of aluminium scrap, post-consumer, by collecting, sorting, cleaning, pressing;RER;aluminium scrap, post-consumer, prepared for melting;;market for silicon, metallurgical grade;0.0012;kilogram;silicon, metallurgical grade;0.0;technosphere;GLO;ecoinvent_cutoff_3.9_remind_SSP2-Base_2060;silicon
965d8bd44fedfb903bdb753b143579ed;chassis production, internet access equipment;RER;chassis, internet access equipment;;market for silicone product;0.001;kilogram;silicone product;0.0;technosphere;RER;ecoinvent_cutoff_3.9_remind_SSP2-Base_2060;silicon
9697331ea71c1fc32422238a249a8001;diesel production, petroleum refinery operation;PE;diesel;;market for silicone product;1.6893184081045477e-05;kilogram;silicone product;0.0;technosphere;RoW;ecoinvent_cutoff_3.9_remind_SSP2-Base_2060;silicon
96d230ce0aa5e20dcc75040292733545;silicon production, single crystal, Czochralski process, photovoltaics;RoW;silicon, single crystal, Czochralski process, photovoltaics;;market for silicon, electronics grade;0.1557278;kilogram;silicon, electronics grade;0.0;technosphere;GLO;ecoinvent_cutoff_3.9_remind_SSP2-Base_2060;silicon
96d230ce0aa5e20dcc75040292733545;silicon production, single crystal, Czochralski process, photovoltaics;RoW;silicon, single crystal, Czochralski process, photovoltaics;;market for silicon, solar grade;0.91427434;kilogram;silicon, solar grade;0.0;technosphere;GLO;ecoinvent_cutoff_3.9_remind_SSP2-Base_2060;silicon
96d230ce0aa5e20dcc75040292733545;silicon production, single crystal, Czochralski process, photovoltaics;RoW;silicon, single crystal, Czochralski process, photovoltaics;;market for silicone factory;1e-11;unit;silicone factory;0.0;technosphere;GLO;ecoinvent_cutoff_3.9_remind_SSP2-Base_2060;silicon
975446b2f7d1ba8d5756002fc199a1a0;dimethyldichlorosilane production;GLO;dimethyldichlorosilane;;market for silicon, metallurgical grade;0.229729637457217;kilogram;silicon, metallurgical grade;0.0;technosphere;GLO;ecoinvent_cutoff_3.9_remind_SSP2-Base_2060;silicon
98341c5d31b35109ed42847644e6b7ae;greenhouse construction, plastic walls and roof, metal tubes;RoW;greenhouse, plastic walls and roof;;market for silicone product;0.00012;kilogram;silicone product;0.0;technosphere;RoW;ecoinvent_cutoff_3.9_remind_SSP2-Base_2060;silicon
983f25cf60448f648c7eeb606944a629;power block installation, solar tower power plant, 20 MW;RoW;power block, solar tower power plant, 20 MW;;market for silicone product;3732.8738618237226;kilogram;silicone product;0.0;technosphere;RoW;ecoinvent_cutoff_3.9_remind_SSP2-Base_2060;silicon
983f25cf60448f648c7eeb606944a629;power block installation, solar tower power plant, 20 MW;RoW;power block, solar tower power plant, 20 MW;;market for silicone product;1834.1261381762777;kilogram;silicone product;0.0;technosphere;RER;ecoinvent_cutoff_3.9_remind_SSP2-Base_2060;silicon
98df54661978cd154c1bcfbeadbdb594;naphtha production, petroleum refinery operation;IN;naphtha;;market for silicone product;4.797015953742206e-05;kilogram;silicone product;0.0;technosphere;RoW;ecoinvent_cutoff_3.9_remind_SSP2-Base_2060;silicon
9aabfa24928f74eb302a4ddbb6626123;heavy fuel oil production, petroleum refinery operation;BR;heavy fuel oil;;market for silicone product;1.878582085386327e-06;kilogram;silicone product;0.0;technosphere;RoW;ecoinvent_cutoff_3.9_remind_SSP2-Base_2060;silicon
9baaf0962be4325fac8a3443edd3a7d4;metal working machine production, unspecified;RoW;metal working machine, unspecified;;market for silicone product;0.00431;kilogram;silicone product;0.0;technosphere;RoW;ecoinvent_cutoff_3.9_remind_SSP2-Base_2060;silicon
9c393df65119d26fac7d3e99428d5fe7;silicon production, electronics grade;DE;silicon tetrachloride;;market for silicon, metallurgical grade;0.010266971315905564;kilogram;silicon, metallurgical grade;0.0;technosphere;GLO;ecoinvent_cutoff_3.9_remind_SSP2-Base_2060;silicon
9cc0ec1dd3bc31f4a1643967d3be0c40;silicon production, multi-Si, casted;RER;silicon, multi-Si, casted;;market for silicon, electronics grade;0.165944708;kilogram;silicon, electronics grade;0.0;technosphere;GLO;ecoinvent_cutoff_3.9_remind_SSP2-Base_2060;silicon
9cc0ec1dd3bc31f4a1643967d3be0c40;silicon production, multi-Si, casted;RER;silicon, multi-Si, casted;;market for silicon, solar grade;0.9742575724;kilogram;silicon, solar grade;0.0;technosphere;GLO;ecoinvent_cutoff_3.9_remind_SSP2-Base_2060;silicon
9d2335e5f11bbfba71a7e0a5f91991ed;silicon production, electronics grade;RoW;silicon, solar grade;;market for silicon, metallurgical grade;0.37782454442532476;kilogram;silicon, metallurgical grade;0.0;technosphere;GLO;ecoinvent_cutoff_3.9_remind_SSP2-Base_2060;silicon
9d2335e5f11bbfba71a7e0a5f91991ed;silicon production, electronics grade;RoW;silicon, solar grade;;market for silicone factory;3.778245444253247e-12;unit;silicone factory;0.0;technosphere;GLO;ecoinvent_cutoff_3.9_remind_SSP2-Base_2060;silicon
9d51d16b1d8b376af5bf8fc2da82ac08;petroleum slack wax production, petroleum refinery operation;CO;petroleum slack wax;;market for silicone product;1.6142168728816964e-06;kilogram;silicone product;0.0;technosphere;RoW;ecoinvent_cutoff_3.9_remind_SSP2-Base_2060;silicon
9d6e860b79fded9f3ca8a215e5825181;single-Si wafer production, for electronics;RER;single-Si wafer, for electronics;;market for silicon carbide;2.63;kilogram;silicon carbide;0.0;technosphere;GLO;ecoinvent_cutoff_3.9_remind_SSP2-Base_2060;silicon
9d6e860b79fded9f3ca8a215e5825181;single-Si wafer production, for electronics;RER;single-Si wafer, for electronics;;market for silicon, single crystal, Czochralski process, electronics;1.0748;kilogram;silicon, single crystal, Czochralski process, electronics;0.0;technosphere;RER;ecoinvent_cutoff_3.9_remind_SSP2-Base_2060;silicon
9dff579eb5daac464ad40eb88e1fddf1;multi-Si wafer production;RoW;multi-Si wafer;;market for silicon carbide;2.63;kilogram;silicon carbide;0.0;technosphere;GLO;ecoinvent_cutoff_3.9_remind_SSP2-Base_2060;silicon
9dff579eb5daac464ad40eb88e1fddf1;multi-Si wafer production;RoW;multi-Si wafer;;market for silicon, multi-Si, casted;0.010131491428571409;kilogram;silicon, multi-Si, casted;0.0;technosphere;CA-QC;ecoinvent_cutoff_3.9_remind_SSP2-Base_2060;silicon
9dff579eb5daac464ad40eb88e1fddf1;multi-Si wafer production;RoW;multi-Si wafer;;market for silicon, multi-Si, casted;1.1300685085714286;kilogram;silicon, multi-Si, casted;0.0;technosphere;RoW;ecoinvent_cutoff_3.9_remind_SSP2-Base_2060;silicon
9f01dc83b31c815ff554fe7189874241;magnesium-alloy production, AZ91;RoW;magnesium-alloy, AZ91;;market for silicon, metallurgical grade;0.00203;kilogram;silicon, metallurgical grade;0.0;technosphere;GLO;ecoinvent_cutoff_3.9_remind_SSP2-Base_2060;silicon
9feaa743dfa00da99430bbeab607d8e6;refinery gas production, petroleum refinery operation;RoW;refinery gas;;market for silicone product;7.811317178838417e-06;kilogram;silicone product;0.0;technosphere;RoW;ecoinvent_cutoff_3.9_remind_SSP2-Base_2060;silicon
a0e54d9e2c4eb140df44a61c6d921aa6;pitch production, petroleum refinery operation;ZA;pitch;;market for silicone product;1.9198879648288045e-07;kilogram;silicone product;0.0;technosphere;RoW;ecoinvent_cutoff_3.9_remind_SSP2-Base_2060;silicon
a29a76bc50421fd07b1085bf3f531649;diesel production, low-sulfur, petroleum refinery operation;IN;diesel, low-sulfur;;market for silicone product;1.3462683081177736e-05;kilogram;silicone product;0.0;technosphere;RoW;ecoinvent_cutoff_3.9_remind_SSP2-Base_2060;silicon
a2a7fae394854cbea3fdc610bdd4ddaf;pitch production, petroleum refinery operation;Europe without Switzerland;pitch;;market for silicone product;2.3003796806458544e-07;kilogram;silicone product;0.0;technosphere;RER;ecoinvent_cutoff_3.9_remind_SSP2-Base_2060;silicon
a3d66b03d5ab23a90526aa23317d76c5;pitch production, petroleum refinery operation;PE;pitch;;market for silicone product;2.999810566006504e-07;kilogram;silicone product;0.0;technosphere;RoW;ecoinvent_cutoff_3.9_remind_SSP2-Base_2060;silicon
a49b704a1f329aa171e24b6af0a4f0ef;aluminium production, primary, ingot;CN;aluminium, primary, ingot;;market for silicon, metallurgical grade;0.0108;kilogram;silicon, metallurgical grade;0.0;technosphere;GLO;ecoinvent_cutoff_3.9_remind_SSP2-Base_2060;silicon
a7b20a9e7c588f7764269528db2923e5;silicon hydrochloration;GLO;silicon tetrahydride;;market for silicon, metallurgical grade;10.263567537125384;kilogram;silicon, metallurgical grade;0.0;technosphere;GLO;ecoinvent_cutoff_3.9_remind_SSP2-Base_2060;silicon
a7b20a9e7c588f7764269528db2923e5;silicon hydrochloration;GLO;silicon tetrahydride;;market for silicone factory;1.0263567537125383e-10;unit;silicone factory;0.0;technosphere;GLO;ecoinvent_cutoff_3.9_remind_SSP2-Base_2060;silicon
a8d38ee8fe81bb30c0df927a03922b25;silicon production, electronics grade;RoW;silicon tetrachloride;;market for silicon, metallurgical grade;0.010266971315905564;kilogram;silicon, metallurgical grade;0.0;technosphere;GLO;ecoinvent_cutoff_3.9_remind_SSP2-Base_2060;silicon
a8d38ee8fe81bb30c0df927a03922b25;silicon production, electronics grade;RoW;silicon tetrachloride;;market for silicone factory;1.0266971315905561e-13;unit;silicone factory;0.0;technosphere;GLO;ecoinvent_cutoff_3.9_remind_SSP2-Base_2060;silicon
a9808d05d37d2b520a26a1997e130990;kerosene production, petroleum refinery operation;ZA;kerosene;;market for silicone product;1.0730055180457607e-05;kilogram;silicone product;0.0;technosphere;RoW;ecoinvent_cutoff_3.9_remind_SSP2-Base_2060;silicon
aa7fec95c32268aabb4715582293bc5f;pitch production, petroleum refinery operation;BR;pitch;;market for silicone product;3.013899207842442e-07;kilogram;silicone product;0.0;technosphere;RoW;ecoinvent_cutoff_3.9_remind_SSP2-Base_2060;silicon
aa81783b18d6fd8fa9c6c987fce97bef;naphtha production, petroleum refinery operation;ZA;naphtha;;market for silicone product;4.1302858916826845e-07;kilogram;silicone product;0.0;technosphere;RoW;ecoinvent_cutoff_3.9_remind_SSP2-Base_2060;silicon
ab8cdf532eab938a5bf8c4e3b31e74dc;petroleum slack wax production, petroleum refinery operation;RoW;petroleum slack wax;;market for silicone product;1.1313794663867802e-06;kilogram;silicone product;0.0;technosphere;RoW;ecoinvent_cutoff_3.9_remind_SSP2-Base_2060;silicon
acbb595502133180f43cafd405a49feb;base oil production, petroleum refinery operation;RoW;base oil;;market for silicone product;1.3300563550611523e-06;kilogram;silicone product;0.0;technosphere;RoW;ecoinvent_cutoff_3.9_remind_SSP2-Base_2060;silicon
ae095e3c5dd43de0379584a1bb18e076;liquefied petroleum gas production, petroleum refinery operation;CO;liquefied petroleum gas;;market for silicone product;1.2246419959222218e-05;kilogram;silicone product;0.0;technosphere;RoW;ecoinvent_cutoff_3.9_remind_SSP2-Base_2060;silicon
ae9e4cc9ec96c8bb1a9908f7cd732b37;multi-Si wafer production;RER;multi-Si wafer;;market for silicon carbide;2.63;kilogram;silicon carbide;0.0;technosphere;GLO;ecoinvent_cutoff_3.9_remind_SSP2-Base_2060;silicon
ae9e4cc9ec96c8bb1a9908f7cd732b37;multi-Si wafer production;RER;multi-Si wafer;;market for silicon, multi-Si, casted;1.1402;kilogram;silicon, multi-Si, casted;0.0;technosphere;RER;ecoinvent_cutoff_3.9_remind_SSP2-Base_2060;silicon
af7f1628b31d3b9949bfe72b1f7fd64f;light emitting diode production;GLO;light emitting diode;;market for silicon, electronics grade;0.00468;kilogram;silicon, electronics grade;0.0;technosphere;GLO;ecoinvent_cutoff_3.9_remind_SSP2-Base_2060;silicon
afae9a6bf9909b6e29fabc8fdafbecf2;photovoltaic laminate production, a-Si;RoW;photovoltaic laminate, a-Si;;market for silicon tetrahydride;0.0035777;kilogram;silicon tetrahydride;0.0;technosphere;GLO;ecoinvent_cutoff_3.9_remind_SSP2-Base_2060;silicon
b1b3b47eb0e3d7b0317ae9e38b32c247;diesel production, petroleum refinery operation;RoW;diesel;;market for silicone product;1.226953965422997e-05;kilogram;silicone product;0.0;technosphere;RoW;ecoinvent_cutoff_3.9_remind_SSP2-Base_2060;silicon
b272d999e7f2eb222acc4571fecfbaff;C3 hydrocarbon production, mixture, petroleum refinery operation;Europe without Switzerland;C3 hydrocarbon mixture;;market for silicone product;0.00017883818211179161;kilogram;silicone product;0.0;technosphere;RER;ecoinvent_cutoff_3.9_remind_SSP2-Base_2060;silicon
b319940a53dddcf86d6de0d37b88f8d6;glass wool mat production;CH;glass wool mat;;market for silicone product;0.0297;kilogram;silicone product;0.0;technosphere;RER;ecoinvent_cutoff_3.9_remind_SSP2-Base_2060;silicon
b3e2f29626e2753e48ecfba9a0c26ec5;photovoltaic cell production, single-Si wafer;RER;photovoltaic cell, single-Si wafer;;market for silicone product;0.0012122;kilogram;silicone product;0.0;technosphere;RER;ecoinvent_cutoff_3.9_remind_SSP2-Base_2060;silicon
b3fcc4e8e4fc539d2e9a2995a5a1d275;liquefied petroleum gas production, petroleum refinery operation;Europe without Switzerland;liquefied petroleum gas;;market for silicone product;8.802325582571625e-06;kilogram;silicone product;0.0;technosphere;RER;ecoinvent_cutoff_3.9_remind_SSP2-Base_2060;silicon
b4cf9bef49c25e06bf9ccfba45c7d955;thermal storage system construction, solar thermal parabolic trough, 50 MW;ZA;used nitrate salts, for solar power application;;market for silicone product;7.332999582757729e-05;kilogram;silicone product;0.0;technosphere;RoW;ecoinvent_cutoff_3.9_remind_SSP2-Base_2060;silicon
b546b7da2dcba817a90bae727b5db512;light fuel oil production, petroleum refinery operation;CO;light fuel oil;;market for silicone product;1.4430467059036787e-05;kilogram;silicone product;0.0;technosphere;RoW;ecoinvent_cutoff_3.9_remind_SSP2-Base_2060;silicon
b5b50fb7b97002e04ca9cc989ea7e31d;base oil production, petroleum refinery operation;Europe without Switzerland;base oil;;market for silicone product;1.3300563550611523e-06;kilogram;silicone product;0.0;technosphere;RER;ecoinvent_cutoff_3.9_remind_SSP2-Base_2060;silicon
b64dae1cefcbb8112c6fa7e01236c14c;base oil production, petroleum refinery operation;IN;base oil;;market for silicone product;2.462265648679513e-06;kilogram;silicone product;0.0;technosphere;RoW;ecoinvent_cutoff_3.9_remind_SSP2-Base_2060;silicon
b71d498b7e90a025b862a0551610fafd;liquefied petroleum gas production, petroleum refinery operation;RoW;liquefied petroleum gas;;market for silicone product;8.802325582571625e-06;kilogram;silicone product;0.0;technosphere;RoW;ecoinvent_cutoff_3.9_remind_SSP2-Base_2060;silicon
b73da65fc717da7ab15b41f2dc3e5a7f;petroleum slack wax production, petroleum refinery operation;PE;petroleum slack wax;;market for silicone product;1.3113788352299146e-06;kilogram;silicone product;0.0;technosphere;RoW;ecoinvent_cutoff_3.9_remind_SSP2-Base_2060;silicon
b79caa7a0eb259d3f0eae8b8eb4e89a2;photovoltaic laminate production, CdTe;MY;photovoltaic laminate, CdTe;;market for silicone product;0.117469284451872;kilogram;silicone product;0.0;technosphere;RoW;ecoinvent_cutoff_3.9_remind_SSP2-Base_2060;silicon
ba0435ca6abdaad442f2a5cafdf60cb4;aluminium production, primary, ingot;CA;aluminium, primary, ingot;;market for silicon, metallurgical grade;0.0108;kilogram;silicon, metallurgical grade;0.0;technosphere;GLO;ecoinvent_cutoff_3.9_remind_SSP2-Base_2060;silicon
ba5773afa42479c6f2d745c3903be490;liquefied petroleum gas production, petroleum refinery operation;PE;liquefied petroleum gas;;market for silicone product;1.4755079585806019e-05;kilogram;silicone product;0.0;technosphere;RoW;ecoinvent_cutoff_3.9_remind_SSP2-Base_2060;silicon
bbc1da3206db48b2346c5a80ea9699d6;treatment of aluminium scrap, new, at refiner;RER;aluminium oxide, non-metallurgical;;market for silicon, metallurgical grade;0.0021153307022966097;kilogram;silicon, metallurgical grade;0.0;technosphere;GLO;ecoinvent_cutoff_3.9_remind_SSP2-Base_2060;silicon
bc17b43b7153df3586e986629dbedb6d;anode production, silicon coated graphite, NMC811, for Li-ion battery;CN;anode, silicon coated graphite, for Li-ion battery;;market for silicon, metallurgical grade;0.02;kilogram;silicon, metallurgical grade;0.0;technosphere;GLO;ecoinvent_cutoff_3.9_remind_SSP2-Base_2060;silicon
bcbb2f1265513e0a96fb456d175df879;polyurethane production, flexible foam, TDI-based, flame retardant;RoW;polyurethane, flexible foam, flame retardant;;market for silicon, metallurgical grade;0.021478913;kilogram;silicon, metallurgical grade;0.0;technosphere;GLO;ecoinvent_cutoff_3.9_remind_SSP2-Base_2060;silicon
bcbde121a5f004fab19d422b13e03150;light fuel oil production, petroleum refinery operation;Europe without Switzerland;light fuel oil;;market for silicone product;1.2203850778055075e-05;kilogram;silicone product;0.0;technosphere;RER;ecoinvent_cutoff_3.9_remind_SSP2-Base_2060;silicon
bcf8a9b309e72ec9db1ad0bba2cb237f;aluminium alloy production, Metallic Matrix Composite;CA-QC;copper, cathode;;market for silicon carbide;0.03141668838075854;kilogram;silicon carbide;0.0;technosphere;GLO;ecoinvent_cutoff_3.9_remind_SSP2-Base_2060;silicon
bd90c453d8bf51979a8bdc9e0310071a;photovoltaic laminate production, multi-Si wafer;RER;photovoltaic laminate, multi-Si wafer;;market for silicone product;0.12195;kilogram;silicone product;0.0;technosphere;RER;ecoinvent_cutoff_3.9_remind_SSP2-Base_2060;silicon
bda600222bb830425bef7f610ec0da37;C3 hydrocarbon production, mixture, petroleum refinery operation;CO;C3 hydrocarbon mixture;;market for silicone product;0.00019046764176320724;kilogram;silicone product;0.0;technosphere;RoW;ecoinvent_cutoff_3.9_remind_SSP2-Base_2060;silicon
bdfb895d364294cb4102c0ad3695a1df;treatment of aluminium scrap, new, at refiner;RoW;aluminium oxide, non-metallurgical;;market for silicon, metallurgical grade;0.0021153307022966097;kilogram;silicon, metallurgical grade;0.0;technosphere;GLO;ecoinvent_cutoff_3.9_remind_SSP2-Base_2060;silicon
beaa234b36ed9d306b66ed34a2341751;liquefied petroleum gas production, petroleum refinery operation;BR;liquefied petroleum gas;;market for silicone product;1.4758396120430414e-05;kilogram;silicone product;0.0;technosphere;RoW;ecoinvent_cutoff_3.9_remind_SSP2-Base_2060;silicon
bf41266390e3cc9bf260a69ccab54140;heavy fuel oil production, petroleum refinery operation;CO;heavy fuel oil;;market for silicone product;2.3001350568150442e-06;kilogram;silicone product;0.0;technosphere;RoW;ecoinvent_cutoff_3.9_remind_SSP2-Base_2060;silicon
bf7bf5ba58cf203fb70c55c52c668d92;silicon production, electronics grade;RoW;silicon, electronics grade;;market for silicon, metallurgical grade;1.4147886473317868;kilogram;silicon, metallurgical grade;0.0;technosphere;GLO;ecoinvent_cutoff_3.9_remind_SSP2-Base_2060;silicon
bf7bf5ba58cf203fb70c55c52c668d92;silicon production, electronics grade;RoW;silicon, electronics grade;;market for silicone factory;1.4147886473317867e-11;unit;silicone factory;0.0;technosphere;GLO;ecoinvent_cutoff_3.9_remind_SSP2-Base_2060;silicon
bf92807211ec84e8f72b169d81f3c997;reformate production, petroleum refinery operation;BR;reformate;;market for silicone product;3.382736219643598e-06;kilogram;silicone product;0.0;technosphere;RoW;ecoinvent_cutoff_3.9_remind_SSP2-Base_2060;silicon
c06580bea2910e0651c8e3a370506956;treatment of aluminium scrap, post-consumer, prepared for recycling, at refiner;RoW;aluminium, cast alloy;;market for silicon, metallurgical grade;0.00982117826066283;kilogram;silicon, metallurgical grade;0.0;technosphere;GLO;ecoinvent_cutoff_3.9_remind_SSP2-Base_2060;silicon
c1dff9340d964532b849836b7565acfb;reformate production, petroleum refinery operation;IN;reformate;;market for silicone product;3.7162952764120914e-06;kilogram;silicone product;0.0;technosphere;RoW;ecoinvent_cutoff_3.9_remind_SSP2-Base_2060;silicon
c287c94187ffd8df21fa351d93fb136f;photovoltaic cell production, multi-Si wafer;RoW;photovoltaic cell, multi-Si wafer;;market for silicone product;0.0012122;kilogram;silicone product;0.0;technosphere;RoW;ecoinvent_cutoff_3.9_remind_SSP2-Base_2060;silicon
c289c10490ae3ab9d2285d38755619af;liquefied petroleum gas production, petroleum refinery operation;IN;liquefied petroleum gas;;market for silicone product;1.4349846515282599e-05;kilogram;silicone product;0.0;technosphere;RoW;ecoinvent_cutoff_3.9_remind_SSP2-Base_2060;silicon
c4631b67736ce2439e4868f68bd8cb2e;petroleum slack wax production, petroleum refinery operation;Europe without Switzerland;petroleum slack wax;;market for silicone product;1.1313794663867802e-06;kilogram;silicone product;0.0;technosphere;RER;ecoinvent_cutoff_3.9_remind_SSP2-Base_2060;silicon
c5b310e0e815c0f6324fa9599d3b697c;diode production, glass-, for through-hole mounting;GLO;diode, glass-, for through-hole mounting;;market for silicon, electronics grade;0.00468;kilogram;silicon, electronics grade;0.0;technosphere;GLO;ecoinvent_cutoff_3.9_remind_SSP2-Base_2060;silicon
c5b7cf62bb3bb3d0be4da1a4df39097f;casting, steel, lost-wax;CA-QC;casting, steel, lost-wax;;market for silicon carbide;0.14;kilogram;silicon carbide;0.0;technosphere;GLO;ecoinvent_cutoff_3.9_remind_SSP2-Base_2060;silicon
c61092a301cf32f8227b8dfe0500d131;tetrafluoroethylene film production, on glass;RoW;tetrafluoroethylene film, on glass;;market for silicone product;2.11e-05;kilogram;silicone product;0.0;technosphere;RoW;ecoinvent_cutoff_3.9_remind_SSP2-Base_2060;silicon
c6126e066373679730f5381678318fd8;aluminium production, primary, ingot;IAI Area, Asia, without China and GCC;aluminium, primary, ingot;;market for silicon, metallurgical grade;0.0108;kilogram;silicon, metallurgical grade;0.0;technosphere;GLO;ecoinvent_cutoff_3.9_remind_SSP2-Base_2060;silicon
c6d23f4f604a4feab76fd7c4dbbd2061;aluminium production, primary, ingot;RoW;aluminium, primary, ingot;;market for silicon, metallurgical grade;0.0108;kilogram;silicon, metallurgical grade;0.0;technosphere;GLO;ecoinvent_cutoff_3.9_remind_SSP2-Base_2060;silicon
c83ad69883d593d150526a989c4375be;C3 hydrocarbon production, mixture, petroleum refinery operation;PE;C3 hydrocarbon mixture;;market for silicone product;0.00017337104606846682;kilogram;silicone product;0.0;technosphere;RoW;ecoinvent_cutoff_3.9_remind_SSP2-Base_2060;silicon
c89d61bea420f266a883eec928160bbb;aluminium alloy production, Metallic Matrix Composite;RoW;copper, cathode;;market for silicon carbide;0.03141668838075854;kilogram;silicon carbide;0.0;technosphere;GLO;ecoinvent_cutoff_3.9_remind_SSP2-Base_2060;silicon
c91e6db8d5021bef876f3d3afaec0241;charger production, for electric passenger car;GLO;charger, electric passenger car;;market for silicone product;0.0004369299038043261;kilogram;silicone product;0.0;technosphere;RoW;ecoinvent_cutoff_3.9_remind_SSP2-Base_2060;silicon
c91e6db8d5021bef876f3d3afaec0241;charger production, for electric passenger car;GLO;charger, electric passenger car;;market for silicone product;0.0002146829994214803;kilogram;silicone product;0.0;technosphere;RER;ecoinvent_cutoff_3.9_remind_SSP2-Base_2060;silicon
cbdf19f6d89e524c0a62ea49342989d7;flat plate solar collector production, Cu absorber;RoW;flat plate solar collector, Cu absorber;;market for silicone product;0.0588;kilogram;silicone product;0.0;technosphere;RoW;ecoinvent_cutoff_3.9_remind_SSP2-Base_2060;silicon
cc2e08a10b28e6c04fd50d8e17ec0305;cyclic N-compound production;RER;cyclic N-compound;;market for silicon, metallurgical grade;0.0085691;kilogram;silicon, metallurgical grade;0.0;technosphere;GLO;ecoinvent_cutoff_3.9_remind_SSP2-Base_2060;silicon
cc4e2d0fba5712438019efef2b96a606;treatment of aluminium scrap, post-consumer, prepared for recycling, at remelter;RoW;aluminium, wrought alloy;;market for silicon, metallurgical grade;0.015165997376652206;kilogram;silicon, metallurgical grade;0.0;technosphere;GLO;ecoinvent_cutoff_3.9_remind_SSP2-Base_2060;silicon
cd11dd36935ab3cb459d46840073320a;aluminium production, primary, ingot;UN-OCEANIA;aluminium, primary, ingot;;market for silicon, metallurgical grade;0.0108;kilogram;silicon, metallurgical grade;0.0;technosphere;GLO;ecoinvent_cutoff_3.9_remind_SSP2-Base_2060;silicon
d0233422b0391e12d019a2c88c67bae9;sulfur production, petroleum refinery operation;RoW;sulfur;;market for silicone product;1.8746279630293195e-07;kilogram;silicone product;0.0;technosphere;RoW;ecoinvent_cutoff_3.9_remind_SSP2-Base_2060;silicon
d061e03ccd477d5f452ff612676fd39c;photovoltaic panel production, multi-Si wafer;RoW;photovoltaic panel, multi-Si wafer;;market for silicone product;0.12195;kilogram;silicone product;0.0;technosphere;RoW;ecoinvent_cutoff_3.9_remind_SSP2-Base_2060;silicon
d17929d679852819c113bbae6c906203;diesel production, petroleum refinery operation;ZA;diesel;;market for silicone product;1.0720073732768611e-05;kilogram;silicone product;0.0;technosphere;RoW;ecoinvent_cutoff_3.9_remind_SSP2-Base_2060;silicon
d1f3fa895cd854cf123f1e87369a67b5;aluminium production, primary, ingot;IAI Area, Gulf Cooperation Council;aluminium, primary, ingot;;market for silicon, metallurgical grade;0.0108;kilogram;silicon, metallurgical grade;0.0;technosphere;GLO;ecoinvent_cutoff_3.9_remind_SSP2-Base_2060;silicon
d20b3593abff7ca546b9a19d6d301553;treatment of aluminium scrap, post-consumer, prepared for recycling, at refiner;RER;aluminium oxide, non-metallurgical;;market for silicon, metallurgical grade;0.0021153307022966097;kilogram;silicon, metallurgical grade;0.0;technosphere;GLO;ecoinvent_cutoff_3.9_remind_SSP2-Base_2060;silicon
d20d99323152c9233d5d4aa4af899656;expanded perlite production;CH;expanded perlite;;market for silicone product;0.05;kilogram;silicone product;0.0;technosphere;RER;ecoinvent_cutoff_3.9_remind_SSP2-Base_2060;silicon
d368bd0933c7848e92acbba2ec00be41;diode production, glass-, for surface-mounting;GLO;diode, glass-, for surface-mounting;;market for silicon, electronics grade;0.004784;kilogram;silicon, electronics grade;0.0;technosphere;GLO;ecoinvent_cutoff_3.9_remind_SSP2-Base_2060;silicon
d39206b4fbb4f27b8ed62fea15dda179;diesel production, petroleum refinery operation;CO;diesel;;market for silicone product;1.4508140997178128e-05;kilogram;silicone product;0.0;technosphere;RoW;ecoinvent_cutoff_3.9_remind_SSP2-Base_2060;silicon
d452a083f085c449ca46d9726484f6bf;transistor production, wired, small size, through-hole mounting;GLO;transistor, wired, small size, through-hole mounting;;market for silicon, electronics grade;0.01856;kilogram;silicon, electronics grade;0.0;technosphere;GLO;ecoinvent_cutoff_3.9_remind_SSP2-Base_2060;silicon
d50e34155faf6bc8ebd75cad3566b78b;polyurethane production, flexible foam, TDI-based, high density;RER;polyurethane, flexible foam;;market for silicon, metallurgical grade;0.00735373;kilogram;silicon, metallurgical grade;0.0;technosphere;GLO;ecoinvent_cutoff_3.9_remind_SSP2-Base_2060;silicon
d5250e9fea561a7906a4f2f4b9351464;C3 hydrocarbon production, mixture, petroleum refinery operation;ZA;C3 hydrocarbon mixture;;market for silicone product;0.00017332026829558573;kilogram;silicone product;0.0;technosphere;RoW;ecoinvent_cutoff_3.9_remind_SSP2-Base_2060;silicon
d5ae8d7b11d658b8b0b3565998db9070;kerosene production, petroleum refinery operation;BR;kerosene;;market for silicone product;1.6918663050006518e-05;kilogram;silicone product;0.0;technosphere;RoW;ecoinvent_cutoff_3.9_remind_SSP2-Base_2060;silicon
d671722b531176c5765009eb64554072;gypsum plasterboard production;RoW;gypsum plasterboard;;market for silicone product;0.000129;kilogram;silicone product;0.0;technosphere;RoW;ecoinvent_cutoff_3.9_remind_SSP2-Base_2060;silicon
d83e9aee67b5c67c9a08b663c6a694e5;refinery gas production, petroleum refinery operation;PE;refinery gas;;market for silicone product;1.5046530039964567e-05;kilogram;silicone product;0.0;technosphere;RoW;ecoinvent_cutoff_3.9_remind_SSP2-Base_2060;silicon
d99c820c1e2b6e788d51c1f38be0aad6;photovoltaic panel production, single-Si wafer;RoW;photovoltaic panel, single-Si wafer;;market for silicone product;0.12195;kilogram;silicone product;0.0;technosphere;RoW;ecoinvent_cutoff_3.9_remind_SSP2-Base_2060;silicon
dd48cbc4f0cd2089ce96b3600792d606;glass fibre production;RoW;glass fibre;;market for silicone product;0.00141;kilogram;silicone product;0.0;technosphere;RoW;ecoinvent_cutoff_3.9_remind_SSP2-Base_2060;silicon
decd25dbdfda7652eaf999dcfd8d50ea;petrol production, unleaded, petroleum refinery operation;ZA;petrol, unleaded;;market for silicone product;2.2432439810204072e-05;kilogram;silicone product;0.0;technosphere;RoW;ecoinvent_cutoff_3.9_remind_SSP2-Base_2060;silicon
df3b7846473e9ff389b966887b405960;resistor production, surface-mounted;GLO;resistor, surface-mounted;;market for silicon, metallurgical grade;0.000123;kilogram;silicon, metallurgical grade;0.0;technosphere;GLO;ecoinvent_cutoff_3.9_remind_SSP2-Base_2060;silicon
dff05440afe7724185addcbf4dc5af93;naphtha production, petroleum refinery operation;BR;naphtha;;market for silicone product;1.1396023472928454e-07;kilogram;silicone product;0.0;technosphere;RoW;ecoinvent_cutoff_3.9_remind_SSP2-Base_2060;silicon
e017ce71a5492edfb22d734f70022862;silicon production, solar grade, modified Siemens process;RER;silicon, solar grade;;market for silicon, metallurgical grade;1.13;kilogram;silicon, metallurgical grade;0.0;technosphere;GLO;ecoinvent_cutoff_3.9_remind_SSP2-Base_2060;silicon
e1256149c235669e38fc54ffd14af362;C3 hydrocarbon production, mixture, petroleum refinery operation;RoW;C3 hydrocarbon mixture;;market for silicone product;0.00017883818211179161;kilogram;silicone product;0.0;technosphere;RoW;ecoinvent_cutoff_3.9_remind_SSP2-Base_2060;silicon
e196eebb57acc7fab45a2f82ff5d8064;base oil production, petroleum refinery operation;ZA;base oil;;market for silicone product;1.1735217326549298e-06;kilogram;silicone product;0.0;technosphere;RoW;ecoinvent_cutoff_3.9_remind_SSP2-Base_2060;silicon
e2137ecdeef3cd525fcee6b547a897a3;photovoltaic panel production, multi-Si wafer;RER;photovoltaic panel, multi-Si wafer;;market for silicone product;0.12195;kilogram;silicone product;0.0;technosphere;RER;ecoinvent_cutoff_3.9_remind_SSP2-Base_2060;silicon
e30fa5080e11c09e61d1c8f13a953f52;treatment of aluminium scrap, post-consumer, prepared for recycling, at refiner;RoW;aluminium oxide, non-metallurgical;;market for silicon, metallurgical grade;0.0021153307022966097;kilogram;silicon, metallurgical grade;0.0;technosphere;GLO;ecoinvent_cutoff_3.9_remind_SSP2-Base_2060;silicon
e44bd9e6678616d876f126232151867a;transistor production, wired, big size, through-hole mounting;GLO;transistor, wired, big size, through-hole mounting;;market for silicon, electronics grade;0.01624;kilogram;silicon, electronics grade;0.0;technosphere;GLO;ecoinvent_cutoff_3.9_remind_SSP2-Base_2060;silicon
e4544ea26bc5e3e3f678718282a4535e;cyclic N-compound production;RoW;cyclic N-compound;;market for silicon, metallurgical grade;0.0085691;kilogram;silicon, metallurgical grade;0.0;technosphere;GLO;ecoinvent_cutoff_3.9_remind_SSP2-Base_2060;silicon
e518606c4860be89ac6b5ac6bfae9e93;metal working machine production, unspecified;RER;metal working machine, unspecified;;market for silicone product;0.00431;kilogram;silicone product;0.0;technosphere;RER;ecoinvent_cutoff_3.9_remind_SSP2-Base_2060;silicon
e682bf65f0a20228ae1cdfecffd5166d;hydrogen production, gaseous, petroleum refinery operation;Europe without Switzerland;hydrogen, gaseous;;market for silicone product;9.30851625811558e-06;kilogram;silicone product;0.0;technosphere;RER;ecoinvent_cutoff_3.9_remind_SSP2-Base_2060;silicon
e6ac9fac36a94ec8967a471bd6348913;transmission pipeline for hydrogen, dedicated hydrogen pipeline;RER;pipeline, for hydrogen transmission;;market for silicone product;1.9;kilogram;silicone product;;technosphere;RER;ecoinvent_cutoff_3.9_remind_SSP2-Base_2060;silicon
e74e305d14adee3da2dfeee1bdd43f12;diesel production, petroleum refinery operation;IN;diesel;;market for silicone product;1.1773818208090081e-05;kilogram;silicone product;0.0;technosphere;RoW;ecoinvent_cutoff_3.9_remind_SSP2-Base_2060;silicon
e83698f05f338dca5ca33e774797b6f9;greenhouse construction, plastic walls and roof, plastic tubes;FR;greenhouse, plastic walls and roof;;market for silicone product;0.00012;kilogram;silicone product;0.0;technosphere;RER;ecoinvent_cutoff_3.9_remind_SSP2-Base_2060;silicon
e8c2eac576437a57249afb9aff06b0be;receiver system construction, solar tower power plant, 20 MW;RoW;receiver system, solar tower power plant, 20 MW;;market for silicone product;769.775317652889;kilogram;silicone product;0.0;technosphere;RoW;ecoinvent_cutoff_3.9_remind_SSP2-Base_2060;silicon
e8c2eac576437a57249afb9aff06b0be;receiver system construction, solar tower power plant, 20 MW;RoW;receiver system, solar tower power plant, 20 MW;;market for silicone product;378.22468234711096;kilogram;silicone product;0.0;technosphere;RER;ecoinvent_cutoff_3.9_remind_SSP2-Base_2060;silicon
e8dee7b081483e4dfa68dbba53b63d9f;photovoltaic laminate production, ribbon-Si;RoW;photovoltaic laminate, ribbon-Si;;market for silicone product;0.12195;kilogram;silicone product;0.0;technosphere;RoW;ecoinvent_cutoff_3.9_remind_SSP2-Base_2060;silicon
e9366c5ad8a334e9bfefac4606770539;electricity production, medium voltage, petroleum refinery operation;Europe without Switzerland;electricity, medium voltage;;market for silicone product;2.1171801222195094e-06;kilogram;silicone product;0.0;technosphere;RER;ecoinvent_cutoff_3.9_remind_SSP2-Base_2060;silicon
e9726a811906e445b7c3712f6b9c28f9;naphtha production, petroleum refinery operation;PE;naphtha;;market for silicone product;1.1342639772057861e-07;kilogram;silicone product;0.0;technosphere;RoW;ecoinvent_cutoff_3.9_remind_SSP2-Base_2060;silicon
eb21dc10c3b70f8db095a465c553a59b;heat transport fluid system construction, solar thermal parabolic trough, 50 MW;RoW;heat transport fluid system, solar thermal parabolic trough, 50 MW;;market for silicone product;42.24376743217074;kilogram;silicone product;0.0;technosphere;RoW;ecoinvent_cutoff_3.9_remind_SSP2-Base_2060;silicon
eb21dc10c3b70f8db095a465c553a59b;heat transport fluid system construction, solar thermal parabolic trough, 50 MW;RoW;heat transport fluid system, solar thermal parabolic trough, 50 MW;;market for silicone product;20.75623256782926;kilogram;silicone product;0.0;technosphere;RER;ecoinvent_cutoff_3.9_remind_SSP2-Base_2060;silicon
ebfea6e73610bbb327b242dca27e8ae3;liquefied petroleum gas production, petroleum refinery operation;ZA;liquefied petroleum gas;;market for silicone product;7.333170357281285e-06;kilogram;silicone product;0.0;technosphere;RoW;ecoinvent_cutoff_3.9_remind_SSP2-Base_2060;silicon
eedf5cc0cd6be6b20f8dbabc2807ba27;transmission network construction, electricity, medium voltage;RoW;transmission network, electricity, medium voltage;;market for silicone product;4.58;kilogram;silicone product;0.0;technosphere;RoW;ecoinvent_cutoff_3.9_remind_SSP2-Base_2060;silicon
f0697debea1b358e52b42dffa7ff24f0;heat transport fluid system construction, solar thermal parabolic trough, 50 MW;ZA;heat transport fluid system, solar thermal parabolic trough, 50 MW;;market for silicone product;63.0;kilogram;silicone product;0.0;technosphere;RoW;ecoinvent_cutoff_3.9_remind_SSP2-Base_2060;silicon
f2b58d8752372e27fc358f4a1b6b6bb5;refinery gas production, petroleum refinery operation;BR;refinery gas;;market for silicone product;1.5049912084606419e-05;kilogram;silicone product;0.0;technosphere;RoW;ecoinvent_cutoff_3.9_remind_SSP2-Base_2060;silicon
f33d5c241362354401b2b018863cfc5e;heavy fuel oil production, petroleum refinery operation;ZA;heavy fuel oil;;market for silicone product;1.6546175113289627e-06;kilogram;silicone product;0.0;technosphere;RoW;ecoinvent_cutoff_3.9_remind_SSP2-Base_2060;silicon
f4e8f9e773206c58d4a9ce05bdfb1e69;diesel production, petroleum refinery operation;Europe without Switzerland;diesel;;market for silicone product;1.226953965422997e-05;kilogram;silicone product;0.0;technosphere;RER;ecoinvent_cutoff_3.9_remind_SSP2-Base_2060;silicon
f51b7ebd68a4c14db52fd6738289d20c;aluminium production, primary, ingot;IAI Area, EU27 & EFTA;aluminium, primary, ingot;;market for silicon, metallurgical grade;0.0108;kilogram;silicon, metallurgical grade;0.0;technosphere;GLO;ecoinvent_cutoff_3.9_remind_SSP2-Base_2060;silicon
f5ea5e199ddc4cf5875c43d43e28aa96;distribution pipeline for hydrogen, dedicated hydrogen pipeline;RER;pipeline, for hydrogen distribution;;market for silicone product;0.57;kilogram;silicone product;;technosphere;RER;ecoinvent_cutoff_3.9_remind_SSP2-Base_2060;silicon
f5fae4a113418287906730a3839f964f;sulfur production, petroleum refinery operation;CO;sulfur;;market for silicone product;3.9196136444365674e-07;kilogram;silicone product;0.0;technosphere;RoW;ecoinvent_cutoff_3.9_remind_SSP2-Base_2060;silicon
f66d4cb858737451800d73c56b0b96aa;silicon production, multi-Si, casted;CA-QC;silicon, multi-Si, casted;;market for silicon, electronics grade;0.165944708;kilogram;silicon, electronics grade;0.0;technosphere;GLO;ecoinvent_cutoff_3.9_remind_SSP2-Base_2060;silicon
f66d4cb858737451800d73c56b0b96aa;silicon production, multi-Si, casted;CA-QC;silicon, multi-Si, casted;;market for silicon, solar grade;0.9742575724;kilogram;silicon, solar grade;0.0;technosphere;GLO;ecoinvent_cutoff_3.9_remind_SSP2-Base_2060;silicon
f66d4cb858737451800d73c56b0b96aa;silicon production, multi-Si, casted;CA-QC;silicon, multi-Si, casted;;market for silicone factory;1e-11;unit;silicone factory;0.0;technosphere;GLO;ecoinvent_cutoff_3.9_remind_SSP2-Base_2060;silicon
f73406f3de9bbf3dd121c1295ac6b0ed;glass wool mat production;RoW;glass wool mat;;market for silicone product;0.0297;kilogram;silicone product;0.0;technosphere;RoW;ecoinvent_cutoff_3.9_remind_SSP2-Base_2060;silicon
f738f002f570e0936dd08ab71c168eac;photovoltaic panel production, ribbon-Si;RER;photovoltaic panel, ribbon-Si;;market for silicone product;0.12195;kilogram;silicone product;0.0;technosphere;RER;ecoinvent_cutoff_3.9_remind_SSP2-Base_2060;silicon
f77583378094e572437b46eb6087ac06;diesel production, low-sulfur, petroleum refinery operation;Europe without Switzerland;diesel, low-sulfur;;market for silicone product;1.3515410036974835e-05;kilogram;silicone product;0.0;technosphere;RER;ecoinvent_cutoff_3.9_remind_SSP2-Base_2060;silicon
f7eda748e505e1e21c3c30c791b2a997;naphtha production, petroleum refinery operation;RoW;naphtha;;market for silicone product;6.661100075911791e-06;kilogram;silicone product;0.0;technosphere;RoW;ecoinvent_cutoff_3.9_remind_SSP2-Base_2060;silicon
f8646e39503e2a8a5a49cde3b98e26b8;kerosene production, petroleum refinery operation;PE;kerosene;;market for silicone product;1.6908913302722486e-05;kilogram;silicone product;0.0;technosphere;RoW;ecoinvent_cutoff_3.9_remind_SSP2-Base_2060;silicon
f8cab547032d29701d702fe5bd51b5a8;kerosene production, petroleum refinery operation;Europe without Switzerland;kerosene;;market for silicone product;1.2280963806608278e-05;kilogram;silicone product;0.0;technosphere;RER;ecoinvent_cutoff_3.9_remind_SSP2-Base_2060;silicon
f9cbfcf4cbeffe44f69bf175c6148603;petrol production, unleaded, petroleum refinery operation;Europe without Switzerland;petrol, unleaded;;market for silicone product;2.45332843963331e-05;kilogram;silicone product;0.0;technosphere;RER;ecoinvent_cutoff_3.9_remind_SSP2-Base_2060;silicon
f9ded54d93deb12199beb78785637df2;treatment of aluminium scrap, post-consumer, by collecting, sorting, cleaning, pressing;RoW;aluminium scrap, post-consumer, prepared for melting;;market for silicon, metallurgical grade;0.0012;kilogram;silicon, metallurgical grade;0.0;technosphere;GLO;ecoinvent_cutoff_3.9_remind_SSP2-Base_2060;silicon
fa1193fee1c5a506b8de06728367a67c;silicon production, electronics grade;DE;silicon, electronics grade;;market for silicon, metallurgical grade;1.4147886473317868;kilogram;silicon, metallurgical grade;0.0;technosphere;GLO;ecoinvent_cutoff_3.9_remind_SSP2-Base_2060;silicon
fa8612965c9d7fba91801fb5fe3c38bc;phthalimide-compound production;RER;phthalimide-compound;;market for silicon, metallurgical grade;0.0035285;kilogram;silicon, metallurgical grade;0.0;technosphere;GLO;ecoinvent_cutoff_3.9_remind_SSP2-Base_2060;silicon
fb64403e133919b65febc6abbe10a6ad;petrol production, unleaded, petroleum refinery operation;RoW;petrol, unleaded;;market for silicone product;2.45332843963331e-05;kilogram;silicone product;0.0;technosphere;RoW;ecoinvent_cutoff_3.9_remind_SSP2-Base_2060;silicon
fb959ff9840a72ded408509c6253eb24;glass wool mat production, without cullet;GLO;glass wool mat;;market for silicone product;0.019914918932309063;kilogram;silicone product;0.0;technosphere;RoW;ecoinvent_cutoff_3.9_remind_SSP2-Base_2060;silicon
fb959ff9840a72ded408509c6253eb24;glass wool mat production, without cullet;GLO;glass wool mat;;market for silicone product;0.009785081067690937;kilogram;silicone product;0.0;technosphere;RER;ecoinvent_cutoff_3.9_remind_SSP2-Base_2060;silicon
fbcb28e9a95e4b45aac535c351c76530;diesel production, low-sulfur, petroleum refinery operation;RoW;diesel, low-sulfur;;market for silicone product;1.3515410036974835e-05;kilogram;silicone product;0.0;technosphere;RoW;ecoinvent_cutoff_3.9_remind_SSP2-Base_2060;silicon
fc0f096f1510db18e4c66c4d5b154bd7;treatment of aluminium scrap, new, at remelter;RoW;aluminium, wrought alloy;;market for silicon, metallurgical grade;0.015165997376652206;kilogram;silicon, metallurgical grade;0.0;technosphere;GLO;ecoinvent_cutoff_3.9_remind_SSP2-Base_2060;silicon
fddd1ea5c9bce6404d9b6873b93ebe5e;petrol production, unleaded, petroleum refinery operation;CO;petrol, unleaded;;market for silicone product;3.1178037214077914e-05;kilogram;silicone product;0.0;technosphere;RoW;ecoinvent_cutoff_3.9_remind_SSP2-Base_2060;silicon
fe1e95869df88ebd07dedf3878378dca;steam generation system construction, solar tower power plant, 20 MW;ZA;steam generation system, solar tower power plant, 20 MW;;market for silicone product;6.0;kilogram;silicone product;0.0;technosphere;RoW;ecoinvent_cutoff_3.9_remind_SSP2-Base_2060;silicon
fe5d86e9888acfd01345a661cea8f17e;sulfur production, petroleum refinery operation;Europe without Switzerland;sulfur;;market for silicone product;1.8746279630293195e-07;kilogram;silicone product;0.0;technosphere;RER;ecoinvent_cutoff_3.9_remind_SSP2-Base_2060;silicon
