code;name;location;reference product;categories;ex_name;ex_amount;ex_unit;ex_product;ex_production volume;ex_type;ex_location;database;material_group
0c2eab9445adc9efe1eafb7a2a06e1e4;packaging glass production, brown, without cullet;GLO;packaging glass, brown;;market for graphite;1.25e-06;kilogram;graphite;0.0;technosphere;GLO;ecoinvent_cutoff_3.9_remind_SSP2-PkBudg500_2045;graphite
1051d69c7c9b1c17aab66a9889245d91;silicon production, electronics grade;DE;silicon, solar grade;;market for graphite;0.0002514800167694961;kilogram;graphite;0.0;technosphere;GLO;ecoinvent_cutoff_3.9_remind_SSP2-PkBudg500_2045;graphite
1984cc9e5b707f87ee632e078d2ee02f;packaging glass production, white;RoW;packaging glass, white;;market for graphite;1.25e-06;kilogram;graphite;0.0;technosphere;GLO;ecoinvent_cutoff_3.9_remind_SSP2-PkBudg500_2045;graphite
1db278b5e1a8a5612748c97f45965c14;multi-Si wafer production, ribbon;RER;multi-Si wafer, ribbon;;market for graphite;0.0066;kilogram;graphite;0.0;technosphere;GLO;ecoinvent_cutoff_3.9_remind_SSP2-PkBudg500_2045;graphite
24da8726b85c2b49bdb07de7f5a96be9;packaging glass production, green;DE;packaging glass, green;;market for graphite;1.25e-06;kilogram;graphite;0.0;technosphere;GLO;ecoinvent_cutoff_3.9_remind_SSP2-PkBudg500_2045;graphite
3b1a27ad1633177f2fcc84844ce7ac1e;anode refinery construction;SE;anode refinery;;market for graphite;7491.7;kilogram;graphite;0.0;technosphere;GLO;ecoinvent_cutoff_3.9_remind_SSP2-PkBudg500_2045;graphite
5e15488cb6cc48862ab28b12695fd2f4;vanadium-titanomagnetite mine operation and beneficiation;CN;titania slag, 94% titanium dioxide;;market for graphite;0.011837379840352212;kilogram;graphite;0.0;technosphere;GLO;ecoinvent_cutoff_3.9_remind_SSP2-PkBudg500_2045;graphite
5fe0b9f9c1e290673bb38b23c8bade9b;multi-Si wafer production, ribbon;RoW;multi-Si wafer, ribbon;;market for graphite;0.0066;kilogram;graphite;0.0;technosphere;GLO;ecoinvent_cutoff_3.9_remind_SSP2-PkBudg500_2045;graphite
6081a1ece8e55fd56e2a549d15c28ddf;packaging glass production, green;RoW;packaging glass, green;;market for graphite;1.25e-06;kilogram;graphite;0.0;technosphere;GLO;ecoinvent_cutoff_3.9_remind_SSP2-PkBudg500_2045;graphite
652c439097851744261acc006ae67805;collector field area construction, solar thermal parabolic trough, 50 MW;RoW;collector field area, solar thermal parabolic trough, 50 MW;;market for graphite;220.0;kilogram;graphite;0.0;technosphere;GLO;ecoinvent_cutoff_3.9_remind_SSP2-PkBudg500_2045;graphite
6c97295f99414d3eb3f548188474e200;anode, graphite, for Li-ion battery;GLO;anode, graphite, for Li-ion battery;;market for graphite, battery grade;0.94;kilogram;graphite, battery grade;;technosphere;CN;ecoinvent_cutoff_3.9_remind_SSP2-PkBudg500_2045;graphite
6cbfeac673993fdc1eacf12d4a079e50;packaging glass production, green, without cullet;GLO;packaging glass, green;;market for graphite;1.25e-06;kilogram;graphite;0.0;technosphere;GLO;ecoinvent_cutoff_3.9_remind_SSP2-PkBudg500_2045;graphite
761a83cef27c7c5ca2d0b9dade0014da;fuel cell production, stack polymer electrolyte membrane, 2kW electrical, future;RoW;fuel cell, stack polymer electrolyte membrane, 2kW electrical, future;;market for graphite;9.0;kilogram;graphite;0.0;technosphere;GLO;ecoinvent_cutoff_3.9_remind_SSP2-PkBudg500_2045;graphite
77aec4e19247358cf6c7379cd02249d9;packaging glass production, white;DE;packaging glass, white;;market for graphite;1.25e-06;kilogram;graphite;0.0;technosphere;GLO;ecoinvent_cutoff_3.9_remind_SSP2-PkBudg500_2045;graphite
7b652f61e6b8cf35312944d99b7d018d;vanadium-titanomagnetite mine operation and beneficiation;CN;iron ore concentrate;;market for graphite;0.0012073029308120676;kilogram;graphite;0.0;technosphere;GLO;ecoinvent_cutoff_3.9_remind_SSP2-PkBudg500_2045;graphite
80b57ebdc6034aaea5d37b9aba26789d;biopolar plate production, for VRFB system;RER;biopolar plate, for VRFB system;;market for graphite, battery grade;0.88;kilogram;graphite, battery grade;;technosphere;GLO;ecoinvent_cutoff_3.9_remind_SSP2-PkBudg500_2045;graphite
8996f8b5c7bdb1b9df7f7e1f2d04a53c;silicon production, metallurgical grade;RoW;silicon, metallurgical grade;;market for graphite;0.1;kilogram;graphite;0.0;technosphere;GLO;ecoinvent_cutoff_3.9_remind_SSP2-PkBudg500_2045;graphite
8ceab62e1790395df291511896ad54ad;packaging glass production, brown;RoW;packaging glass, brown;;market for graphite;1.941e-05;kilogram;graphite;0.0;technosphere;GLO;ecoinvent_cutoff_3.9_remind_SSP2-PkBudg500_2045;graphite
8e2a91fa9b0c15d1e11fb38c7b856b14;fuel cell production, stack polymer electrolyte membrane, 2kW electrical, future;CH;fuel cell, stack polymer electrolyte membrane, 2kW electrical, future;;market for graphite;9.0;kilogram;graphite;0.0;technosphere;GLO;ecoinvent_cutoff_3.9_remind_SSP2-PkBudg500_2045;graphite
98e03f18a6541689470025b12b7b6511;polystyrene foam slab with graphite, 6% recycled;CH;polystyrene foam slab with graphite, 6% recycled;;market for graphite;0.04;kilogram;graphite;0.0;technosphere;GLO;ecoinvent_cutoff_3.9_remind_SSP2-PkBudg500_2045;graphite
9c393df65119d26fac7d3e99428d5fe7;silicon production, electronics grade;DE;silicon tetrachloride;;market for graphite;6.833696107866741e-06;kilogram;graphite;0.0;technosphere;GLO;ecoinvent_cutoff_3.9_remind_SSP2-PkBudg500_2045;graphite
9d2335e5f11bbfba71a7e0a5f91991ed;silicon production, electronics grade;RoW;silicon, solar grade;;market for graphite;0.0002514800167694961;kilogram;graphite;0.0;technosphere;GLO;ecoinvent_cutoff_3.9_remind_SSP2-PkBudg500_2045;graphite
a8d38ee8fe81bb30c0df927a03922b25;silicon production, electronics grade;RoW;silicon tetrachloride;;market for graphite;6.833696107866741e-06;kilogram;graphite;0.0;technosphere;GLO;ecoinvent_cutoff_3.9_remind_SSP2-PkBudg500_2045;graphite
bf7bf5ba58cf203fb70c55c52c668d92;silicon production, electronics grade;RoW;silicon, electronics grade;;market for graphite;0.000941683323664037;kilogram;graphite;0.0;technosphere;GLO;ecoinvent_cutoff_3.9_remind_SSP2-PkBudg500_2045;graphite
cd9559775aa33f21ab1f584b2f1727e6;silicon production, metallurgical grade;NO;silicon, metallurgical grade;;market for graphite;0.1;kilogram;graphite;0.0;technosphere;GLO;ecoinvent_cutoff_3.9_remind_SSP2-PkBudg500_2045;graphite
da2353d503fe4a4c909307ad4a07f20b;fuel cell stack production, 1 kWe, proton exchange membrane (PEM);GLO;fuel cell stack, 1 kWe, proton exchange membrane (PEM);;market for graphite;4.5;kilogram;graphite;;technosphere;GLO;ecoinvent_cutoff_3.9_remind_SSP2-PkBudg500_2045;graphite
e92ea41a693c3a5284166f273b1d62f2;vanadium-titanomagnetite mine operation and beneficiation;CN;pig iron;;market for graphite;0.0062821116100071185;kilogram;graphite;0.0;technosphere;GLO;ecoinvent_cutoff_3.9_remind_SSP2-PkBudg500_2045;graphite
f0a7b263fdf23e2a04ef6930b882389a;collector field area construction, solar thermal parabolic trough, 50 MW;ZA;collector field area, solar thermal parabolic trough, 50 MW;;market for graphite;220.0;kilogram;graphite;0.0;technosphere;GLO;ecoinvent_cutoff_3.9_remind_SSP2-PkBudg500_2045;graphite
f30b3d102ce3a3b2be0cff4145046733;packaging glass production, brown;DE;packaging glass, brown;;market for graphite;1.25e-06;kilogram;graphite;0.0;technosphere;GLO;ecoinvent_cutoff_3.9_remind_SSP2-PkBudg500_2045;graphite
f49228059245654f204b0a6c831fdad4;anode refinery construction;RoW;anode refinery;;market for graphite;7491.7;kilogram;graphite;0.0;technosphere;GLO;ecoinvent_cutoff_3.9_remind_SSP2-PkBudg500_2045;graphite
f8f186a82424409743b727e24b170edd;electrode production, negative, LiC6;GLO;electrode, negative, LiC6;;market for graphite;0.69324;kilogram;graphite;0.0;technosphere;GLO;ecoinvent_cutoff_3.9_remind_SSP2-PkBudg500_2045;graphite
fa1193fee1c5a506b8de06728367a67c;silicon production, electronics grade;DE;silicon, electronics grade;;market for graphite;0.000941683323664037;kilogram;graphite;0.0;technosphere;GLO;ecoinvent_cutoff_3.9_remind_SSP2-PkBudg500_2045;graphite
fc7c8b729e582c7df692251fced008ba;packaging glass production, white, without cullet;GLO;packaging glass, white;;market for graphite;1.25e-06;kilogram;graphite;0.0;technosphere;GLO;ecoinvent_cutoff_3.9_remind_SSP2-PkBudg500_2045;graphite
