code;name;location;reference product;categories;ex_name;ex_amount;ex_unit;ex_product;ex_production volume;ex_type;ex_location;database;material_group
015c1741e53c79591c4c818e7fb299cb;soybean production;BR-PR;soybean;;market for cobalt;0.000103;kilogram;cobalt;0.0;technosphere;GLO;ecoinvent_cutoff_3.9_remind_SSP2-Base_2030;cobalt
01aac916a13dc35e8ae7abd6e4d43029;petrol production, unleaded, petroleum refinery operation;IN;petrol, unleaded;;market for cobalt;2.973284820637474e-06;kilogram;cobalt;0.0;technosphere;GLO;ecoinvent_cutoff_3.9_remind_SSP2-Base_2030;cobalt
04aac4a87adccee3da87aa7fc33a96d3;pitch production, petroleum refinery operation;RoW;pitch;;market for cobalt;2.3003796806458544e-08;kilogram;cobalt;0.0;technosphere;GLO;ecoinvent_cutoff_3.9_remind_SSP2-Base_2030;cobalt
05c7c035fcfc170c9a0b18c36a7b7de3;reformate production, petroleum refinery operation;RoW;reformate;;market for cobalt;3.229067882604621e-07;kilogram;cobalt;0.0;technosphere;GLO;ecoinvent_cutoff_3.9_remind_SSP2-Base_2030;cobalt
061dddaa15bf0b3c4bbb96af17631ef3;sulfur production, petroleum refinery operation;PE;sulfur;;market for cobalt;2.209310185852419e-08;kilogram;cobalt;0.0;technosphere;GLO;ecoinvent_cutoff_3.9_remind_SSP2-Base_2030;cobalt
08686d8891e551d760f8a1e7d89b00fa;petroleum coke production, petroleum refinery operation;RoW;petroleum coke;;market for cobalt;6.770126216625545e-09;kilogram;cobalt;0.0;technosphere;GLO;ecoinvent_cutoff_3.9_remind_SSP2-Base_2030;cobalt
09754001c805c6e75ec5ece72cf43a49;heavy fuel oil production, petroleum refinery operation;Europe without Switzerland;heavy fuel oil;;market for cobalt;1.777279477424566e-07;kilogram;cobalt;0.0;technosphere;GLO;ecoinvent_cutoff_3.9_remind_SSP2-Base_2030;cobalt
0d67e57de1172d01707900f47335ac6e;acetaldehyde oxidation;RER;acetic anhydride;;market for cobalt;0.0001463755467694906;kilogram;cobalt;0.0;technosphere;GLO;ecoinvent_cutoff_3.9_remind_SSP2-Base_2030;cobalt
10217b3ee7d4bc5d4000500116b0c884;electricity production, medium voltage, petroleum refinery operation;IN;electricity, medium voltage;;market for cobalt;2.1337710646136374e-07;kilogram;cobalt;0.0;technosphere;GLO;ecoinvent_cutoff_3.9_remind_SSP2-Base_2030;cobalt
1174af7761ed932d3364879ff9049082;base oil production, petroleum refinery operation;BR;base oil;;market for cobalt;1.5283766347652308e-07;kilogram;cobalt;0.0;technosphere;GLO;ecoinvent_cutoff_3.9_remind_SSP2-Base_2030;cobalt
13e56a6f7aafd91f8a4afc12e6039625;electricity production, medium voltage, petroleum refinery operation;CO;electricity, medium voltage;;market for cobalt;2.1166043018284466e-07;kilogram;cobalt;0.0;technosphere;GLO;ecoinvent_cutoff_3.9_remind_SSP2-Base_2030;cobalt
15caf5d2e6b7d6ee58b965adcfcf208b;white spirit production, petroleum refinery operation;RoW;white spirit;;market for cobalt;4.971397970677084e-07;kilogram;cobalt;0.0;technosphere;GLO;ecoinvent_cutoff_3.9_remind_SSP2-Base_2030;cobalt
160607bda9c3fb37a0a46f09b4fec688;white spirit production, petroleum refinery operation;Europe without Switzerland;white spirit;;market for cobalt;4.971397970677084e-07;kilogram;cobalt;0.0;technosphere;GLO;ecoinvent_cutoff_3.9_remind_SSP2-Base_2030;cobalt
16ba770e083748fef88378303f499023;light fuel oil production, petroleum refinery operation;IN;light fuel oil;;market for cobalt;1.1710783334114848e-06;kilogram;cobalt;0.0;technosphere;GLO;ecoinvent_cutoff_3.9_remind_SSP2-Base_2030;cobalt
18d67af4bc204ca94978438e14a2d92c;diesel production, low-sulfur, petroleum refinery operation;PE;diesel, low-sulfur;;market for cobalt;1.8077826942843377e-06;kilogram;cobalt;0.0;technosphere;GLO;ecoinvent_cutoff_3.9_remind_SSP2-Base_2030;cobalt
19e3a33dc6419132bb85664a7a61c108;NMC811 hydroxide production, for Li-ion battery;RoW;sodium sulfate, anhydrite;;market for cobalt sulfate;0.0043207507959088735;kilogram;cobalt sulfate;0.0;technosphere;RoW;ecoinvent_cutoff_3.9_remind_SSP2-Base_2030;cobalt
1c24b73f9affe1994531bad66512ee97;hydrogen production, gaseous, petroleum refinery operation;RoW;hydrogen, gaseous;;market for cobalt;9.30851625811558e-07;kilogram;cobalt;0.0;technosphere;GLO;ecoinvent_cutoff_3.9_remind_SSP2-Base_2030;cobalt
1e2b693b453b0538710370e428ac4c67;cobalt sulfate production;RoW;cobalt sulfate;;market for cobalt hydroxide;0.600320091704005;kilogram;cobalt hydroxide;0.0;technosphere;GLO;ecoinvent_cutoff_3.9_remind_SSP2-Base_2030;cobalt
1e4aeb1ffe2668cc92fe45483e3ecf67;reformate production, petroleum refinery operation;ZA;reformate;;market for cobalt;3.1267554824602523e-07;kilogram;cobalt;0.0;technosphere;GLO;ecoinvent_cutoff_3.9_remind_SSP2-Base_2030;cobalt
2083f913bd05e19d1654f0ebb675314f;sulfur production, petroleum refinery operation;IN;sulfur;;market for cobalt;4.920008889267521e-08;kilogram;cobalt;0.0;technosphere;GLO;ecoinvent_cutoff_3.9_remind_SSP2-Base_2030;cobalt
21aaffb35bbf7550fa655e9810a208d3;hydrogen production, gaseous, petroleum refinery operation;PE;hydrogen, gaseous;;market for cobalt;9.769114310852301e-07;kilogram;cobalt;0.0;technosphere;GLO;ecoinvent_cutoff_3.9_remind_SSP2-Base_2030;cobalt
21f84e35772f72e231a6bb3f3669f366;NCA hydroxide production, for Li-ion battery;RoW;sodium sulfate, anhydrite;;market for cobalt sulfate;0.005737384868755096;kilogram;cobalt sulfate;0.0;technosphere;RoW;ecoinvent_cutoff_3.9_remind_SSP2-Base_2030;cobalt
220e99a938eb6c79570327905b86827e;petroleum slack wax production, petroleum refinery operation;BR;petroleum slack wax;;market for cobalt;1.316570902658698e-07;kilogram;cobalt;0.0;technosphere;GLO;ecoinvent_cutoff_3.9_remind_SSP2-Base_2030;cobalt
22cbaf7f08a70e426a44f97550dde1ea;hydrogen production, gaseous, petroleum refinery operation;BR;hydrogen, gaseous;;market for cobalt;9.77912360826704e-07;kilogram;cobalt;0.0;technosphere;GLO;ecoinvent_cutoff_3.9_remind_SSP2-Base_2030;cobalt
23ad653e7f2c09503114599d07514baa;peanut production, reduced tillage;BR-SP;peanut;;market for cobalt;3.06099452806363e-07;kilogram;cobalt;0.0;technosphere;GLO;ecoinvent_cutoff_3.9_remind_SSP2-Base_2030;cobalt
244a2b8c17cda88fec308fb6cf0c3eeb;naphtha production, petroleum refinery operation;CO;naphtha;;market for cobalt;3.0730171743383955e-06;kilogram;cobalt;0.0;technosphere;GLO;ecoinvent_cutoff_3.9_remind_SSP2-Base_2030;cobalt
245cb6366a4cd3c6bb40debefef9e97e;mango seedling production, for planting;RoW;mango seedling, for planting;;market for cobalt;8e-09;kilogram;cobalt;0.0;technosphere;GLO;ecoinvent_cutoff_3.9_remind_SSP2-Base_2030;cobalt
249432931c0e8af8329de379cfb9c192;gas power plant construction, combined cycle, 400MW electrical;RER;gas power plant, combined cycle, 400MW electrical;;market for cobalt;720.0;kilogram;cobalt;0.0;technosphere;GLO;ecoinvent_cutoff_3.9_remind_SSP2-Base_2030;cobalt
2760f5add3d823faa8e4da60ae83d5b0;refinery gas production, petroleum refinery operation;IN;refinery gas;;market for cobalt;1.1502595505056876e-06;kilogram;cobalt;0.0;technosphere;GLO;ecoinvent_cutoff_3.9_remind_SSP2-Base_2030;cobalt
27a6cb3e19d7dd150768856500aedac4;petroleum slack wax production, petroleum refinery operation;IN;petroleum slack wax;;market for cobalt;2.060150206888537e-07;kilogram;cobalt;0.0;technosphere;GLO;ecoinvent_cutoff_3.9_remind_SSP2-Base_2030;cobalt
28d0195421baaea79aba34dc53b51285;diesel production, low-sulfur, petroleum refinery operation;CO;diesel, low-sulfur;;market for cobalt;1.5799116280979398e-06;kilogram;cobalt;0.0;technosphere;GLO;ecoinvent_cutoff_3.9_remind_SSP2-Base_2030;cobalt
291892603d275f75d7da8365feb4da11;NMC811 hydroxide production, for Li-ion battery;CN;NMC811 hydroxide;;market for cobalt sulfate;0.1610667312401632;kilogram;cobalt sulfate;0.0;technosphere;CN;ecoinvent_cutoff_3.9_remind_SSP2-Base_2030;cobalt
299f0e19a6a417f7302583a3f5e355a1;kerosene production, petroleum refinery operation;CO;kerosene;;market for cobalt;1.4521649513365726e-06;kilogram;cobalt;0.0;technosphere;GLO;ecoinvent_cutoff_3.9_remind_SSP2-Base_2030;cobalt
2a99b2f5a8a738701e0862f21e77e82d;pitch production, petroleum refinery operation;IN;pitch;;market for cobalt;3.9174033439097676e-08;kilogram;cobalt;0.0;technosphere;GLO;ecoinvent_cutoff_3.9_remind_SSP2-Base_2030;cobalt
2dff1304d3e07508d0cc0f60edde52b5;electrode production, negative, Ni;GLO;electrode, negative, Ni;;market for cobalt;0.03;kilogram;cobalt;0.0;technosphere;GLO;ecoinvent_cutoff_3.9_remind_SSP2-Base_2030;cobalt
2e17eb74ac54a8851ed7f37c3f65b9b2;soybean production;BR-MS;soybean;;market for cobalt;2.91e-07;kilogram;cobalt;0.0;technosphere;GLO;ecoinvent_cutoff_3.9_remind_SSP2-Base_2030;cobalt
2efaa16dea51f1bb7b8769170b1c010f;hydrogen production, gaseous, petroleum refinery operation;IN;hydrogen, gaseous;;market for cobalt;9.61980524600463e-07;kilogram;cobalt;0.0;technosphere;GLO;ecoinvent_cutoff_3.9_remind_SSP2-Base_2030;cobalt
2f1eef09b381262bd9f80d81a8ec4f4b;reformate production, petroleum refinery operation;Europe without Switzerland;reformate;;market for cobalt;3.229067882604621e-07;kilogram;cobalt;0.0;technosphere;GLO;ecoinvent_cutoff_3.9_remind_SSP2-Base_2030;cobalt
3017ba98d78cbfbb09afffdc2ab5b569;NCA hydroxide production, for Li-ion battery;CN;NCA hydroxide;;market for cobalt sulfate;0.250822846356571;kilogram;cobalt sulfate;0.0;technosphere;CN;ecoinvent_cutoff_3.9_remind_SSP2-Base_2030;cobalt
3160b16698c2b78c028dba2e1578d0c4;soybean production;BR-GO;soybean;;market for cobalt;1.53e-07;kilogram;cobalt;0.0;technosphere;GLO;ecoinvent_cutoff_3.9_remind_SSP2-Base_2030;cobalt
32c92e769875655cf690498a9328638c;mango production;RoW;mango;;market for cobalt;8.4e-06;kilogram;cobalt;0.0;technosphere;GLO;ecoinvent_cutoff_3.9_remind_SSP2-Base_2030;cobalt
3541ea926372c437d9ce3c288dc2f2b4;light fuel oil production, petroleum refinery operation;PE;light fuel oil;;market for cobalt;1.680274105640303e-06;kilogram;cobalt;0.0;technosphere;GLO;ecoinvent_cutoff_3.9_remind_SSP2-Base_2030;cobalt
3a5337f729a4281fd43d10e632e25dd8;heavy fuel oil production, petroleum refinery operation;RoW;heavy fuel oil;;market for cobalt;1.777279477424566e-07;kilogram;cobalt;0.0;technosphere;GLO;ecoinvent_cutoff_3.9_remind_SSP2-Base_2030;cobalt
3c619fe4b8e4fa9a7055ddbd18418569;white spirit production, petroleum refinery operation;ZA;white spirit;;market for cobalt;3.7003706458420316e-08;kilogram;cobalt;0.0;technosphere;GLO;ecoinvent_cutoff_3.9_remind_SSP2-Base_2030;cobalt
40b7ef52cc5a673c868032aa65aa138b;reformate production, petroleum refinery operation;PE;reformate;;market for cobalt;3.379273863071139e-07;kilogram;cobalt;0.0;technosphere;GLO;ecoinvent_cutoff_3.9_remind_SSP2-Base_2030;cobalt
4295530a2297e2043b12a2d3d0198df2;light fuel oil production, petroleum refinery operation;RoW;light fuel oil;;market for cobalt;1.2203850778055075e-06;kilogram;cobalt;0.0;technosphere;GLO;ecoinvent_cutoff_3.9_remind_SSP2-Base_2030;cobalt
4304fb6d74f75502029897fc4db2bd9d;C3 hydrocarbon production, mixture, petroleum refinery operation;BR;C3 hydrocarbon mixture;;market for cobalt;1.7337280353716483e-05;kilogram;cobalt;0.0;technosphere;GLO;ecoinvent_cutoff_3.9_remind_SSP2-Base_2030;cobalt
464f13391d791922e93295e56a29e5c7;soybean production;BR-TO;soybean;;market for cobalt;0.000168;kilogram;cobalt;0.0;technosphere;GLO;ecoinvent_cutoff_3.9_remind_SSP2-Base_2030;cobalt
4773b9ad23ed651fb1b15a1a85212941;heavy fuel oil production, petroleum refinery operation;PE;heavy fuel oil;;market for cobalt;1.8770677062830576e-07;kilogram;cobalt;0.0;technosphere;GLO;ecoinvent_cutoff_3.9_remind_SSP2-Base_2030;cobalt
492bb286749f0d9b5fefde18436ddaac;petrol production, unleaded, petroleum refinery operation;BR;petrol, unleaded;;market for cobalt;4.481985627984134e-06;kilogram;cobalt;0.0;technosphere;GLO;ecoinvent_cutoff_3.9_remind_SSP2-Base_2030;cobalt
4c0176a98136c5c23972b5e32b205f16;kerosene production, petroleum refinery operation;IN;kerosene;;market for cobalt;1.1784780795096324e-06;kilogram;cobalt;0.0;technosphere;GLO;ecoinvent_cutoff_3.9_remind_SSP2-Base_2030;cobalt
4f9641c74b06e6014a05dfa682d8e61c;panel glass production, for cathode ray tube display;GLO;panel glass, for cathode ray tube display;;market for cobalt;0.00833;kilogram;cobalt;0.0;technosphere;GLO;ecoinvent_cutoff_3.9_remind_SSP2-Base_2030;cobalt
517feee9b37b4863c21f6d82636fa6d9;reformate production, petroleum refinery operation;CO;reformate;;market for cobalt;3.4818664760559146e-07;kilogram;cobalt;0.0;technosphere;GLO;ecoinvent_cutoff_3.9_remind_SSP2-Base_2030;cobalt
54bc6c4de41ef3d8f4f379181b9d12d3;kerosene production, petroleum refinery operation;RoW;kerosene;;market for cobalt;1.2280963806608277e-06;kilogram;cobalt;0.0;technosphere;GLO;ecoinvent_cutoff_3.9_remind_SSP2-Base_2030;cobalt
57a7a0c203ad250752f1a32904638b8d;naphtha production, petroleum refinery operation;Europe without Switzerland;naphtha;;market for cobalt;6.661100075911791e-07;kilogram;cobalt;0.0;technosphere;GLO;ecoinvent_cutoff_3.9_remind_SSP2-Base_2030;cobalt
58a8b378bd4b35c372ec5894ee1a5b6a;C3 hydrocarbon production, mixture, petroleum refinery operation;IN;C3 hydrocarbon mixture;;market for cobalt;2.0936816454001016e-05;kilogram;cobalt;0.0;technosphere;GLO;ecoinvent_cutoff_3.9_remind_SSP2-Base_2030;cobalt
5a01c444e87868e856834659536080f3;white spirit production, petroleum refinery operation;IN;white spirit;;market for cobalt;4.396499744380559e-06;kilogram;cobalt;0.0;technosphere;GLO;ecoinvent_cutoff_3.9_remind_SSP2-Base_2030;cobalt
5f7a0bc334448796911726d2d5c56329;diesel production, petroleum refinery operation;BR;diesel;;market for cobalt;1.6902924758797183e-06;kilogram;cobalt;0.0;technosphere;GLO;ecoinvent_cutoff_3.9_remind_SSP2-Base_2030;cobalt
5f958782fbf70ef8d6b1a052c98a61df;base oil production, petroleum refinery operation;CO;base oil;;market for cobalt;1.911694911775622e-07;kilogram;cobalt;0.0;technosphere;GLO;ecoinvent_cutoff_3.9_remind_SSP2-Base_2030;cobalt
5f9683220b38677c4992660f8bbd4291;petroleum coke production, petroleum refinery operation;Europe without Switzerland;petroleum coke;;market for cobalt;6.770126216625545e-09;kilogram;cobalt;0.0;technosphere;GLO;ecoinvent_cutoff_3.9_remind_SSP2-Base_2030;cobalt
61950ef7216de45a929f41a1ff5418f3;electricity production, medium voltage, petroleum refinery operation;RoW;electricity, medium voltage;;market for cobalt;2.1171801222195094e-07;kilogram;cobalt;0.0;technosphere;GLO;ecoinvent_cutoff_3.9_remind_SSP2-Base_2030;cobalt
61bae689964a93fd45ea2fb6084ed744;sulfur production, petroleum refinery operation;BR;sulfur;;market for cobalt;2.2189344128431988e-08;kilogram;cobalt;0.0;technosphere;GLO;ecoinvent_cutoff_3.9_remind_SSP2-Base_2030;cobalt
68db8e3a03f9fc9859a58c7378620b63;NMC111 hydroxide production, for Li-ion battery;RoW;NMC111 hydroxide;;market for cobalt sulfate;0.5479283328409148;kilogram;cobalt sulfate;0.0;technosphere;RoW;ecoinvent_cutoff_3.9_remind_SSP2-Base_2030;cobalt
6a89e7559628135268ae7f6602ce1686;hydrogen production, gaseous, petroleum refinery operation;ZA;hydrogen, gaseous;;market for cobalt;9.314760339314409e-07;kilogram;cobalt;0.0;technosphere;GLO;ecoinvent_cutoff_3.9_remind_SSP2-Base_2030;cobalt
6c664dd30afcef3bcf14d9a218877d89;diesel production, low-sulfur, petroleum refinery operation;BR;diesel, low-sulfur;;market for cobalt;1.8098351915810226e-06;kilogram;cobalt;0.0;technosphere;GLO;ecoinvent_cutoff_3.9_remind_SSP2-Base_2030;cobalt
6ebe40b1a175ce8e87e59b5eba13f812;refinery gas production, petroleum refinery operation;ZA;refinery gas;;market for cobalt;6.283259886284115e-07;kilogram;cobalt;0.0;technosphere;GLO;ecoinvent_cutoff_3.9_remind_SSP2-Base_2030;cobalt
6f198c7e8cdacbbba4a69a66545347e3;pitch production, petroleum refinery operation;CO;pitch;;market for cobalt;3.275389722707453e-08;kilogram;cobalt;0.0;technosphere;GLO;ecoinvent_cutoff_3.9_remind_SSP2-Base_2030;cobalt
6f61be1d818423934f54b3d72828b68a;refinery gas production, petroleum refinery operation;Europe without Switzerland;refinery gas;;market for cobalt;7.811317178838417e-07;kilogram;cobalt;0.0;technosphere;GLO;ecoinvent_cutoff_3.9_remind_SSP2-Base_2030;cobalt
75b9f84450c4c294eab9e5bdd0eec5b1;NMC111 hydroxide production, for Li-ion battery;RoW;sodium sulfate, anhydrite;;market for cobalt sulfate;0.010496921923030561;kilogram;cobalt sulfate;0.0;technosphere;RoW;ecoinvent_cutoff_3.9_remind_SSP2-Base_2030;cobalt
7692c706acf4a94d0997b3eaf7dd9ff9;mineral supplement production, for beef cattle;GLO;mineral supplement, for beef cattle;;market for cobalt;2.51581e-05;kilogram;cobalt;0.0;technosphere;GLO;ecoinvent_cutoff_3.9_remind_SSP2-Base_2030;cobalt
77fad3241a71f336b37b86659d38f6b0;purified terephthalic acid production;RoW;purified terephthalic acid;;market for cobalt;0.000219550075103395;kilogram;cobalt;0.0;technosphere;GLO;ecoinvent_cutoff_3.9_remind_SSP2-Base_2030;cobalt
7aadd17417a1c9f545395c54e78c760f;petrol production, unleaded, petroleum refinery operation;PE;petrol, unleaded;;market for cobalt;4.481348788601119e-06;kilogram;cobalt;0.0;technosphere;GLO;ecoinvent_cutoff_3.9_remind_SSP2-Base_2030;cobalt
7b38aee71facb3b5f3724170bbde773d;acetaldehyde oxidation;RoW;acetic acid, without water, in 98% solution state;;market for cobalt;0.00010146727482284524;kilogram;cobalt;0.0;technosphere;GLO;ecoinvent_cutoff_3.9_remind_SSP2-Base_2030;cobalt
7e0e5365d1ddde32ef32f5a3888441ad;petroleum slack wax production, petroleum refinery operation;ZA;petroleum slack wax;;market for cobalt;1.0019546636789587e-07;kilogram;cobalt;0.0;technosphere;GLO;ecoinvent_cutoff_3.9_remind_SSP2-Base_2030;cobalt
823588ef577e2115a34c87a606396944;diesel production, low-sulfur, petroleum refinery operation;ZA;diesel, low-sulfur;;market for cobalt;1.1863255666398283e-06;kilogram;cobalt;0.0;technosphere;GLO;ecoinvent_cutoff_3.9_remind_SSP2-Base_2030;cobalt
838402c1386ada2961c1dcb8aebd0276;white spirit production, petroleum refinery operation;BR;white spirit;;market for cobalt;1.1396023472930586e-08;kilogram;cobalt;0.0;technosphere;GLO;ecoinvent_cutoff_3.9_remind_SSP2-Base_2030;cobalt
83c45eea084eb9ce70df6aebde1e82d1;light fuel oil production, petroleum refinery operation;ZA;light fuel oil;;market for cobalt;1.066268041347069e-06;kilogram;cobalt;0.0;technosphere;GLO;ecoinvent_cutoff_3.9_remind_SSP2-Base_2030;cobalt
88f940bf6c395497462285733ffca251;NCA hydroxide production, for Li-ion battery;RoW;NCA hydroxide;;market for cobalt sulfate;0.250822846356571;kilogram;cobalt sulfate;0.0;technosphere;RoW;ecoinvent_cutoff_3.9_remind_SSP2-Base_2030;cobalt
89e8165fd1a7fc19c6881eab56624762;white spirit production, petroleum refinery operation;PE;white spirit;;market for cobalt;1.1342639772057919e-08;kilogram;cobalt;0.0;technosphere;GLO;ecoinvent_cutoff_3.9_remind_SSP2-Base_2030;cobalt
8a31c9a7c400f78a9ffb6676a6c547b4;hydrogen production, gaseous, petroleum refinery operation;CO;hydrogen, gaseous;;market for cobalt;9.556603741618507e-07;kilogram;cobalt;0.0;technosphere;GLO;ecoinvent_cutoff_3.9_remind_SSP2-Base_2030;cobalt
8b1492bd8ba24a9de47c30c33204c664;mango seedling production, for planting;BR;mango seedling, for planting;;market for cobalt;8e-09;kilogram;cobalt;0.0;technosphere;GLO;ecoinvent_cutoff_3.9_remind_SSP2-Base_2030;cobalt
8c6c0ff6617782afec6228335ef8cbf2;light fuel oil production, petroleum refinery operation;BR;light fuel oil;;market for cobalt;1.6812429584343694e-06;kilogram;cobalt;0.0;technosphere;GLO;ecoinvent_cutoff_3.9_remind_SSP2-Base_2030;cobalt
8d81ee458b1f3bf3580e095d6d8e0b2b;heavy fuel oil production, petroleum refinery operation;IN;heavy fuel oil;;market for cobalt;2.876804181976812e-07;kilogram;cobalt;0.0;technosphere;GLO;ecoinvent_cutoff_3.9_remind_SSP2-Base_2030;cobalt
8ff55b2718af2753ce9978924378f856;sulfur production, petroleum refinery operation;ZA;sulfur;;market for cobalt;1.1336323043354998e-08;kilogram;cobalt;0.0;technosphere;GLO;ecoinvent_cutoff_3.9_remind_SSP2-Base_2030;cobalt
8ffaa2f420c7ee4bc50b88459abd74af;white spirit production, petroleum refinery operation;CO;white spirit;;market for cobalt;2.077684768335854e-06;kilogram;cobalt;0.0;technosphere;GLO;ecoinvent_cutoff_3.9_remind_SSP2-Base_2030;cobalt
92748f7e6045e62dba5de6d426f89def;refinery gas production, petroleum refinery operation;CO;refinery gas;;market for cobalt;1.1480092598825311e-06;kilogram;cobalt;0.0;technosphere;GLO;ecoinvent_cutoff_3.9_remind_SSP2-Base_2030;cobalt
94bb303bdeaa46515536cb59dfc2c329;petroleum coke production, petroleum refinery operation;ZA;petroleum coke;;market for cobalt;6.6973080559963374e-09;kilogram;cobalt;0.0;technosphere;GLO;ecoinvent_cutoff_3.9_remind_SSP2-Base_2030;cobalt
956120b9e9cc597068473ff0caae91b2;NMC811 hydroxide production, for Li-ion battery;CN;sodium sulfate, anhydrite;;market for cobalt sulfate;0.0043207507959088735;kilogram;cobalt sulfate;0.0;technosphere;CN;ecoinvent_cutoff_3.9_remind_SSP2-Base_2030;cobalt
956cc7b50c600714ee636e45010b567f;base oil production, petroleum refinery operation;PE;base oil;;market for cobalt;1.5225621494802441e-07;kilogram;cobalt;0.0;technosphere;GLO;ecoinvent_cutoff_3.9_remind_SSP2-Base_2030;cobalt
9697331ea71c1fc32422238a249a8001;diesel production, petroleum refinery operation;PE;diesel;;market for cobalt;1.6893184081045477e-06;kilogram;cobalt;0.0;technosphere;GLO;ecoinvent_cutoff_3.9_remind_SSP2-Base_2030;cobalt
98df54661978cd154c1bcfbeadbdb594;naphtha production, petroleum refinery operation;IN;naphtha;;market for cobalt;4.7970159537422056e-06;kilogram;cobalt;0.0;technosphere;GLO;ecoinvent_cutoff_3.9_remind_SSP2-Base_2030;cobalt
9aabfa24928f74eb302a4ddbb6626123;heavy fuel oil production, petroleum refinery operation;BR;heavy fuel oil;;market for cobalt;1.878582085386327e-07;kilogram;cobalt;0.0;technosphere;GLO;ecoinvent_cutoff_3.9_remind_SSP2-Base_2030;cobalt
9d51d16b1d8b376af5bf8fc2da82ac08;petroleum slack wax production, petroleum refinery operation;CO;petroleum slack wax;;market for cobalt;1.6142168728816937e-07;kilogram;cobalt;0.0;technosphere;GLO;ecoinvent_cutoff_3.9_remind_SSP2-Base_2030;cobalt
9dbcd90f3d15a2e44510dac2b0188248;purified terephthalic acid production;RER;purified terephthalic acid;;market for cobalt;0.000219550075103395;kilogram;cobalt;0.0;technosphere;GLO;ecoinvent_cutoff_3.9_remind_SSP2-Base_2030;cobalt
9feaa743dfa00da99430bbeab607d8e6;refinery gas production, petroleum refinery operation;RoW;refinery gas;;market for cobalt;7.811317178838417e-07;kilogram;cobalt;0.0;technosphere;GLO;ecoinvent_cutoff_3.9_remind_SSP2-Base_2030;cobalt
a0e54d9e2c4eb140df44a61c6d921aa6;pitch production, petroleum refinery operation;ZA;pitch;;market for cobalt;1.9198879648288045e-08;kilogram;cobalt;0.0;technosphere;GLO;ecoinvent_cutoff_3.9_remind_SSP2-Base_2030;cobalt
a29a76bc50421fd07b1085bf3f531649;diesel production, low-sulfur, petroleum refinery operation;IN;diesel, low-sulfur;;market for cobalt;1.3462683081177735e-06;kilogram;cobalt;0.0;technosphere;GLO;ecoinvent_cutoff_3.9_remind_SSP2-Base_2030;cobalt
a2a7fae394854cbea3fdc610bdd4ddaf;pitch production, petroleum refinery operation;Europe without Switzerland;pitch;;market for cobalt;2.3003796806458544e-08;kilogram;cobalt;0.0;technosphere;GLO;ecoinvent_cutoff_3.9_remind_SSP2-Base_2030;cobalt
a3d66b03d5ab23a90526aa23317d76c5;pitch production, petroleum refinery operation;PE;pitch;;market for cobalt;2.999810566006505e-08;kilogram;cobalt;0.0;technosphere;GLO;ecoinvent_cutoff_3.9_remind_SSP2-Base_2030;cobalt
a9808d05d37d2b520a26a1997e130990;kerosene production, petroleum refinery operation;ZA;kerosene;;market for cobalt;1.0730055180457608e-06;kilogram;cobalt;0.0;technosphere;GLO;ecoinvent_cutoff_3.9_remind_SSP2-Base_2030;cobalt
aa7fec95c32268aabb4715582293bc5f;pitch production, petroleum refinery operation;BR;pitch;;market for cobalt;3.013899207842415e-08;kilogram;cobalt;0.0;technosphere;GLO;ecoinvent_cutoff_3.9_remind_SSP2-Base_2030;cobalt
aa81783b18d6fd8fa9c6c987fce97bef;naphtha production, petroleum refinery operation;ZA;naphtha;;market for cobalt;4.130285891682684e-08;kilogram;cobalt;0.0;technosphere;GLO;ecoinvent_cutoff_3.9_remind_SSP2-Base_2030;cobalt
aad750a3bb6dbdfbf32a6c26418f5384;acetaldehyde oxidation;RER;acetic acid, without water, in 98% solution state;;market for cobalt;0.00010146727482284514;kilogram;cobalt;0.0;technosphere;GLO;ecoinvent_cutoff_3.9_remind_SSP2-Base_2030;cobalt
ab8cdf532eab938a5bf8c4e3b31e74dc;petroleum slack wax production, petroleum refinery operation;RoW;petroleum slack wax;;market for cobalt;1.13137946638678e-07;kilogram;cobalt;0.0;technosphere;GLO;ecoinvent_cutoff_3.9_remind_SSP2-Base_2030;cobalt
abc0b2e86d2d4f0fb6cf501e90c3d7d4;acetaldehyde oxidation;RoW;acetic anhydride;;market for cobalt;0.0001463755467694907;kilogram;cobalt;0.0;technosphere;GLO;ecoinvent_cutoff_3.9_remind_SSP2-Base_2030;cobalt
acbb595502133180f43cafd405a49feb;base oil production, petroleum refinery operation;RoW;base oil;;market for cobalt;1.3300563550611523e-07;kilogram;cobalt;0.0;technosphere;GLO;ecoinvent_cutoff_3.9_remind_SSP2-Base_2030;cobalt
ae095e3c5dd43de0379584a1bb18e076;liquefied petroleum gas production, petroleum refinery operation;CO;liquefied petroleum gas;;market for cobalt;1.2246419959222218e-06;kilogram;cobalt;0.0;technosphere;GLO;ecoinvent_cutoff_3.9_remind_SSP2-Base_2030;cobalt
aeee34814f7ddb9c28dd569461921ff5;NMC111 hydroxide production, for Li-ion battery;CN;sodium sulfate, anhydrite;;market for cobalt sulfate;0.010496921923030561;kilogram;cobalt sulfate;0.0;technosphere;CN;ecoinvent_cutoff_3.9_remind_SSP2-Base_2030;cobalt
b1b3b47eb0e3d7b0317ae9e38b32c247;diesel production, petroleum refinery operation;RoW;diesel;;market for cobalt;1.2269539654229969e-06;kilogram;cobalt;0.0;technosphere;GLO;ecoinvent_cutoff_3.9_remind_SSP2-Base_2030;cobalt
b272d999e7f2eb222acc4571fecfbaff;C3 hydrocarbon production, mixture, petroleum refinery operation;Europe without Switzerland;C3 hydrocarbon mixture;;market for cobalt;1.788381821117916e-05;kilogram;cobalt;0.0;technosphere;GLO;ecoinvent_cutoff_3.9_remind_SSP2-Base_2030;cobalt
b3fcc4e8e4fc539d2e9a2995a5a1d275;liquefied petroleum gas production, petroleum refinery operation;Europe without Switzerland;liquefied petroleum gas;;market for cobalt;8.802325582571625e-07;kilogram;cobalt;0.0;technosphere;GLO;ecoinvent_cutoff_3.9_remind_SSP2-Base_2030;cobalt
b546b7da2dcba817a90bae727b5db512;light fuel oil production, petroleum refinery operation;CO;light fuel oil;;market for cobalt;1.4430467059036786e-06;kilogram;cobalt;0.0;technosphere;GLO;ecoinvent_cutoff_3.9_remind_SSP2-Base_2030;cobalt
b5b50fb7b97002e04ca9cc989ea7e31d;base oil production, petroleum refinery operation;Europe without Switzerland;base oil;;market for cobalt;1.3300563550611523e-07;kilogram;cobalt;0.0;technosphere;GLO;ecoinvent_cutoff_3.9_remind_SSP2-Base_2030;cobalt
b64dae1cefcbb8112c6fa7e01236c14c;base oil production, petroleum refinery operation;IN;base oil;;market for cobalt;2.4622656486795046e-07;kilogram;cobalt;0.0;technosphere;GLO;ecoinvent_cutoff_3.9_remind_SSP2-Base_2030;cobalt
b71d498b7e90a025b862a0551610fafd;liquefied petroleum gas production, petroleum refinery operation;RoW;liquefied petroleum gas;;market for cobalt;8.802325582571625e-07;kilogram;cobalt;0.0;technosphere;GLO;ecoinvent_cutoff_3.9_remind_SSP2-Base_2030;cobalt
b73da65fc717da7ab15b41f2dc3e5a7f;petroleum slack wax production, petroleum refinery operation;PE;petroleum slack wax;;market for cobalt;1.3113788352299149e-07;kilogram;cobalt;0.0;technosphere;GLO;ecoinvent_cutoff_3.9_remind_SSP2-Base_2030;cobalt
b92bef1dce2555742777b7c679827b38;mango production;BR;mango;;market for cobalt;8.4e-06;kilogram;cobalt;0.0;technosphere;GLO;ecoinvent_cutoff_3.9_remind_SSP2-Base_2030;cobalt
ba5773afa42479c6f2d745c3903be490;liquefied petroleum gas production, petroleum refinery operation;PE;liquefied petroleum gas;;market for cobalt;1.4755079585806019e-06;kilogram;cobalt;0.0;technosphere;GLO;ecoinvent_cutoff_3.9_remind_SSP2-Base_2030;cobalt
bc8383c7f24cb88942af1e4c0f60a5d4;soybean production;BR-MT;soybean;;market for cobalt;2.91e-05;kilogram;cobalt;0.0;technosphere;GLO;ecoinvent_cutoff_3.9_remind_SSP2-Base_2030;cobalt
bcbde121a5f004fab19d422b13e03150;light fuel oil production, petroleum refinery operation;Europe without Switzerland;light fuel oil;;market for cobalt;1.2203850778055075e-06;kilogram;cobalt;0.0;technosphere;GLO;ecoinvent_cutoff_3.9_remind_SSP2-Base_2030;cobalt
bda600222bb830425bef7f610ec0da37;C3 hydrocarbon production, mixture, petroleum refinery operation;CO;C3 hydrocarbon mixture;;market for cobalt;1.9046764176320723e-05;kilogram;cobalt;0.0;technosphere;GLO;ecoinvent_cutoff_3.9_remind_SSP2-Base_2030;cobalt
beaa234b36ed9d306b66ed34a2341751;liquefied petroleum gas production, petroleum refinery operation;BR;liquefied petroleum gas;;market for cobalt;1.4758396120430414e-06;kilogram;cobalt;0.0;technosphere;GLO;ecoinvent_cutoff_3.9_remind_SSP2-Base_2030;cobalt
bf41266390e3cc9bf260a69ccab54140;heavy fuel oil production, petroleum refinery operation;CO;heavy fuel oil;;market for cobalt;2.3001350568150443e-07;kilogram;cobalt;0.0;technosphere;GLO;ecoinvent_cutoff_3.9_remind_SSP2-Base_2030;cobalt
bf4f266497bba4d077df7819ffe152d4;soybean production;BR-MA;soybean;;market for cobalt;3.22e-07;kilogram;cobalt;0.0;technosphere;GLO;ecoinvent_cutoff_3.9_remind_SSP2-Base_2030;cobalt
bf92807211ec84e8f72b169d81f3c997;reformate production, petroleum refinery operation;BR;reformate;;market for cobalt;3.382736219643598e-07;kilogram;cobalt;0.0;technosphere;GLO;ecoinvent_cutoff_3.9_remind_SSP2-Base_2030;cobalt
bfb8b5200a197a7f96533f9a0914fbf1;soybean production;BR-PI;soybean;;market for cobalt;2.6e-07;kilogram;cobalt;0.0;technosphere;GLO;ecoinvent_cutoff_3.9_remind_SSP2-Base_2030;cobalt
c1dff9340d964532b849836b7565acfb;reformate production, petroleum refinery operation;IN;reformate;;market for cobalt;3.716295276412091e-07;kilogram;cobalt;0.0;technosphere;GLO;ecoinvent_cutoff_3.9_remind_SSP2-Base_2030;cobalt
c289c10490ae3ab9d2285d38755619af;liquefied petroleum gas production, petroleum refinery operation;IN;liquefied petroleum gas;;market for cobalt;1.4349846515282599e-06;kilogram;cobalt;0.0;technosphere;GLO;ecoinvent_cutoff_3.9_remind_SSP2-Base_2030;cobalt
c4631b67736ce2439e4868f68bd8cb2e;petroleum slack wax production, petroleum refinery operation;Europe without Switzerland;petroleum slack wax;;market for cobalt;1.13137946638678e-07;kilogram;cobalt;0.0;technosphere;GLO;ecoinvent_cutoff_3.9_remind_SSP2-Base_2030;cobalt
c6338e3e7b7f424b7580de49cf81937f;electronic component production, passive, mobile, earpiece and speaker;GLO;electronic component, passive, mobile, earpiece and speaker;;market for cobalt;0.001411378971539;kilogram;cobalt;0.0;technosphere;GLO;ecoinvent_cutoff_3.9_remind_SSP2-Base_2030;cobalt
c83ad69883d593d150526a989c4375be;C3 hydrocarbon production, mixture, petroleum refinery operation;PE;C3 hydrocarbon mixture;;market for cobalt;1.733710460684668e-05;kilogram;cobalt;0.0;technosphere;GLO;ecoinvent_cutoff_3.9_remind_SSP2-Base_2030;cobalt
c9393ca3e722e156f115e76d554f70e3;NMC811 hydroxide production, for Li-ion battery;RoW;NMC811 hydroxide;;market for cobalt sulfate;0.1610667312401632;kilogram;cobalt sulfate;0.0;technosphere;RoW;ecoinvent_cutoff_3.9_remind_SSP2-Base_2030;cobalt
c9d60364a9bc5ad57062dda2e8ad32bc;NMC111 hydroxide production, for Li-ion battery;CN;NMC111 hydroxide;;market for cobalt sulfate;0.5479283328409148;kilogram;cobalt sulfate;0.0;technosphere;CN;ecoinvent_cutoff_3.9_remind_SSP2-Base_2030;cobalt
d0233422b0391e12d019a2c88c67bae9;sulfur production, petroleum refinery operation;RoW;sulfur;;market for cobalt;1.8746279630293195e-08;kilogram;cobalt;0.0;technosphere;GLO;ecoinvent_cutoff_3.9_remind_SSP2-Base_2030;cobalt
d17929d679852819c113bbae6c906203;diesel production, petroleum refinery operation;ZA;diesel;;market for cobalt;1.072007373276861e-06;kilogram;cobalt;0.0;technosphere;GLO;ecoinvent_cutoff_3.9_remind_SSP2-Base_2030;cobalt
d39206b4fbb4f27b8ed62fea15dda179;diesel production, petroleum refinery operation;CO;diesel;;market for cobalt;1.4508140997178127e-06;kilogram;cobalt;0.0;technosphere;GLO;ecoinvent_cutoff_3.9_remind_SSP2-Base_2030;cobalt
d5250e9fea561a7906a4f2f4b9351464;C3 hydrocarbon production, mixture, petroleum refinery operation;ZA;C3 hydrocarbon mixture;;market for cobalt;1.7332026829558573e-05;kilogram;cobalt;0.0;technosphere;GLO;ecoinvent_cutoff_3.9_remind_SSP2-Base_2030;cobalt
d54341826af483574c7818434d261ba8;gas power plant construction, combined cycle, 400MW electrical;RoW;gas power plant, combined cycle, 400MW electrical;;market for cobalt;720.0;kilogram;cobalt;0.0;technosphere;GLO;ecoinvent_cutoff_3.9_remind_SSP2-Base_2030;cobalt
d5ae8d7b11d658b8b0b3565998db9070;kerosene production, petroleum refinery operation;BR;kerosene;;market for cobalt;1.6918663050006517e-06;kilogram;cobalt;0.0;technosphere;GLO;ecoinvent_cutoff_3.9_remind_SSP2-Base_2030;cobalt
d83e9aee67b5c67c9a08b663c6a694e5;refinery gas production, petroleum refinery operation;PE;refinery gas;;market for cobalt;1.5046530039964568e-06;kilogram;cobalt;0.0;technosphere;GLO;ecoinvent_cutoff_3.9_remind_SSP2-Base_2030;cobalt
d91bd4fbe9d846f77a6455fcfe1346cc;NCA hydroxide production, for Li-ion battery;CN;sodium sulfate, anhydrite;;market for cobalt sulfate;0.005737384868755096;kilogram;cobalt sulfate;0.0;technosphere;CN;ecoinvent_cutoff_3.9_remind_SSP2-Base_2030;cobalt
deaace6515d7a5d513130f084de5d440;soybean production;BR-SP;soybean;;market for cobalt;1.15e-06;kilogram;cobalt;0.0;technosphere;GLO;ecoinvent_cutoff_3.9_remind_SSP2-Base_2030;cobalt
decd25dbdfda7652eaf999dcfd8d50ea;petrol production, unleaded, petroleum refinery operation;ZA;petrol, unleaded;;market for cobalt;2.243243981020407e-06;kilogram;cobalt;0.0;technosphere;GLO;ecoinvent_cutoff_3.9_remind_SSP2-Base_2030;cobalt
dff05440afe7724185addcbf4dc5af93;naphtha production, petroleum refinery operation;BR;naphtha;;market for cobalt;1.1396023472928454e-08;kilogram;cobalt;0.0;technosphere;GLO;ecoinvent_cutoff_3.9_remind_SSP2-Base_2030;cobalt
e1256149c235669e38fc54ffd14af362;C3 hydrocarbon production, mixture, petroleum refinery operation;RoW;C3 hydrocarbon mixture;;market for cobalt;1.788381821117916e-05;kilogram;cobalt;0.0;technosphere;GLO;ecoinvent_cutoff_3.9_remind_SSP2-Base_2030;cobalt
e196eebb57acc7fab45a2f82ff5d8064;base oil production, petroleum refinery operation;ZA;base oil;;market for cobalt;1.1735217326549298e-07;kilogram;cobalt;0.0;technosphere;GLO;ecoinvent_cutoff_3.9_remind_SSP2-Base_2030;cobalt
e682bf65f0a20228ae1cdfecffd5166d;hydrogen production, gaseous, petroleum refinery operation;Europe without Switzerland;hydrogen, gaseous;;market for cobalt;9.30851625811558e-07;kilogram;cobalt;0.0;technosphere;GLO;ecoinvent_cutoff_3.9_remind_SSP2-Base_2030;cobalt
e74e305d14adee3da2dfeee1bdd43f12;diesel production, petroleum refinery operation;IN;diesel;;market for cobalt;1.177381820809008e-06;kilogram;cobalt;0.0;technosphere;GLO;ecoinvent_cutoff_3.9_remind_SSP2-Base_2030;cobalt
e9366c5ad8a334e9bfefac4606770539;electricity production, medium voltage, petroleum refinery operation;Europe without Switzerland;electricity, medium voltage;;market for cobalt;2.1171801222195094e-07;kilogram;cobalt;0.0;technosphere;GLO;ecoinvent_cutoff_3.9_remind_SSP2-Base_2030;cobalt
e9726a811906e445b7c3712f6b9c28f9;naphtha production, petroleum refinery operation;PE;naphtha;;market for cobalt;1.134263977205786e-08;kilogram;cobalt;0.0;technosphere;GLO;ecoinvent_cutoff_3.9_remind_SSP2-Base_2030;cobalt
ebd03694874482ea781e23867dc2edd5;soybean production;BR-RS;soybean;;market for cobalt;3.37e-07;kilogram;cobalt;0.0;technosphere;GLO;ecoinvent_cutoff_3.9_remind_SSP2-Base_2030;cobalt
ebfea6e73610bbb327b242dca27e8ae3;liquefied petroleum gas production, petroleum refinery operation;ZA;liquefied petroleum gas;;market for cobalt;7.333170357281285e-07;kilogram;cobalt;0.0;technosphere;GLO;ecoinvent_cutoff_3.9_remind_SSP2-Base_2030;cobalt
f2b58d8752372e27fc358f4a1b6b6bb5;refinery gas production, petroleum refinery operation;BR;refinery gas;;market for cobalt;1.504991208460642e-06;kilogram;cobalt;0.0;technosphere;GLO;ecoinvent_cutoff_3.9_remind_SSP2-Base_2030;cobalt
f33d5c241362354401b2b018863cfc5e;heavy fuel oil production, petroleum refinery operation;ZA;heavy fuel oil;;market for cobalt;1.654617511328963e-07;kilogram;cobalt;0.0;technosphere;GLO;ecoinvent_cutoff_3.9_remind_SSP2-Base_2030;cobalt
f4e8f9e773206c58d4a9ce05bdfb1e69;diesel production, petroleum refinery operation;Europe without Switzerland;diesel;;market for cobalt;1.2269539654229969e-06;kilogram;cobalt;0.0;technosphere;GLO;ecoinvent_cutoff_3.9_remind_SSP2-Base_2030;cobalt
f5fae4a113418287906730a3839f964f;sulfur production, petroleum refinery operation;CO;sulfur;;market for cobalt;3.919613644436567e-08;kilogram;cobalt;0.0;technosphere;GLO;ecoinvent_cutoff_3.9_remind_SSP2-Base_2030;cobalt
f6f931e77ca5ce3324e3166edb899fea;cobalt sulfate production;CN;cobalt sulfate;;market for cobalt hydroxide;0.600320091704005;kilogram;cobalt hydroxide;0.0;technosphere;GLO;ecoinvent_cutoff_3.9_remind_SSP2-Base_2030;cobalt
f77583378094e572437b46eb6087ac06;diesel production, low-sulfur, petroleum refinery operation;Europe without Switzerland;diesel, low-sulfur;;market for cobalt;1.3515410036974834e-06;kilogram;cobalt;0.0;technosphere;GLO;ecoinvent_cutoff_3.9_remind_SSP2-Base_2030;cobalt
f7eda748e505e1e21c3c30c791b2a997;naphtha production, petroleum refinery operation;RoW;naphtha;;market for cobalt;6.661100075911791e-07;kilogram;cobalt;0.0;technosphere;GLO;ecoinvent_cutoff_3.9_remind_SSP2-Base_2030;cobalt
f8646e39503e2a8a5a49cde3b98e26b8;kerosene production, petroleum refinery operation;PE;kerosene;;market for cobalt;1.6908913302722485e-06;kilogram;cobalt;0.0;technosphere;GLO;ecoinvent_cutoff_3.9_remind_SSP2-Base_2030;cobalt
f8cab547032d29701d702fe5bd51b5a8;kerosene production, petroleum refinery operation;Europe without Switzerland;kerosene;;market for cobalt;1.2280963806608277e-06;kilogram;cobalt;0.0;technosphere;GLO;ecoinvent_cutoff_3.9_remind_SSP2-Base_2030;cobalt
f9cbfcf4cbeffe44f69bf175c6148603;petrol production, unleaded, petroleum refinery operation;Europe without Switzerland;petrol, unleaded;;market for cobalt;2.4533284396333102e-06;kilogram;cobalt;0.0;technosphere;GLO;ecoinvent_cutoff_3.9_remind_SSP2-Base_2030;cobalt
fb64403e133919b65febc6abbe10a6ad;petrol production, unleaded, petroleum refinery operation;RoW;petrol, unleaded;;market for cobalt;2.4533284396333102e-06;kilogram;cobalt;0.0;technosphere;GLO;ecoinvent_cutoff_3.9_remind_SSP2-Base_2030;cobalt
fbcb28e9a95e4b45aac535c351c76530;diesel production, low-sulfur, petroleum refinery operation;RoW;diesel, low-sulfur;;market for cobalt;1.3515410036974834e-06;kilogram;cobalt;0.0;technosphere;GLO;ecoinvent_cutoff_3.9_remind_SSP2-Base_2030;cobalt
fddd1ea5c9bce6404d9b6873b93ebe5e;petrol production, unleaded, petroleum refinery operation;CO;petrol, unleaded;;market for cobalt;3.1178037214077916e-06;kilogram;cobalt;0.0;technosphere;GLO;ecoinvent_cutoff_3.9_remind_SSP2-Base_2030;cobalt
fe5d86e9888acfd01345a661cea8f17e;sulfur production, petroleum refinery operation;Europe without Switzerland;sulfur;;market for cobalt;1.8746279630293195e-08;kilogram;cobalt;0.0;technosphere;GLO;ecoinvent_cutoff_3.9_remind_SSP2-Base_2030;cobalt
