code;name;location;reference product;categories;ex_name;ex_amount;ex_unit;ex_product;ex_production volume;ex_type;ex_location;database;material_group
00ae3e72e63145e2a0ea2e4be8d9eae8;electricity production, at lignite-fired IGCC power plant;RER;electricity, high voltage;;market for lead;1.936e-09;kilogram;lead;;technosphere;GLO;ecoinvent_cutoff_3.9_remind_SSP2-Base_2035;lead
0387196a56eb12762f38ea31ff35839f;primary zinc production from concentrate;RoW;gypsum, mineral;;market for lead;1.3675569969368357e-06;kilogram;lead;0.0;technosphere;GLO;ecoinvent_cutoff_3.9_remind_SSP2-Base_2035;lead
0387196a56eb12762f38ea31ff35839f;primary zinc production from concentrate;RoW;gypsum, mineral;;market for lead concentrate;7.147005574419927e-05;kilogram;lead concentrate;0.0;technosphere;GLO;ecoinvent_cutoff_3.9_remind_SSP2-Base_2035;lead
065601b4d59047d6a23e8dd9d04db50f;electricity production, at hard coal-fired IGCC power plant, pre, pipeline 200km, storage 1000m;RER;electricity, high voltage;;market for lead;1.8449999999999997e-09;kilogram;lead;;technosphere;GLO;ecoinvent_cutoff_3.9_remind_SSP2-Base_2035;lead
06e1180ed50a047cbccdc18e6806a460;solder production, bar, Sn63Pb37, for electronics industry;GLO;solder, bar, Sn63Pb37, for electronics industry;;market for lead;0.37;kilogram;lead;0.0;technosphere;GLO;ecoinvent_cutoff_3.9_remind_SSP2-Base_2035;lead
08605d50e0ef6c7f5107a65deee61dfe;transmission network construction, electricity, high voltage;CH;transmission network, electricity, high voltage;;market for lead;1630.0;kilogram;lead;0.0;technosphere;GLO;ecoinvent_cutoff_3.9_remind_SSP2-Base_2035;lead
08d0530600964ff592f9db4976329f42;photovoltaic panel production, single-Si wafer;US;photovoltaic panel, single-Si wafer;;market for lead;0.000725;kilogram;lead;;technosphere;GLO;ecoinvent_cutoff_3.9_remind_SSP2-Base_2035;lead
090d8ec4ef3c435b76b2b0135b83c934;lorry production, with refrigeration machine, R134a as refrigerant, 16 metric ton;GLO;lorry with refrigeration machine, R134a as refrigerant, 16 metric ton;;market for lead;73.62;kilogram;lead;0.0;technosphere;GLO;ecoinvent_cutoff_3.9_remind_SSP2-Base_2035;lead
0925335a31cd4495b44d9f6fba9112af;photovoltaic laminate production, multi-Si wafer;CN;photovoltaic laminate, multi-Si wafer;;market for lead;0.000725;kilogram;lead;;technosphere;GLO;ecoinvent_cutoff_3.9_remind_SSP2-Base_2035;lead
09fe95ceb3f744b3a4f66f1ee9acfdf4;photovoltaic laminate production, single-Si wafer;US;photovoltaic laminate, single-Si wafer;;market for lead;0.000725;kilogram;lead;;technosphere;GLO;ecoinvent_cutoff_3.9_remind_SSP2-Base_2035;lead
0b2cd6f5c43745d5bf8ec9bc9e656849;photovoltaic panel production, multi-Si wafer;US;photovoltaic panel, multi-Si wafer;;market for lead;0.000725;kilogram;lead;;technosphere;GLO;ecoinvent_cutoff_3.9_remind_SSP2-Base_2035;lead
0b638d6508a47e81ae011422b9abda65;purse seiner maintenance, wood;RLA;purse seiner maintenance, wood;;market for lead;0.014434889434889435;kilogram;lead;0.0;technosphere;GLO;ecoinvent_cutoff_3.9_remind_SSP2-Base_2035;lead
0b638d6508a47e81ae011422b9abda65;purse seiner maintenance, wood;RLA;purse seiner maintenance, wood;;market for lead in car shredder residue;-0.014434889434889435;kilogram;lead in car shredder residue;0.0;technosphere;RoW;ecoinvent_cutoff_3.9_remind_SSP2-Base_2035;lead
0ed38d2018ecfc5d0537a368557666cf;forwarder production, with terrain chipper;GLO;terrain chipper on forwarder;;market for lead;76.9;kilogram;lead;0.0;technosphere;GLO;ecoinvent_cutoff_3.9_remind_SSP2-Base_2035;lead
0f0c21b401ab4c68b80119608b47fd10;photovoltaic panel production, multi-Si wafer;APAC;photovoltaic panel, multi-Si wafer;;market for lead;0.000725;kilogram;lead;;technosphere;GLO;ecoinvent_cutoff_3.9_remind_SSP2-Base_2035;lead
0f0f904dd01973dd3744b29609588b6d;lead concentrate stockpiling;US;lead concentrate stockpiling;;market for lead concentrate;1.0;kilogram;lead concentrate;0.0;technosphere;GLO;ecoinvent_cutoff_3.9_remind_SSP2-Base_2035;lead
0f73a478573dac55d327af6b3e636c2c;primary zinc production from concentrate;CA-QC;copper cake;;market for lead;0.005671259780173864;kilogram;lead;0.0;technosphere;GLO;ecoinvent_cutoff_3.9_remind_SSP2-Base_2035;lead
10af21108f18346347c7479c8d4a1cc9;primary zinc production from concentrate;CA-QC;sulfur dioxide, liquid;;market for lead;0.00030594716328948365;kilogram;lead;0.0;technosphere;GLO;ecoinvent_cutoff_3.9_remind_SSP2-Base_2035;lead
133b643f94041649ca2d5b2a71237c02;cable yarder with sled winch production;GLO;cable yarder with sled winch;;market for lead;29.5;kilogram;lead;0.0;technosphere;GLO;ecoinvent_cutoff_3.9_remind_SSP2-Base_2035;lead
1608ce808018afb0c784c6021a07d4e2;primary zinc production from concentrate;RoW;sulfur;;market for lead;1.5091744702475826e-05;kilogram;lead;0.0;technosphere;GLO;ecoinvent_cutoff_3.9_remind_SSP2-Base_2035;lead
1608ce808018afb0c784c6021a07d4e2;primary zinc production from concentrate;RoW;sulfur;;market for lead concentrate;0.0007887114303675269;kilogram;lead concentrate;0.0;technosphere;GLO;ecoinvent_cutoff_3.9_remind_SSP2-Base_2035;lead
166b726d1535d90785a57ae4305343c4;internal combustion engine production, passenger car;GLO;internal combustion engine, passenger car;;market for lead;0.04727272727272727;kilogram;lead;0.0;technosphere;GLO;ecoinvent_cutoff_3.9_remind_SSP2-Base_2035;lead
173ac57f426a7916eb7f0d10ef595ab4;lorry production, 40 metric ton;RoW;lorry, 40 metric ton;;market for lead;73.62;kilogram;lead;0.0;technosphere;GLO;ecoinvent_cutoff_3.9_remind_SSP2-Base_2035;lead
178ae88acaf1fe54bedcfa16c770660c;glider production, passenger car;GLO;glider, passenger car;;market for lead;0.002978;kilogram;lead;0.0;technosphere;GLO;ecoinvent_cutoff_3.9_remind_SSP2-Base_2035;lead
1a5654b42884d8d190670e5b6d6a2b74;primary zinc production from concentrate;CA-QC;zinc;;market for lead;0.0024288935100844505;kilogram;lead;0.0;technosphere;GLO;ecoinvent_cutoff_3.9_remind_SSP2-Base_2035;lead
1c00d1942f4a6be1d18079b1900742ba;maintenance, lorry 16 metric ton;RoW;maintenance, lorry 16 metric ton;;market for lead;210.0;kilogram;lead;0.0;technosphere;GLO;ecoinvent_cutoff_3.9_remind_SSP2-Base_2035;lead
1e14f740752fb6a05d0257946292a0bc;maintenance, lorry 16 metric ton;Europe without Switzerland;maintenance, lorry 16 metric ton;;market for lead;210.0;kilogram;lead;0.0;technosphere;GLO;ecoinvent_cutoff_3.9_remind_SSP2-Base_2035;lead
1e56beda733c60ccddeafd0eee3076f8;energy wood harvester production;GLO;energy wood harvester;;market for lead;76.9;kilogram;lead;0.0;technosphere;GLO;ecoinvent_cutoff_3.9_remind_SSP2-Base_2035;lead
205de1677a590367172ae148b9342c14;maintenance, motor scooter;CH;maintenance, motor scooter;;market for lead;1.3;kilogram;lead;0.0;technosphere;GLO;ecoinvent_cutoff_3.9_remind_SSP2-Base_2035;lead
2164916e666dbcd3e1068846ea8aa699;electric parts production, heat and power co-generation unit, 160kW electrical;RER;electric parts, heat and power co-generation unit, 160kW electrical;;market for lead;0.47;kilogram;lead;0.0;technosphere;GLO;ecoinvent_cutoff_3.9_remind_SSP2-Base_2035;lead
22194ee82bc4a7ecca0602b741523cbc;harvester production;CH;harvester;;market for lead;0.018;kilogram;lead;0.0;technosphere;GLO;ecoinvent_cutoff_3.9_remind_SSP2-Base_2035;lead
23031e5f1f23d9286ba330b02b2cbc45;primary lead production from concentrate;GLO;crust from Parkes process for lead production;;market for lead concentrate;3.5545898378637393;kilogram;lead concentrate;0.0;technosphere;GLO;ecoinvent_cutoff_3.9_remind_SSP2-Base_2035;lead
23031e5f1f23d9286ba330b02b2cbc45;primary lead production from concentrate;GLO;crust from Parkes process for lead production;;market for lead smelter slag;-0.8119302399230554;kilogram;lead smelter slag;0.0;technosphere;GLO;ecoinvent_cutoff_3.9_remind_SSP2-Base_2035;lead
2427d31bfd2163a56b359c0ce226760b;motor scooter production;RoW;motor scooter, 50 cubic cm engine;;market for lead;0.86989;kilogram;lead;0.0;technosphere;GLO;ecoinvent_cutoff_3.9_remind_SSP2-Base_2035;lead
26475499eff5745d774555017cea5b9a;integrated circuit production, memory type;GLO;integrated circuit, memory type;;market for lead;0.00078;kilogram;lead;0.0;technosphere;GLO;ecoinvent_cutoff_3.9_remind_SSP2-Base_2035;lead
29551954aab28be60fe1bdf8f1c704f5;bus production;RoW;bus;;market for lead;90.0;kilogram;lead;0.0;technosphere;GLO;ecoinvent_cutoff_3.9_remind_SSP2-Base_2035;lead
29781cb2e78c4ae39c9cee75bf658e26;photovoltaic laminate production, multi-Si wafer;US;photovoltaic laminate, multi-Si wafer;;market for lead;0.000725;kilogram;lead;;technosphere;GLO;ecoinvent_cutoff_3.9_remind_SSP2-Base_2035;lead
2a6c43899b5f1c6566ef4714a8856c5b;primary zinc production from concentrate;RoW;copper, cathode;;market for lead;0.0009767218985162888;kilogram;lead;0.0;technosphere;GLO;ecoinvent_cutoff_3.9_remind_SSP2-Base_2035;lead
2a6c43899b5f1c6566ef4714a8856c5b;primary zinc production from concentrate;RoW;copper, cathode;;market for lead concentrate;0.05104457707422595;kilogram;lead concentrate;0.0;technosphere;GLO;ecoinvent_cutoff_3.9_remind_SSP2-Base_2035;lead
2e07ed7007bea67a104dd832cee5e52e;wire drawing, steel;RoW;wire drawing, steel;;market for lead;0.0012845;kilogram;lead;0.0;technosphere;GLO;ecoinvent_cutoff_3.9_remind_SSP2-Base_2035;lead
2e4be222f87f3bc10a72adfde5dadf12;transmission network construction, electricity, high voltage direct current subsea cable;RoW;transmission network, electricity, high voltage direct current subsea cable;;market for lead;24900.0;kilogram;lead;0.0;technosphere;GLO;ecoinvent_cutoff_3.9_remind_SSP2-Base_2035;lead
2eb27a4895c0c40d8cc9ffaad56857ee;transmission network construction, electricity, high voltage direct current land cable;RoW;transmission network, electricity, high voltage direct current land cable;;market for lead;14200.0;kilogram;lead;0.0;technosphere;GLO;ecoinvent_cutoff_3.9_remind_SSP2-Base_2035;lead
2f1c7e5e9dbbea46985e6b737ce326c9;primary zinc production from concentrate;RoW;cadmium sludge from zinc electrolysis;;market for lead;0.00027075001860064435;kilogram;lead;0.0;technosphere;GLO;ecoinvent_cutoff_3.9_remind_SSP2-Base_2035;lead
2f1c7e5e9dbbea46985e6b737ce326c9;primary zinc production from concentrate;RoW;cadmium sludge from zinc electrolysis;;market for lead concentrate;0.014149698305426311;kilogram;lead concentrate;0.0;technosphere;GLO;ecoinvent_cutoff_3.9_remind_SSP2-Base_2035;lead
2fa5112f5afd5bd41cf39c2df257bb01;primary zinc production from concentrate;CA-QC;sulfuric acid;;market for lead;0.00014713489532242342;kilogram;lead;0.0;technosphere;GLO;ecoinvent_cutoff_3.9_remind_SSP2-Base_2035;lead
33328eed361648e87245587665c2fd14;resistor production, metal film type, through-hole mounting;GLO;resistor, metal film type, through-hole mounting;;market for lead;0.061869;kilogram;lead;0.0;technosphere;GLO;ecoinvent_cutoff_3.9_remind_SSP2-Base_2035;lead
34823402df659ec76e3c12837abb7e9d;motor scooter production;RER;motor scooter, 50 cubic cm engine;;market for lead;0.86989;kilogram;lead;0.0;technosphere;GLO;ecoinvent_cutoff_3.9_remind_SSP2-Base_2035;lead
34d959358311c13e722d76aa8831a987;primary zinc production from concentrate;RoW;copper sulfate;;market for lead;0.001031137975690374;kilogram;lead;0.0;technosphere;GLO;ecoinvent_cutoff_3.9_remind_SSP2-Base_2035;lead
34d959358311c13e722d76aa8831a987;primary zinc production from concentrate;RoW;copper sulfate;;market for lead concentrate;0.05388842203112626;kilogram;lead concentrate;0.0;technosphere;GLO;ecoinvent_cutoff_3.9_remind_SSP2-Base_2035;lead
3783d055481843d4b9d4b46471bae0d9;construction, BIGCC power plant 450MW;RER;construction, BIGCC power plant 450MW;;market for lead;1720.0;kilogram;lead;;technosphere;GLO;ecoinvent_cutoff_3.9_remind_SSP2-Base_2035;lead
3854d76bc55e4c39a20529757119a9e2;funnel glass production, for cathode ray tube display;GLO;funnel glass, for cathode ray tube display;;market for lead;0.077;kilogram;lead;0.0;technosphere;GLO;ecoinvent_cutoff_3.9_remind_SSP2-Base_2035;lead
38b4317187a596b150947a291b2f223d;primary zinc production from concentrate;CA-QC;cadmium sludge from zinc electrolysis;;market for lead;0.0023118954952691386;kilogram;lead;0.0;technosphere;GLO;ecoinvent_cutoff_3.9_remind_SSP2-Base_2035;lead
38c2e043088b4ef7b7a335ebca9bc6d4;electricity production, at co-firing wood and coal power plant, 50-50;RER;electricity, high voltage;;market for lead;9.224999999999999e-10;kilogram;lead;;technosphere;GLO;ecoinvent_cutoff_3.9_remind_SSP2-Base_2035;lead
3a7571ce07f9f3b0e98ce7327184bb1c;transmission network construction, electricity, high voltage direct current subsea cable;RER;transmission network, electricity, high voltage direct current subsea cable;;market for lead;24900.0;kilogram;lead;0.0;technosphere;GLO;ecoinvent_cutoff_3.9_remind_SSP2-Base_2035;lead
3b1b49b49d6ef9e9f061e73fec6250d4;precious metal refinery construction;RoW;precious metal refinery;;market for lead;2704.1;kilogram;lead;0.0;technosphere;GLO;ecoinvent_cutoff_3.9_remind_SSP2-Base_2035;lead
3ed1ef270583470bb7e4a4d6b95ace34;electric installation, 560 kWp photovoltaic plant, at plant;CH;electric installation, 560 kWp photovoltaic plant, at plant;;market for lead;60.0;kilogram;lead;;technosphere;GLO;ecoinvent_cutoff_3.9_remind_SSP2-Base_2035;lead
4003c5e8f987dbc23e43966b5067c50b;maintenance, lorry 40 metric ton;CH;maintenance, lorry 40 metric ton;;market for lead;210.0;kilogram;lead;0.0;technosphere;GLO;ecoinvent_cutoff_3.9_remind_SSP2-Base_2035;lead
417c72ee750b34a31f246b9c56e0a819;maintenance, train, passenger, regional;CH;maintenance, train, passenger, regional;;market for lead;203.0;kilogram;lead;0.0;technosphere;GLO;ecoinvent_cutoff_3.9_remind_SSP2-Base_2035;lead
4194fc1f6cdb31fe0d962fb6aaa6c441;transmission network construction, electricity, high voltage direct current land cable;RER;transmission network, electricity, high voltage direct current land cable;;market for lead;14200.0;kilogram;lead;0.0;technosphere;GLO;ecoinvent_cutoff_3.9_remind_SSP2-Base_2035;lead
43b3b6ba138c4ec5b3989d85b331740c;photovoltaic panel, perovskite-Si-tandem, at plant;DE;photovoltaic panel, perovskite-Si-tandem, at plant;;market for lead;0.0016187;kilogram;lead;;technosphere;GLO;ecoinvent_cutoff_3.9_remind_SSP2-Base_2035;lead
43b3b6ba138c4ec5b3989d85b331740c;photovoltaic panel, perovskite-Si-tandem, at plant;DE;photovoltaic panel, perovskite-Si-tandem, at plant;;market for lead;0.000725;kilogram;lead;;technosphere;GLO;ecoinvent_cutoff_3.9_remind_SSP2-Base_2035;lead
469bff7f63fb65a8e344f747a530e62a;nuclear power plant construction, pressure water reactor 650MW;CA-QC;nuclear power plant, pressure water reactor, 650MW;;market for lead;20000.0;kilogram;lead;0.0;technosphere;GLO;ecoinvent_cutoff_3.9_remind_SSP2-Base_2035;lead
4b439dc4db0fe9812a74896df2db2b31;nuclear power plant construction, pressure water reactor 650MW;RoW;nuclear power plant, pressure water reactor, 650MW;;market for lead;20000.0;kilogram;lead;0.0;technosphere;GLO;ecoinvent_cutoff_3.9_remind_SSP2-Base_2035;lead
4c4f7ca9062f5f38fe7c02bd57ce2fbd;ceramic tile production;CH;ceramic tile;;market for lead;0.00665;kilogram;lead;0.0;technosphere;GLO;ecoinvent_cutoff_3.9_remind_SSP2-Base_2035;lead
4d5ee75fa4fc901d271eaf19770253b8;metallization paste production, back side;RoW;metallization paste, back side;;market for lead;0.0808;kilogram;lead;0.0;technosphere;GLO;ecoinvent_cutoff_3.9_remind_SSP2-Base_2035;lead
4d75e41300098c424d77cfb0481a7262;backlight production, for liquid crystal display;GLO;backlight, for liquid crystal display;;market for lead;0.00105644;kilogram;lead;0.0;technosphere;GLO;ecoinvent_cutoff_3.9_remind_SSP2-Base_2035;lead
4d75e41300098c424d77cfb0481a7262;backlight production, for liquid crystal display;GLO;backlight, for liquid crystal display;;market for lead in car shredder residue;-1.203879408947566e-09;kilogram;lead in car shredder residue;0.0;technosphere;CH;ecoinvent_cutoff_3.9_remind_SSP2-Base_2035;lead
4d75e41300098c424d77cfb0481a7262;backlight production, for liquid crystal display;GLO;backlight, for liquid crystal display;;market for lead in car shredder residue;-7.968712059105243e-08;kilogram;lead in car shredder residue;0.0;technosphere;RoW;ecoinvent_cutoff_3.9_remind_SSP2-Base_2035;lead
4de4bbe29836a790a95ad00d63974707;lorry production, 16 metric ton;RoW;lorry, 16 metric ton;;market for lead;73.62;kilogram;lead;0.0;technosphere;GLO;ecoinvent_cutoff_3.9_remind_SSP2-Base_2035;lead
4f29ab6009464f5ab8bfda18bcef7dc6;battery 50kW;RER;battery 50kW;;market for lead;29400.0;kilogram;lead;;technosphere;GLO;ecoinvent_cutoff_3.9_remind_SSP2-Base_2035;lead
4f6e12935b264d1891352f793b2565f8;inverter, Mont Soleil installation, at plant;CH;inverter, Mont Soleil installation, at plant;;market for lead;0.11;kilogram;lead;;technosphere;GLO;ecoinvent_cutoff_3.9_remind_SSP2-Base_2035;lead
4f9641c74b06e6014a05dfa682d8e61c;panel glass production, for cathode ray tube display;GLO;panel glass, for cathode ray tube display;;market for lead;0.077;kilogram;lead;0.0;technosphere;GLO;ecoinvent_cutoff_3.9_remind_SSP2-Base_2035;lead
52768e20c308e9b62f3e9c78d7b67f77;cable yarder production, truck-mounted;GLO;mobile cable yarder, truck-mounted, incl. processor;;market for lead;295.0;kilogram;lead;0.0;technosphere;GLO;ecoinvent_cutoff_3.9_remind_SSP2-Base_2035;lead
5367e00a48c6b150866aa31205f61c58;primary zinc production from concentrate;RoW;cadmium;;market for lead;0.0003384375232508047;kilogram;lead;0.0;technosphere;GLO;ecoinvent_cutoff_3.9_remind_SSP2-Base_2035;lead
5367e00a48c6b150866aa31205f61c58;primary zinc production from concentrate;RoW;cadmium;;market for lead concentrate;0.01768712288178285;kilogram;lead concentrate;0.0;technosphere;GLO;ecoinvent_cutoff_3.9_remind_SSP2-Base_2035;lead
53ad864358727b4ab16cc61de0b6e877;forwarder production;GLO;forwarder;;market for lead;76.9;kilogram;lead;0.0;technosphere;GLO;ecoinvent_cutoff_3.9_remind_SSP2-Base_2035;lead
54c4d94036d1e4d8e930bbe55332f066;locomotive production;RER;locomotive;;market for lead;263.0;kilogram;lead;0.0;technosphere;GLO;ecoinvent_cutoff_3.9_remind_SSP2-Base_2035;lead
5a532e5a6f1c8cf5e6a9c0b555cf2148;train production, passenger, regional;CH;train, passenger, regional;;market for lead;1450.0;kilogram;lead;0.0;technosphere;GLO;ecoinvent_cutoff_3.9_remind_SSP2-Base_2035;lead
5a6e0edde7c7adb5d248ed73b00e7376;purse seiner maintenance, steel;RoW;purse seiner maintenance, steel;;market for lead;0.14504504504504506;kilogram;lead;0.0;technosphere;GLO;ecoinvent_cutoff_3.9_remind_SSP2-Base_2035;lead
5a6e0edde7c7adb5d248ed73b00e7376;purse seiner maintenance, steel;RoW;purse seiner maintenance, steel;;market for lead in car shredder residue;-0.002158667133545165;kilogram;lead in car shredder residue;0.0;technosphere;CH;ecoinvent_cutoff_3.9_remind_SSP2-Base_2035;lead
5a6e0edde7c7adb5d248ed73b00e7376;purse seiner maintenance, steel;RoW;purse seiner maintenance, steel;;market for lead in car shredder residue;-0.14288637791149988;kilogram;lead in car shredder residue;0.0;technosphere;RoW;ecoinvent_cutoff_3.9_remind_SSP2-Base_2035;lead
5be614e4c2ef466c951276d1072d283b;photovoltaic laminate production, multi-Si wafer;APAC;photovoltaic laminate, multi-Si wafer;;market for lead;0.000725;kilogram;lead;;technosphere;GLO;ecoinvent_cutoff_3.9_remind_SSP2-Base_2035;lead
5e082046ca61643abb5a0db72cfce813;forestry harvester production;GLO;forestry harvester;;market for lead;86.0;kilogram;lead;0.0;technosphere;GLO;ecoinvent_cutoff_3.9_remind_SSP2-Base_2035;lead
608c2c44b8f2e70f869e831e6ffbad81;lorry production, with refrigeration machine, carbon dioxide, liquid as refrigerant, 16 metric ton;GLO;lorry with refrigeration machine, carbon dioxide, liquid as refrigerant, 16 metric ton;;market for lead;73.62;kilogram;lead;0.0;technosphere;GLO;ecoinvent_cutoff_3.9_remind_SSP2-Base_2035;lead
63ae766cf0e6ef18df54bd76466bf0d8;distribution network construction, electricity, low voltage;CH;distribution network, electricity, low voltage;;market for lead;2100.0;kilogram;lead;0.0;technosphere;GLO;ecoinvent_cutoff_3.9_remind_SSP2-Base_2035;lead
6610607cb5d4a6962fba1a1911431c0a;treatment of used purse seiner, wood;RLA;used purse seiner, wood;;market for lead in car shredder residue;-0.0032178914766099512;kilogram;lead in car shredder residue;0.0;technosphere;RoW;ecoinvent_cutoff_3.9_remind_SSP2-Base_2035;lead
667cd1d2b7f0e4e50c4db53a2042172c;tram production;RER;tram;;market for lead;64.1;kilogram;lead;0.0;technosphere;GLO;ecoinvent_cutoff_3.9_remind_SSP2-Base_2035;lead
67787c1e178d3e726df40ec75c0cb19f;capacitor production, film type, for through-hole mounting;GLO;capacitor, film type, for through-hole mounting;;market for lead;0.006068;kilogram;lead;0.0;technosphere;GLO;ecoinvent_cutoff_3.9_remind_SSP2-Base_2035;lead
68053091bc1ad58262235309f255beb8;electric parts production, heat and power co-generation unit, 160kW electrical;RoW;electric parts, heat and power co-generation unit, 160kW electrical;;market for lead;0.47;kilogram;lead;0.0;technosphere;GLO;ecoinvent_cutoff_3.9_remind_SSP2-Base_2035;lead
6816483bfa4623c1237d46282a641353;primary zinc production from concentrate;RoW;sulfur dioxide, liquid;;market for lead;3.58299933197451e-05;kilogram;lead;0.0;technosphere;GLO;ecoinvent_cutoff_3.9_remind_SSP2-Base_2035;lead
6816483bfa4623c1237d46282a641353;primary zinc production from concentrate;RoW;sulfur dioxide, liquid;;market for lead concentrate;0.0018725154604980212;kilogram;lead concentrate;0.0;technosphere;GLO;ecoinvent_cutoff_3.9_remind_SSP2-Base_2035;lead
6b3db7978c86c00954b8fb43ce7670be;maintenance, lorry 28 metric ton;RoW;maintenance, lorry 28 metric ton;;market for lead;210.0;kilogram;lead;0.0;technosphere;GLO;ecoinvent_cutoff_3.9_remind_SSP2-Base_2035;lead
6c631ceec320053f09da180d0b873429;maintenance, bus;CH;maintenance, bus;;market for lead;17.9;kilogram;lead;0.0;technosphere;GLO;ecoinvent_cutoff_3.9_remind_SSP2-Base_2035;lead
6c730a07f4e499fb18a69f8fabd7d62a;primary lead production from concentrate;GLO;sulfuric acid;;market for lead concentrate;0.1408422388587519;kilogram;lead concentrate;0.0;technosphere;GLO;ecoinvent_cutoff_3.9_remind_SSP2-Base_2035;lead
6c730a07f4e499fb18a69f8fabd7d62a;primary lead production from concentrate;GLO;sulfuric acid;;market for lead smelter slag;-0.032170820827139915;kilogram;lead smelter slag;0.0;technosphere;GLO;ecoinvent_cutoff_3.9_remind_SSP2-Base_2035;lead
70385b6906939453cf390376e22eee01;primary zinc production from concentrate;RoW;lead concentrate;;market for lead;0.00010284028616965004;kilogram;lead;0.0;technosphere;GLO;ecoinvent_cutoff_3.9_remind_SSP2-Base_2035;lead
70385b6906939453cf390376e22eee01;primary zinc production from concentrate;RoW;lead concentrate;;market for lead concentrate;0.005374548191963785;kilogram;lead concentrate;0.0;technosphere;GLO;ecoinvent_cutoff_3.9_remind_SSP2-Base_2035;lead
71e371ed63c6010084214ff385aa84bb;maintenance, bus;RoW;maintenance, bus;;market for lead;17.9;kilogram;lead;0.0;technosphere;GLO;ecoinvent_cutoff_3.9_remind_SSP2-Base_2035;lead
72a62a903cd7636fcd3f739bc874de27;primary zinc production from concentrate;RoW;indium rich leaching residues, from zinc production;;market for lead;1.1760990173656787e-06;kilogram;lead;0.0;technosphere;GLO;ecoinvent_cutoff_3.9_remind_SSP2-Base_2035;lead
72a62a903cd7636fcd3f739bc874de27;primary zinc production from concentrate;RoW;indium rich leaching residues, from zinc production;;market for lead concentrate;6.146424794001137e-05;kilogram;lead concentrate;0.0;technosphere;GLO;ecoinvent_cutoff_3.9_remind_SSP2-Base_2035;lead
745b75ac6f50fb908ce0e66270d25ce0;tractor production, 4-wheel, agricultural;CH;tractor, 4-wheel, agricultural;;market for lead;0.04;kilogram;lead;0.0;technosphere;GLO;ecoinvent_cutoff_3.9_remind_SSP2-Base_2035;lead
74e3dc4bf91d7bb39582cf906e8f968d;electric parts production, mini CHP plant;CH;electric parts, mini CHP plant;;market for lead;0.13;kilogram;lead;0.0;technosphere;GLO;ecoinvent_cutoff_3.9_remind_SSP2-Base_2035;lead
76f5a64ede0318f6128f4ae1089a574a;treatment of used purse seiner, steel;RoW;used purse seiner, steel;;market for lead in car shredder residue;-0.0002504528175213035;kilogram;lead in car shredder residue;0.0;technosphere;CH;ecoinvent_cutoff_3.9_remind_SSP2-Base_2035;lead
76f5a64ede0318f6128f4ae1089a574a;treatment of used purse seiner, steel;RoW;used purse seiner, steel;;market for lead in car shredder residue;-0.01657795932371347;kilogram;lead in car shredder residue;0.0;technosphere;RoW;ecoinvent_cutoff_3.9_remind_SSP2-Base_2035;lead
77a3ad60aeb2801b01a1f431765daf2d;wind power plant construction, 800kW, moving parts;GLO;wind power plant, 800kW, moving parts;;market for lead;0.5;kilogram;lead;0.0;technosphere;GLO;ecoinvent_cutoff_3.9_remind_SSP2-Base_2035;lead
77f7e7d18761fe31b0d2772a12879239;primary zinc production from concentrate;RoW;heat, from steam, in chemical industry;;market for lead;3.941356434027363e-06;kilogram;lead;0.0;technosphere;GLO;ecoinvent_cutoff_3.9_remind_SSP2-Base_2035;lead
77f7e7d18761fe31b0d2772a12879239;primary zinc production from concentrate;RoW;heat, from steam, in chemical industry;;market for lead concentrate;0.00020597968836300333;kilogram;lead concentrate;0.0;technosphere;GLO;ecoinvent_cutoff_3.9_remind_SSP2-Base_2035;lead
796115b3838e11b218d7bc64d7d2afa6;maintenance, motor scooter;RoW;maintenance, motor scooter;;market for lead;1.3;kilogram;lead;0.0;technosphere;GLO;ecoinvent_cutoff_3.9_remind_SSP2-Base_2035;lead
799e3d3083ef95830b1309a386dae4a9;harvester production;RoW;harvester;;market for lead;0.018;kilogram;lead;0.0;technosphere;GLO;ecoinvent_cutoff_3.9_remind_SSP2-Base_2035;lead
7a0a86de78837f2c15119f19510a76a2;treatment of used purse seiner, steel;RLA;used purse seiner, steel;;market for lead in car shredder residue;-0.01682841214123477;kilogram;lead in car shredder residue;0.0;technosphere;RoW;ecoinvent_cutoff_3.9_remind_SSP2-Base_2035;lead
7bfeea211974523053068b4bc6a876fd;light commercial vehicle production;RoW;light commercial vehicle;;market for lead;13.0;kilogram;lead;0.0;technosphere;GLO;ecoinvent_cutoff_3.9_remind_SSP2-Base_2035;lead
7d1e91c63d117037c075b46b947eb11f;wind power plant construction, 2MW, offshore, moving parts;GLO;wind power plant, 2MW, offshore, moving parts;;market for lead;0.5;kilogram;lead;0.0;technosphere;GLO;ecoinvent_cutoff_3.9_remind_SSP2-Base_2035;lead
7eaad144c08e24de0e2c1a0822bde079;microwave oven production;GLO;microwave oven;;market for lead;0.0012;kilogram;lead;0.0;technosphere;GLO;ecoinvent_cutoff_3.9_remind_SSP2-Base_2035;lead
7f2f678d60732dcf84e503054e2ed2e7;nuclear spent fuel reprocessing facility construction;RER;nuclear spent fuel reprocessing facility;;market for lead;40000.0;kilogram;lead;0.0;technosphere;GLO;ecoinvent_cutoff_3.9_remind_SSP2-Base_2035;lead
8311780013b1bafd8a33cf5072e04705;primary lead production from concentrate;GLO;lead;;market for lead concentrate;1.6632797731890703;kilogram;lead concentrate;0.0;technosphere;GLO;ecoinvent_cutoff_3.9_remind_SSP2-Base_2035;lead
8311780013b1bafd8a33cf5072e04705;primary lead production from concentrate;GLO;lead;;market for lead smelter slag;-0.3799220745300334;kilogram;lead smelter slag;0.0;technosphere;GLO;ecoinvent_cutoff_3.9_remind_SSP2-Base_2035;lead
83bc0c8a312755c1b24d8644ec6088cb;metallization paste production, front side;RoW;metallization paste, front side;;market for lead;0.0505;kilogram;lead;0.0;technosphere;GLO;ecoinvent_cutoff_3.9_remind_SSP2-Base_2035;lead
86638ae647db2058c3c4f374a210c4d8;chipper production, mobile, diesel;GLO;chipper, mobile, diesel;;market for lead;295.3;kilogram;lead;0.0;technosphere;GLO;ecoinvent_cutoff_3.9_remind_SSP2-Base_2035;lead
88c77cd46746a1b8f5d242d544df9055;ceramic tile production;RoW;ceramic tile;;market for lead;0.00665;kilogram;lead;0.0;technosphere;GLO;ecoinvent_cutoff_3.9_remind_SSP2-Base_2035;lead
8971c87467274769b0e710d2d7713892;electricity production, at lignite-fired IGCC power plant, pre, pipeline 200km, storage 1000m;RER;electricity, high voltage;;market for lead;1.936e-09;kilogram;lead;;technosphere;GLO;ecoinvent_cutoff_3.9_remind_SSP2-Base_2035;lead
8b0cb74dece71b043bc82ad3590f5036;transistor production, surface-mounted;GLO;transistor, surface-mounted;;market for lead;0.25578;kilogram;lead;0.0;technosphere;GLO;ecoinvent_cutoff_3.9_remind_SSP2-Base_2035;lead
8b8186279d63935c1f7f9caa1dcd2798;distribution network construction, electricity, low voltage;RoW;distribution network, electricity, low voltage;;market for lead;2100.0;kilogram;lead;0.0;technosphere;GLO;ecoinvent_cutoff_3.9_remind_SSP2-Base_2035;lead
8ebdcddc3b459d733b720f7fe6c403b7;primary zinc production from concentrate;RoW;cobalt;;market for lead;0.007252657514902412;kilogram;lead;0.0;technosphere;GLO;ecoinvent_cutoff_3.9_remind_SSP2-Base_2035;lead
8ebdcddc3b459d733b720f7fe6c403b7;primary zinc production from concentrate;RoW;cobalt;;market for lead concentrate;0.37903198041814595;kilogram;lead concentrate;0.0;technosphere;GLO;ecoinvent_cutoff_3.9_remind_SSP2-Base_2035;lead
8f00a6fc7f375a9fce6d8b033be2cb6d;tram production;RoW;tram;;market for lead;64.1;kilogram;lead;0.0;technosphere;GLO;ecoinvent_cutoff_3.9_remind_SSP2-Base_2035;lead
8fa156694364e777f2644328b0667057;maintenance, light commercial vehicle;RER;maintenance, light commercial vehicle;;market for lead;13.0;kilogram;lead;0.0;technosphere;GLO;ecoinvent_cutoff_3.9_remind_SSP2-Base_2035;lead
9110da84d4596597e5f256b699fd014f;maintenance, passenger car;RoW;passenger car maintenance;;market for lead;25.0;kilogram;lead;0.0;technosphere;GLO;ecoinvent_cutoff_3.9_remind_SSP2-Base_2035;lead
9232586383f35303b51e075bc52dce5e;metallization paste production, front side;RER;metallization paste, front side;;market for lead;0.0505;kilogram;lead;0.0;technosphere;GLO;ecoinvent_cutoff_3.9_remind_SSP2-Base_2035;lead
925039b1b66849df8d006226e4852157;photovoltaic laminate production, single-Si wafer;APAC;photovoltaic laminate, single-Si wafer;;market for lead;0.000725;kilogram;lead;;technosphere;GLO;ecoinvent_cutoff_3.9_remind_SSP2-Base_2035;lead
92b30321927c8b11b0649291f7963a77;frit production, for cathode ray tube display;GLO;frit, for cathode ray tube display;;market for lead;0.4125;kilogram;lead;0.0;technosphere;GLO;ecoinvent_cutoff_3.9_remind_SSP2-Base_2035;lead
944611a7709f45d28ebf6d15aa51f73f;battery 50kW;CH;battery 50kW;;market for lead;29400.0;kilogram;lead;;technosphere;GLO;ecoinvent_cutoff_3.9_remind_SSP2-Base_2035;lead
9c6911253a187b5b0e07aea0e0a08463;wind power plant construction, 2MW, offshore, fixed parts;GLO;wind power plant, 2MW, offshore, fixed parts;;market for lead;7580.0;kilogram;lead;0.0;technosphere;GLO;ecoinvent_cutoff_3.9_remind_SSP2-Base_2035;lead
9ccc9dbb04913877258dfdc5eed86a32;purse seiner maintenance, wood;RoW;purse seiner maintenance, wood;;market for lead;0.014434889434889435;kilogram;lead;0.0;technosphere;GLO;ecoinvent_cutoff_3.9_remind_SSP2-Base_2035;lead
9ccc9dbb04913877258dfdc5eed86a32;purse seiner maintenance, wood;RoW;purse seiner maintenance, wood;;market for lead in car shredder residue;-0.00021483065064219946;kilogram;lead in car shredder residue;0.0;technosphere;CH;ecoinvent_cutoff_3.9_remind_SSP2-Base_2035;lead
9ccc9dbb04913877258dfdc5eed86a32;purse seiner maintenance, wood;RoW;purse seiner maintenance, wood;;market for lead in car shredder residue;-0.014220058784247236;kilogram;lead in car shredder residue;0.0;technosphere;RoW;ecoinvent_cutoff_3.9_remind_SSP2-Base_2035;lead
9fedc4e746b4f68f9087307457b91065;locomotive production;RoW;locomotive;;market for lead;263.0;kilogram;lead;0.0;technosphere;GLO;ecoinvent_cutoff_3.9_remind_SSP2-Base_2035;lead
a344462f42ad9bfd317059c6a3e0e51f;primary zinc production from concentrate;RoW;ammonium sulfate;;market for lead;0.00010393433176719953;kilogram;lead;0.0;technosphere;GLO;ecoinvent_cutoff_3.9_remind_SSP2-Base_2035;lead
a344462f42ad9bfd317059c6a3e0e51f;primary zinc production from concentrate;RoW;ammonium sulfate;;market for lead concentrate;0.005431724236559145;kilogram;lead concentrate;0.0;technosphere;GLO;ecoinvent_cutoff_3.9_remind_SSP2-Base_2035;lead
a3d2de97db7b68ec37b24e8f8eeaf950;cable yarder production, trailer-mounted;GLO;mobile cable yarder, trailer-mounted;;market for lead;81.0;kilogram;lead;0.0;technosphere;GLO;ecoinvent_cutoff_3.9_remind_SSP2-Base_2035;lead
a4451955d215ca5f9c0330bd42eff2c2;maintenance, lorry 16 metric ton;CH;maintenance, lorry 16 metric ton;;market for lead;210.0;kilogram;lead;0.0;technosphere;GLO;ecoinvent_cutoff_3.9_remind_SSP2-Base_2035;lead
aa88e3ea68c940c7b366dd5ca034f377;construction, lignite IGCC power plant 450MW;RER;construction, lignite IGCC power plant 450MW;;market for lead;1780.0;kilogram;lead;;technosphere;GLO;ecoinvent_cutoff_3.9_remind_SSP2-Base_2035;lead
aadb2617bab02d4118bc3d813d2e6f4f;printed wiring board production, for surface mounting, Pb containing surface;GLO;printed wiring board, for surface mounting, Pb containing surface;;market for lead;0.0044526;kilogram;lead;0.0;technosphere;GLO;ecoinvent_cutoff_3.9_remind_SSP2-Base_2035;lead
ad5ec31382bd8fe3f8ce3a0b482b701f;metallization paste production, back side;RER;metallization paste, back side;;market for lead;0.0808;kilogram;lead;0.0;technosphere;GLO;ecoinvent_cutoff_3.9_remind_SSP2-Base_2035;lead
adaad7127b2f45cf874d407c20117655;photovoltaic panel production, multi-Si wafer;CN;photovoltaic panel, multi-Si wafer;;market for lead;0.000725;kilogram;lead;;technosphere;GLO;ecoinvent_cutoff_3.9_remind_SSP2-Base_2035;lead
adc3f1caef9ca67c554c9fd61ae75185;maintenance, lorry 40 metric ton;RoW;maintenance, lorry 40 metric ton;;market for lead;210.0;kilogram;lead;0.0;technosphere;GLO;ecoinvent_cutoff_3.9_remind_SSP2-Base_2035;lead
af7f1628b31d3b9949bfe72b1f7fd64f;light emitting diode production;GLO;light emitting diode;;market for lead;0.016328;kilogram;lead;0.0;technosphere;GLO;ecoinvent_cutoff_3.9_remind_SSP2-Base_2035;lead
b177a4be0fb83cd0e6d1129c7bd65dc0;purse seiner construction, steel;RoW;purse seiner, steel;;market for lead;0.016306685741153872;kilogram;lead;0.0;technosphere;GLO;ecoinvent_cutoff_3.9_remind_SSP2-Base_2035;lead
b20b436c03ba8e346c322f493a04b95b;frit production, for ceramic tile;GLO;frit, for ceramic tile;;market for lead;0.0852;kilogram;lead;0.0;technosphere;GLO;ecoinvent_cutoff_3.9_remind_SSP2-Base_2035;lead
b2289a29c7a44f3aa1ad3100c53c76c6;electricity production, at co-firing wood and coal power plant, 80-20;RER;electricity, high voltage;;market for lead;3.6899999999999997e-10;kilogram;lead;;technosphere;GLO;ecoinvent_cutoff_3.9_remind_SSP2-Base_2035;lead
bc912340fd00d1ed89f7033bd3c91d37;nuclear spent fuel reprocessing facility construction;RoW;nuclear spent fuel reprocessing facility;;market for lead;40000.0;kilogram;lead;0.0;technosphere;GLO;ecoinvent_cutoff_3.9_remind_SSP2-Base_2035;lead
bd9158bb6b9ee732259680127be479ef;glass production, for liquid crystal display;GLO;glass, for liquid crystal display;;market for lead in car shredder residue;-4.5130409065193885e-06;kilogram;lead in car shredder residue;0.0;technosphere;CH;ecoinvent_cutoff_3.9_remind_SSP2-Base_2035;lead
bd9158bb6b9ee732259680127be479ef;glass production, for liquid crystal display;GLO;glass, for liquid crystal display;;market for lead in car shredder residue;-0.0002987269590934806;kilogram;lead in car shredder residue;0.0;technosphere;RoW;ecoinvent_cutoff_3.9_remind_SSP2-Base_2035;lead
bdb80761a75941218fee787370b6f618;construction, hard coal IGCC power plant 450MW;RER;construction, hard coal IGCC power plant 450MW;;market for lead;1720.0;kilogram;lead;;technosphere;GLO;ecoinvent_cutoff_3.9_remind_SSP2-Base_2035;lead
c02ec52e29966b1a3541440bb3f94886;stirling heat and power co-generation unit construction, 3kW electrical, wood pellet, future;CH;stirling heat and power co-generation unit, 3kW electrical, wood pellet, future;;market for lead;0.12;kilogram;lead;0.0;technosphere;GLO;ecoinvent_cutoff_3.9_remind_SSP2-Base_2035;lead
c0e71315da729aa6929274169a68aade;maintenance, lorry 28 metric ton;CH;maintenance, lorry 28 metric ton;;market for lead;210.0;kilogram;lead;0.0;technosphere;GLO;ecoinvent_cutoff_3.9_remind_SSP2-Base_2035;lead
c1b0eb1edd64c936ac22a8ba75cc0c25;lorry production, 28 metric ton;RER;lorry, 28 metric ton;;market for lead;73.62;kilogram;lead;0.0;technosphere;GLO;ecoinvent_cutoff_3.9_remind_SSP2-Base_2035;lead
c28fea90ce64b01bee44487232ad77bf;primary zinc production from concentrate;RoW;zinc;;market for lead;0.0002844518553628619;kilogram;lead;0.0;technosphere;GLO;ecoinvent_cutoff_3.9_remind_SSP2-Base_2035;lead
c28fea90ce64b01bee44487232ad77bf;primary zinc production from concentrate;RoW;zinc;;market for lead concentrate;0.01486577159479345;kilogram;lead concentrate;0.0;technosphere;GLO;ecoinvent_cutoff_3.9_remind_SSP2-Base_2035;lead
c3439558f54fd00832a7e6663d02993b;control cabinet production, heat and power co-generation unit, 160kW electrical;RER;control cabinet, heat and power co-generation unit, 160kW electrical;;market for lead;0.76;kilogram;lead;0.0;technosphere;GLO;ecoinvent_cutoff_3.9_remind_SSP2-Base_2035;lead
c3619dead50f921c09eca97146704f87;maintenance, passenger car;RER;passenger car maintenance;;market for lead;25.0;kilogram;lead;0.0;technosphere;GLO;ecoinvent_cutoff_3.9_remind_SSP2-Base_2035;lead
c4923a6e86b52e0480cdb4eb391d709f;train production, passenger, regional;RoW;train, passenger, regional;;market for lead;1450.0;kilogram;lead;0.0;technosphere;GLO;ecoinvent_cutoff_3.9_remind_SSP2-Base_2035;lead
c5b310e0e815c0f6324fa9599d3b697c;diode production, glass-, for through-hole mounting;GLO;diode, glass-, for through-hole mounting;;market for lead;0.016328;kilogram;lead;0.0;technosphere;GLO;ecoinvent_cutoff_3.9_remind_SSP2-Base_2035;lead
c5c4fb1410cae3277ced20101dcfeda0;control cabinet production, heat and power co-generation unit, 160kW electrical;RoW;control cabinet, heat and power co-generation unit, 160kW electrical;;market for lead;0.76;kilogram;lead;0.0;technosphere;GLO;ecoinvent_cutoff_3.9_remind_SSP2-Base_2035;lead
c8dfa882022050b1beb105fc765660e6;treatment of used purse seiner, wood;RoW;used purse seiner, wood;;market for lead in car shredder residue;-4.789102976744753e-05;kilogram;lead in car shredder residue;0.0;technosphere;CH;ecoinvent_cutoff_3.9_remind_SSP2-Base_2035;lead
c8dfa882022050b1beb105fc765660e6;treatment of used purse seiner, wood;RoW;used purse seiner, wood;;market for lead in car shredder residue;-0.0031700004468425036;kilogram;lead in car shredder residue;0.0;technosphere;RoW;ecoinvent_cutoff_3.9_remind_SSP2-Base_2035;lead
cb6ca59a6bf12ed0f2930b6c85d6c218;skidder production;GLO;skidder;;market for lead;83.9;kilogram;lead;0.0;technosphere;GLO;ecoinvent_cutoff_3.9_remind_SSP2-Base_2035;lead
cc5b75cb08d8fc0b68cd5d20ce7f39ac;maintenance, light commercial vehicle;RoW;maintenance, light commercial vehicle;;market for lead;13.0;kilogram;lead;0.0;technosphere;GLO;ecoinvent_cutoff_3.9_remind_SSP2-Base_2035;lead
ce2d2aeb3e07aa4006b130d2895fc332;stirling heat and power co-generation unit construction, 3kW electrical, wood pellet, future;RoW;stirling heat and power co-generation unit, 3kW electrical, wood pellet, future;;market for lead;0.12;kilogram;lead;0.0;technosphere;GLO;ecoinvent_cutoff_3.9_remind_SSP2-Base_2035;lead
ce8a151d88ba8e7868f001d22a911780;precious metal refinery construction;SE;precious metal refinery;;market for lead;2704.1;kilogram;lead;0.0;technosphere;GLO;ecoinvent_cutoff_3.9_remind_SSP2-Base_2035;lead
ce9d3f1079011c9547a64c8d3c76adc7;primary zinc production from concentrate;RoW;sulfuric acid;;market for lead;1.7231218161404135e-05;kilogram;lead;0.0;technosphere;GLO;ecoinvent_cutoff_3.9_remind_SSP2-Base_2035;lead
ce9d3f1079011c9547a64c8d3c76adc7;primary zinc production from concentrate;RoW;sulfuric acid;;market for lead concentrate;0.000900522702376911;kilogram;lead concentrate;0.0;technosphere;GLO;ecoinvent_cutoff_3.9_remind_SSP2-Base_2035;lead
cfbe9145424cd4dfa22c1583095afbce;lorry production, 40 metric ton;RER;lorry, 40 metric ton;;market for lead;73.62;kilogram;lead;0.0;technosphere;GLO;ecoinvent_cutoff_3.9_remind_SSP2-Base_2035;lead
cff6b310b4d72657cb3dc4c02f951829;primary zinc production from concentrate;RoW;silver;;market for lead;0.08871542637311279;kilogram;lead;0.0;technosphere;GLO;ecoinvent_cutoff_3.9_remind_SSP2-Base_2035;lead
cff6b310b4d72657cb3dc4c02f951829;primary zinc production from concentrate;RoW;silver;;market for lead concentrate;4.636367246453882;kilogram;lead concentrate;0.0;technosphere;GLO;ecoinvent_cutoff_3.9_remind_SSP2-Base_2035;lead
d29a3c76daafe0067bd558661893f1f3;lorry production, 28 metric ton;RoW;lorry, 28 metric ton;;market for lead;73.62;kilogram;lead;0.0;technosphere;GLO;ecoinvent_cutoff_3.9_remind_SSP2-Base_2035;lead
d368bd0933c7848e92acbba2ec00be41;diode production, glass-, for surface-mounting;GLO;diode, glass-, for surface-mounting;;market for lead;0.008216;kilogram;lead;0.0;technosphere;GLO;ecoinvent_cutoff_3.9_remind_SSP2-Base_2035;lead
d452a083f085c449ca46d9726484f6bf;transistor production, wired, small size, through-hole mounting;GLO;transistor, wired, small size, through-hole mounting;;market for lead;0.25346;kilogram;lead;0.0;technosphere;GLO;ecoinvent_cutoff_3.9_remind_SSP2-Base_2035;lead
d7887c75c3e4127548a9caf0f4bac50a;primary zinc production from concentrate;RoW;gold;;market for lead;6.872901227929218;kilogram;lead;0.0;technosphere;GLO;ecoinvent_cutoff_3.9_remind_SSP2-Base_2035;lead
d7887c75c3e4127548a9caf0f4bac50a;primary zinc production from concentrate;RoW;gold;;market for lead concentrate;359.18549280558034;kilogram;lead concentrate;0.0;technosphere;GLO;ecoinvent_cutoff_3.9_remind_SSP2-Base_2035;lead
d82453d9c3d0740d26e7f83eb7bfd671;primary zinc production from concentrate;RoW;zinc monosulfate;;market for lead;0.00012882386911144993;kilogram;lead;0.0;technosphere;GLO;ecoinvent_cutoff_3.9_remind_SSP2-Base_2035;lead
d82453d9c3d0740d26e7f83eb7bfd671;primary zinc production from concentrate;RoW;zinc monosulfate;;market for lead concentrate;0.0067324792511035715;kilogram;lead concentrate;0.0;technosphere;GLO;ecoinvent_cutoff_3.9_remind_SSP2-Base_2035;lead
d83ed56ab9fbf680709cd635aaf0e0ba;purse seiner construction, wood;RoW;purse seiner, wood;;market for lead;0.0031991362332170316;kilogram;lead;0.0;technosphere;GLO;ecoinvent_cutoff_3.9_remind_SSP2-Base_2035;lead
dab934276d6983b4caa5528ccb20d1c8;compact fluorescent lamp production;GLO;compact fluorescent lamp;;market for lead;3.6e-05;kilogram;lead;0.0;technosphere;GLO;ecoinvent_cutoff_3.9_remind_SSP2-Base_2035;lead
dc91992c9ca73a1b03bc438c2819624e;purse seiner maintenance, steel;RLA;purse seiner maintenance, steel;;market for lead;0.14504504504504506;kilogram;lead;0.0;technosphere;GLO;ecoinvent_cutoff_3.9_remind_SSP2-Base_2035;lead
dc91992c9ca73a1b03bc438c2819624e;purse seiner maintenance, steel;RLA;purse seiner maintenance, steel;;market for lead in car shredder residue;-0.14504504504504506;kilogram;lead in car shredder residue;0.0;technosphere;RoW;ecoinvent_cutoff_3.9_remind_SSP2-Base_2035;lead
df3b7846473e9ff389b966887b405960;resistor production, surface-mounted;GLO;resistor, surface-mounted;;market for lead;0.005412;kilogram;lead;0.0;technosphere;GLO;ecoinvent_cutoff_3.9_remind_SSP2-Base_2035;lead
dfa7deeb48497b32800ae297d6f658a4;capacitor production, electrolyte type, < 2cm height;GLO;capacitor, electrolyte type, < 2cm height;;market for lead;4.884e-05;kilogram;lead;0.0;technosphere;GLO;ecoinvent_cutoff_3.9_remind_SSP2-Base_2035;lead
e18532a492e51323c846f08d16b248a9;inductor production, ring core choke type;GLO;inductor, ring core choke type;;market for lead;0.03774;kilogram;lead;0.0;technosphere;GLO;ecoinvent_cutoff_3.9_remind_SSP2-Base_2035;lead
e19f77d3bef04ab19e8bd0875c41c605;electricity production, at hard coal-fired IGCC power plant;RER;electricity, high voltage;;market for lead;1.8449999999999997e-09;kilogram;lead;;technosphere;GLO;ecoinvent_cutoff_3.9_remind_SSP2-Base_2035;lead
e44bd9e6678616d876f126232151867a;transistor production, wired, big size, through-hole mounting;GLO;transistor, wired, big size, through-hole mounting;;market for lead;0.21402;kilogram;lead;0.0;technosphere;GLO;ecoinvent_cutoff_3.9_remind_SSP2-Base_2035;lead
e48abae261d7818ee92f715693d06aeb;purse seiner construction, steel;RLA;purse seiner, steel;;market for lead;0.016306685741153872;kilogram;lead;0.0;technosphere;GLO;ecoinvent_cutoff_3.9_remind_SSP2-Base_2035;lead
e7435e51d9a9fe4b83bbef28729597e9;lorry production, 16 metric ton;RER;lorry, 16 metric ton;;market for lead;73.62;kilogram;lead;0.0;technosphere;GLO;ecoinvent_cutoff_3.9_remind_SSP2-Base_2035;lead
e883eef0fb87394fcbe126e37ef67a4d;purse seiner construction, wood;RLA;purse seiner, wood;;market for lead;0.0031991362332170316;kilogram;lead;0.0;technosphere;GLO;ecoinvent_cutoff_3.9_remind_SSP2-Base_2035;lead
e8a4bf6eab47234fd72e2dda013ee22e;primary zinc production from concentrate;RoW;copper concentrate, sulfide ore;;market for lead;0.0002298043662310962;kilogram;lead;0.0;technosphere;GLO;ecoinvent_cutoff_3.9_remind_SSP2-Base_2035;lead
e8a4bf6eab47234fd72e2dda013ee22e;primary zinc production from concentrate;RoW;copper concentrate, sulfide ore;;market for lead concentrate;0.012009832790578323;kilogram;lead concentrate;0.0;technosphere;GLO;ecoinvent_cutoff_3.9_remind_SSP2-Base_2035;lead
eb8e90990c77f3710bbe07cd2e866ba1;battery production, lead acid, rechargeable, stationary;US;battery, lead acid, rechargeable, stationary;;market for lead;0.71;kilogram;lead;0.0;technosphere;GLO;ecoinvent_cutoff_3.9_remind_SSP2-Base_2035;lead
ec0ae74eede2f9b127bbc8c4087a819c;battery production, lead acid, rechargeable, stationary;RoW;battery, lead acid, rechargeable, stationary;;market for lead;0.71;kilogram;lead;0.0;technosphere;GLO;ecoinvent_cutoff_3.9_remind_SSP2-Base_2035;lead
ecab02e6790e44db84885f6c1b948dc1;photovoltaic panel production, single-Si wafer;CN;photovoltaic panel, single-Si wafer;;market for lead;0.000725;kilogram;lead;;technosphere;GLO;ecoinvent_cutoff_3.9_remind_SSP2-Base_2035;lead
ecdbc114ea40e4f49905929ec4ad76ed;tractor production, 4-wheel, agricultural;RoW;tractor, 4-wheel, agricultural;;market for lead;0.04;kilogram;lead;0.0;technosphere;GLO;ecoinvent_cutoff_3.9_remind_SSP2-Base_2035;lead
eee13f09d392bf3af198e953c4ccadbc;electric parts production, mini CHP plant;RoW;electric parts, mini CHP plant;;market for lead;0.13;kilogram;lead;0.0;technosphere;GLO;ecoinvent_cutoff_3.9_remind_SSP2-Base_2035;lead
f28364ca3f134ad92edcce141e4e5097;wire drawing, steel;RER;wire drawing, steel;;market for lead;0.0012845;kilogram;lead;0.0;technosphere;GLO;ecoinvent_cutoff_3.9_remind_SSP2-Base_2035;lead
f4e937b282db41c3c93027705fc4e542;light commercial vehicle production;RER;light commercial vehicle;;market for lead;13.0;kilogram;lead;0.0;technosphere;GLO;ecoinvent_cutoff_3.9_remind_SSP2-Base_2035;lead
f6bde7a5eaf63fb87e29d578058c0f21;maintenance, train, passenger, regional;RoW;maintenance, train, passenger, regional;;market for lead;203.0;kilogram;lead;0.0;technosphere;GLO;ecoinvent_cutoff_3.9_remind_SSP2-Base_2035;lead
f748c66df5ea4132be835e8aa469ad66;photovoltaic panel production, single-Si wafer;APAC;photovoltaic panel, single-Si wafer;;market for lead;0.000725;kilogram;lead;;technosphere;GLO;ecoinvent_cutoff_3.9_remind_SSP2-Base_2035;lead
f77b9e03ac9944bbbcd0354f73392a6d;photovoltaic laminate production, single-Si wafer;CN;photovoltaic laminate, single-Si wafer;;market for lead;0.000725;kilogram;lead;;technosphere;GLO;ecoinvent_cutoff_3.9_remind_SSP2-Base_2035;lead
f8520578545d3fddf3ba28d562a6cd5d;integrated circuit production, logic type;GLO;integrated circuit, logic type;;market for lead;0.037;kilogram;lead;0.0;technosphere;GLO;ecoinvent_cutoff_3.9_remind_SSP2-Base_2035;lead
f876d623de3323d7873961a88ad43574;primary zinc production from concentrate;RoW;copper cake;;market for lead;0.0006641708909910761;kilogram;lead;0.0;technosphere;GLO;ecoinvent_cutoff_3.9_remind_SSP2-Base_2035;lead
f876d623de3323d7873961a88ad43574;primary zinc production from concentrate;RoW;copper cake;;market for lead concentrate;0.03471031241047364;kilogram;lead concentrate;0.0;technosphere;GLO;ecoinvent_cutoff_3.9_remind_SSP2-Base_2035;lead
f9aedfddfde4336bda343e418ddefe81;primary zinc production from concentrate;RoW;lead;;market for lead;0.00020349248114420116;kilogram;lead;0.0;technosphere;GLO;ecoinvent_cutoff_3.9_remind_SSP2-Base_2035;lead
f9aedfddfde4336bda343e418ddefe81;primary zinc production from concentrate;RoW;lead;;market for lead concentrate;0.010634744294736853;kilogram;lead concentrate;0.0;technosphere;GLO;ecoinvent_cutoff_3.9_remind_SSP2-Base_2035;lead
ff7400512ba12f010951c9d33ec1d34f;bus production;RER;bus;;market for lead;90.0;kilogram;lead;0.0;technosphere;GLO;ecoinvent_cutoff_3.9_remind_SSP2-Base_2035;lead
