code;name;location;reference product;categories;ex_name;ex_amount;ex_unit;ex_product;ex_production volume;ex_type;ex_location;database;material_group
0508e36d1fb6fc06f291fb30ce63078f;ferrochromium production, high-carbon, 68% Cr;RoW;ferrochromium, high-carbon, 68% Cr;;market for coke;16.8583333333333;megajoule;coke;0.0;technosphere;GLO;ecoinvent_cutoff_3.9_remind_SSP2-Base_2035;coke
05a872f7d7e38ddcc3371f3a049ea07c;sulfate pulp production, from eucalyptus, bleached;RoW;electricity, high voltage;;market for coke;0.0018360524728829191;megajoule;coke;0.0;technosphere;GLO;ecoinvent_cutoff_3.9_remind_SSP2-Base_2035;coke
06194b23a1bc9ae29b0a9db086672c63;aluminium production, primary, liquid, prebake;RoW;aluminium, primary, liquid;;market for coke;0.127;megajoule;coke;0.0;technosphere;GLO;ecoinvent_cutoff_3.9_remind_SSP2-Base_2035;coke
0ef2ffc41d6d83540304082916d5971d;calcium carbide production, technical grade;RER;calcium carbide, technical grade;;market for coke;17.9;megajoule;coke;0.0;technosphere;GLO;ecoinvent_cutoff_3.9_remind_SSP2-Base_2035;coke
1046162a2c99c9666a9894b9c03e3d81;strontium carbonate production;GLO;sodium sulfide;;market for coke;5.786620878265433;megajoule;coke;0.0;technosphere;GLO;ecoinvent_cutoff_3.9_remind_SSP2-Base_2035;coke
13b99e7de808fd95e21ae2133cd3d7b1;beet sugar production;RoW;sugar beet pulp;;market for coke;0.0034290109773261993;megajoule;coke;0.0;technosphere;GLO;ecoinvent_cutoff_3.9_remind_SSP2-Base_2035;coke
1a8bb2f0cea9523f383e2f6865b39529;beet sugar production;RoW;molasses, from sugar beet;;market for coke;0.001314883908598768;megajoule;coke;0.0;technosphere;GLO;ecoinvent_cutoff_3.9_remind_SSP2-Base_2035;coke
1b53453a5890967ff2becb7a73a6035d;aluminium production, primary, liquid, prebake;IAI Area, EU27 & EFTA;aluminium, primary, liquid;;market for coke;0.127;megajoule;coke;0.0;technosphere;GLO;ecoinvent_cutoff_3.9_remind_SSP2-Base_2035;coke
1b9ad2c01d6c544829c15baca61de0f6;cathode production, for aluminium electrolysis;RoW;cathode, for aluminium electrolysis;;market for coke;12.9;megajoule;coke;0.0;technosphere;GLO;ecoinvent_cutoff_3.9_remind_SSP2-Base_2035;coke
1ee6446bbd38a0cfe97bd049598bf259;steel production, electric, low-alloyed;RoW;heat, district or industrial, other than natural gas;;market for coke;7.617571553973961e-05;megajoule;coke;0.0;technosphere;GLO;ecoinvent_cutoff_3.9_remind_SSP2-Base_2035;coke
21dc39ae1c8e479e81315bf9e3bd4e02;silicon production, metallurgical grade;CN;silicon, metallurgical grade;;market for coke;23.12;megajoule;coke;;technosphere;GLO;ecoinvent_cutoff_3.9_remind_SSP2-Base_2035;coke
23234034409f549ce64cab10e015c3bf;steel production, converter, unalloyed;RoW;steel, unalloyed;;market for coke;0.000183215956619923;megajoule;coke;0.0;technosphere;GLO;ecoinvent_cutoff_3.9_remind_SSP2-Base_2035;coke
2548cd5666717219640834df4d2646ed;pig iron production;IN;pig iron;;market for coke;13.025;megajoule;coke;0.0;technosphere;GLO;ecoinvent_cutoff_3.9_remind_SSP2-Base_2035;coke
25ce66f4e0d68dd72de20680654f4b4e;steel production, converter, unalloyed;RER;steel, unalloyed;;market for coke;0.000183215956619923;megajoule;coke;0.0;technosphere;GLO;ecoinvent_cutoff_3.9_remind_SSP2-Base_2035;coke
2baa0deb3adc89dfe8cb89d5e078ba8d;steel production, electric, low-alloyed;IN;steel, low-alloyed;;market for coke;0.0123;megajoule;coke;0.0;technosphere;GLO;ecoinvent_cutoff_3.9_remind_SSP2-Base_2035;coke
2e9402d83daca1b3ee80182ca9269aa8;aluminium production, primary, liquid, prebake;IAI Area, Russia & RER w/o EU27 & EFTA;aluminium, primary, liquid;;market for coke;0.127;megajoule;coke;0.0;technosphere;GLO;ecoinvent_cutoff_3.9_remind_SSP2-Base_2035;coke
485659fac8b770b925867dcd45e584cc;ferrosilicon production;CN;ferrosilicon;;market for coke;28.0;megajoule;coke;0.0;technosphere;GLO;ecoinvent_cutoff_3.9_remind_SSP2-Base_2035;coke
4ac068ef4a20a0e71f6ad5f74ae8fd2b;maintenance, locomotive;RoW;maintenance, locomotive;;market for coke;2330.0;megajoule;coke;0.0;technosphere;GLO;ecoinvent_cutoff_3.9_remind_SSP2-Base_2035;coke
4b3d5c93ed01b2958ec96ae88734936e;aluminium production, primary, liquid, prebake;IAI Area, Africa;aluminium, primary, liquid;;market for coke;0.127;megajoule;coke;0.0;technosphere;GLO;ecoinvent_cutoff_3.9_remind_SSP2-Base_2035;coke
4fb8ae7c7146a26156cb4dda0871c1ce;iron sinter production;IN;iron sinter;;market for coke;1.102;megajoule;coke;0.0;technosphere;GLO;ecoinvent_cutoff_3.9_remind_SSP2-Base_2035;coke
50e12f4269bd138d3c1af86c677137e8;stone wool production;RoW;stone wool;;market for coke;5.2453;megajoule;coke;0.0;technosphere;GLO;ecoinvent_cutoff_3.9_remind_SSP2-Base_2035;coke
534641c4d810766da1a17505f1be90aa;aluminium production, primary, liquid, Söderberg;IAI Area, EU27 & EFTA;aluminium, primary, liquid;;market for coke;0.127;megajoule;coke;0.0;technosphere;GLO;ecoinvent_cutoff_3.9_remind_SSP2-Base_2035;coke
54c6f4a052ea4e92911cf0cd082dc9db;silicon production, metallurgical grade;APAC;silicon, metallurgical grade;;market for coke;23.12;megajoule;coke;;technosphere;GLO;ecoinvent_cutoff_3.9_remind_SSP2-Base_2035;coke
56dec059b1970e757d332b54b28a6ce5;aluminium production, primary, liquid, prebake;IAI Area, Gulf Cooperation Council;aluminium, primary, liquid;;market for coke;0.127;megajoule;coke;0.0;technosphere;GLO;ecoinvent_cutoff_3.9_remind_SSP2-Base_2035;coke
57a5cf666e1e937a7a25282c4e7af37c;iron pellet production;IN;iron pellet;;market for coke;0.27;megajoule;coke;0.0;technosphere;GLO;ecoinvent_cutoff_3.9_remind_SSP2-Base_2035;coke
5cc36cae5c89f3e7b3a387ce19d0ebc0;heat production, at coal coke industrial furnace 1-10MW;RoW;heat, district or industrial, other than natural gas;;market for coke;1.249925;megajoule;coke;0.0;technosphere;GLO;ecoinvent_cutoff_3.9_remind_SSP2-Base_2035;coke
60a99950690577d8feea1ad26f8c9821;ferrosilicon production;RoW;ferrosilicon;;market for coke;28.0;megajoule;coke;0.0;technosphere;GLO;ecoinvent_cutoff_3.9_remind_SSP2-Base_2035;coke
631d293d2350270d3bf382c556690096;aluminium production, primary, liquid, prebake;CN;aluminium, primary, liquid;;market for coke;0.127;megajoule;coke;0.0;technosphere;GLO;ecoinvent_cutoff_3.9_remind_SSP2-Base_2035;coke
63b85144f4d422e22eadc639c413c7f8;beet sugar production;CH;sugar beet pulp;;market for coke;0.003429010977326192;megajoule;coke;0.0;technosphere;GLO;ecoinvent_cutoff_3.9_remind_SSP2-Base_2035;coke
6b19e326540f1abca3e1abb9c88691ab;heat production, at coal coke industrial furnace 1-10MW;CA-QC;heat, district or industrial, other than natural gas;;market for coke;1.249925;megajoule;coke;0.0;technosphere;GLO;ecoinvent_cutoff_3.9_remind_SSP2-Base_2035;coke
6f744ca20bb05503e5ff424212f6377d;aluminium production, primary, liquid, Söderberg;IAI Area, Russia & RER w/o EU27 & EFTA;aluminium, primary, liquid;;market for coke;0.127;megajoule;coke;0.0;technosphere;GLO;ecoinvent_cutoff_3.9_remind_SSP2-Base_2035;coke
7486fd18c51155e1e43ad5279baeec41;quicklime production, in pieces, loose;RoW;quicklime, in pieces, loose;;market for coke;0.0007464;megajoule;coke;0.0;technosphere;GLO;ecoinvent_cutoff_3.9_remind_SSP2-Base_2035;coke
7bd3ef723dd131e9cee21c6ae7376adb;aluminium production, primary, liquid, prebake;UN-OCEANIA;aluminium, primary, liquid;;market for coke;0.127;megajoule;coke;0.0;technosphere;GLO;ecoinvent_cutoff_3.9_remind_SSP2-Base_2035;coke
80d64abcff6f8f5c83267d995c5abb82;aluminium production, primary, liquid, prebake;CA;aluminium, primary, liquid;;market for coke;0.127;megajoule;coke;0.0;technosphere;GLO;ecoinvent_cutoff_3.9_remind_SSP2-Base_2035;coke
82ddf7405be5c3f6033ebd55e303ccdd;barium carbonate production;GLO;barium carbonate;;market for coke;5.25633643331192;megajoule;coke;0.0;technosphere;GLO;ecoinvent_cutoff_3.9_remind_SSP2-Base_2035;coke
83237c344c83adaa165667c3a0b7126f;stone wool production;CH;stone wool;;market for coke;5.2453;megajoule;coke;0.0;technosphere;GLO;ecoinvent_cutoff_3.9_remind_SSP2-Base_2035;coke
83e637350701f3dffff804f6b684ddae;maintenance, locomotive;RER;maintenance, locomotive;;market for coke;2330.0;megajoule;coke;0.0;technosphere;GLO;ecoinvent_cutoff_3.9_remind_SSP2-Base_2035;coke
8677d457c240458671eb24e60d9e86ce;barium sulfide production;GLO;barium sulfide;;market for coke;4.936594536;megajoule;coke;0.0;technosphere;GLO;ecoinvent_cutoff_3.9_remind_SSP2-Base_2035;coke
8996f8b5c7bdb1b9df7f7e1f2d04a53c;silicon production, metallurgical grade;RoW;silicon, metallurgical grade;;market for coke;23.12;megajoule;coke;0.0;technosphere;GLO;ecoinvent_cutoff_3.9_remind_SSP2-Base_2035;coke
89cb4e1a47b707fe43b99135b81fcaba;steel production, converter, low-alloyed;RER;steel, low-alloyed;;market for coke;0.000183215956619923;megajoule;coke;0.0;technosphere;GLO;ecoinvent_cutoff_3.9_remind_SSP2-Base_2035;coke
8bac6d54d7618b4f7fbe9f141c2995f9;aluminium production, primary, liquid, prebake;IAI Area, South America;aluminium, primary, liquid;;market for coke;0.127;megajoule;coke;0.0;technosphere;GLO;ecoinvent_cutoff_3.9_remind_SSP2-Base_2035;coke
901e7b05f4414d5c45db9a33228052d9;pig iron production;RoW;pig iron;;market for coke;9.724;megajoule;coke;0.0;technosphere;GLO;ecoinvent_cutoff_3.9_remind_SSP2-Base_2035;coke
93a6c204f49f6d17840cc263d2771193;heat production, hard coal coke, stove 5-15kW;Europe without Switzerland;heat, central or small-scale, other than natural gas;;market for coke;1.43;megajoule;coke;0.0;technosphere;GLO;ecoinvent_cutoff_3.9_remind_SSP2-Base_2035;coke
960951e8c699b0a8323a7383df1e46fa;beet sugar production;CH;sugar, from sugar beet;;market for coke;0.011240968316648269;megajoule;coke;0.0;technosphere;GLO;ecoinvent_cutoff_3.9_remind_SSP2-Base_2035;coke
983cdb4d5c672e5cf56d6e3db5fe1413;sulfate pulp production, from eucalyptus, bleached;RoW;heat, district or industrial, other than natural gas;;market for coke;9.394468486250935e-05;megajoule;coke;0.0;technosphere;GLO;ecoinvent_cutoff_3.9_remind_SSP2-Base_2035;coke
99c1d8bf5fd31ffcfb85e20d0f49e7f2;sulfate pulp production, from eucalyptus, bleached;RER;sulfate pulp, bleached;;market for coke;0.06240451563401406;megajoule;coke;0.0;technosphere;GLO;ecoinvent_cutoff_3.9_remind_SSP2-Base_2035;coke
a2fe983d8f1da3f25a9c2c29efa381dd;aluminium production, primary, liquid, Söderberg;IAI Area, Asia, without China and GCC;aluminium, primary, liquid;;market for coke;0.127;megajoule;coke;0.0;technosphere;GLO;ecoinvent_cutoff_3.9_remind_SSP2-Base_2035;coke
a8132557ecd013681c3b9d1af4e5003f;sulfate pulp production, from eucalyptus, bleached;RER;electricity, high voltage;;market for coke;0.017174425851952602;megajoule;coke;0.0;technosphere;GLO;ecoinvent_cutoff_3.9_remind_SSP2-Base_2035;coke
b7f7f1a837a30ee87f0934066fd1fe9f;graphite production, battery grade;RoW;graphite, battery grade;;market for coke;40.0;megajoule;coke;0.0;technosphere;GLO;ecoinvent_cutoff_3.9_remind_SSP2-Base_2035;coke
b8e3a41000ae075b831d132dc0417b5f;pig iron production;RER;pig iron;;market for coke;9.724;megajoule;coke;0.0;technosphere;GLO;ecoinvent_cutoff_3.9_remind_SSP2-Base_2035;coke
bb3d497804a78746699aa2a905be0ffb;steel production, converter, low-alloyed;IN;steel, low-alloyed;;market for coke;0.00081;megajoule;coke;0.0;technosphere;GLO;ecoinvent_cutoff_3.9_remind_SSP2-Base_2035;coke
c00f0b595aaa58928fac8b6eade9a064;ferrochromium production, high-carbon, 68% Cr;KZ;ferrochromium, high-carbon, 68% Cr;;market for coke;16.8583333333333;megajoule;coke;0.0;technosphere;GLO;ecoinvent_cutoff_3.9_remind_SSP2-Base_2035;coke
c652b590ff3ae7a9260e130e69f01b48;aluminium production, primary, liquid, Söderberg;RoW;aluminium, primary, liquid;;market for coke;0.127;megajoule;coke;0.0;technosphere;GLO;ecoinvent_cutoff_3.9_remind_SSP2-Base_2035;coke
c7267ffe66dd69be0861ae656edead3e;beet sugar production;RoW;sugar, from sugar beet;;market for coke;0.011240968316648293;megajoule;coke;0.0;technosphere;GLO;ecoinvent_cutoff_3.9_remind_SSP2-Base_2035;coke
ca390c69a73fdc113145b9c9f10fede7;graphite production, battery grade;CN;graphite, battery grade;;market for coke;40.0;megajoule;coke;0.0;technosphere;GLO;ecoinvent_cutoff_3.9_remind_SSP2-Base_2035;coke
ca47ba34f37563e562134fea0050ea36;aluminium production, primary, liquid, prebake;IAI Area, Asia, without China and GCC;aluminium, primary, liquid;;market for coke;0.127;megajoule;coke;0.0;technosphere;GLO;ecoinvent_cutoff_3.9_remind_SSP2-Base_2035;coke
cd9559775aa33f21ab1f584b2f1727e6;silicon production, metallurgical grade;NO;silicon, metallurgical grade;;market for coke;23.12;megajoule;coke;0.0;technosphere;GLO;ecoinvent_cutoff_3.9_remind_SSP2-Base_2035;coke
d4acfa901da236976977fa51ebf8b604;sulfate pulp production, from eucalyptus, bleached;RoW;sulfate pulp, bleached;;market for coke;0.006416580425036727;megajoule;coke;0.0;technosphere;GLO;ecoinvent_cutoff_3.9_remind_SSP2-Base_2035;coke
d519398c9d973f380b5f3b71fa968183;boron carbide production;GLO;boron carbide;;market for coke;1.4987;megajoule;coke;0.0;technosphere;GLO;ecoinvent_cutoff_3.9_remind_SSP2-Base_2035;coke
d613e4733a8d06417677b1e2b87e4cba;beet sugar production;CH;molasses, from sugar beet;;market for coke;0.0013148839085987652;megajoule;coke;0.0;technosphere;GLO;ecoinvent_cutoff_3.9_remind_SSP2-Base_2035;coke
d7de137391f0a1cbc7f77d807dd37844;calcium carbide production, technical grade;RoW;calcium carbide, technical grade;;market for coke;17.9;megajoule;coke;0.0;technosphere;GLO;ecoinvent_cutoff_3.9_remind_SSP2-Base_2035;coke
e03b7ad637754f2db38d6d0ac80d98a3;silicon production, metallurgical grade;US;silicon, metallurgical grade;;market for coke;23.12;megajoule;coke;;technosphere;GLO;ecoinvent_cutoff_3.9_remind_SSP2-Base_2035;coke
e178b3944435bcabc0a57867078e5285;heat production, hard coal coke, stove 5-15kW;RoW;heat, central or small-scale, other than natural gas;;market for coke;1.43;megajoule;coke;0.0;technosphere;GLO;ecoinvent_cutoff_3.9_remind_SSP2-Base_2035;coke
e3c05ff080b6fbdc20e3802848dbc45a;quicklime production, in pieces, loose;CA-QC;quicklime, in pieces, loose;;market for coke;0.168;megajoule;coke;0.0;technosphere;GLO;ecoinvent_cutoff_3.9_remind_SSP2-Base_2035;coke
e60348a174eda1627166de36cf230d13;steel production, converter, low-alloyed;RoW;steel, low-alloyed;;market for coke;0.000183215956619923;megajoule;coke;0.0;technosphere;GLO;ecoinvent_cutoff_3.9_remind_SSP2-Base_2035;coke
e7701184d9b60f4ef1318f7bd64967cf;iron sinter production;RER;iron sinter;;market for coke;1.2766;megajoule;coke;0.0;technosphere;GLO;ecoinvent_cutoff_3.9_remind_SSP2-Base_2035;coke
ec857d1ca6857c6f90e492b7da0f1de1;steel production, electric, low-alloyed;RoW;steel, low-alloyed;;market for coke;0.003363229704962088;megajoule;coke;0.0;technosphere;GLO;ecoinvent_cutoff_3.9_remind_SSP2-Base_2035;coke
edda8161b904993148067ec6f571ec6a;aluminium production, primary, liquid, Söderberg;IAI Area, South America;aluminium, primary, liquid;;market for coke;0.127;megajoule;coke;0.0;technosphere;GLO;ecoinvent_cutoff_3.9_remind_SSP2-Base_2035;coke
f5d3fe07b43bff6546d502c44cb01bd3;cathode production, for aluminium electrolysis;RER;cathode, for aluminium electrolysis;;market for coke;12.9;megajoule;coke;0.0;technosphere;GLO;ecoinvent_cutoff_3.9_remind_SSP2-Base_2035;coke
f7b35670efbfe1966835b4bf2ef9b7ab;strontium carbonate production;GLO;strontium carbonate;;market for coke;4.055018418481459;megajoule;coke;0.0;technosphere;GLO;ecoinvent_cutoff_3.9_remind_SSP2-Base_2035;coke
f91947261df12e49ce0382079f4cfb92;iron sinter production;RoW;iron sinter;;market for coke;1.2766;megajoule;coke;0.0;technosphere;GLO;ecoinvent_cutoff_3.9_remind_SSP2-Base_2035;coke
