code;name;location;reference product;categories;ex_name;ex_amount;ex_unit;ex_product;ex_production volume;ex_type;ex_location;database;material_group
01aac916a13dc35e8ae7abd6e4d43029;petrol production, unleaded, petroleum refinery operation;IN;petrol, unleaded;;market for nickel, class 1;2.973284820637474e-06;kilogram;nickel, class 1;0.0;technosphere;GLO;ecoinvent_cutoff_3.9_remind_SSP2-Base_2035;nickel
02411f4d0c231829b12f15aeb0b08ba4;aircraft production, passenger aircraft, short haul;GLO;aircraft, passenger, short haul;;market for nickel, class 1;1039.926074;kilogram;nickel, class 1;0.0;technosphere;GLO;ecoinvent_cutoff_3.9_remind_SSP2-Base_2035;nickel
02fbdebc28ae8a5bf87f167e0797c8da;biomethane production, high pressure from synthetic gas, wood, fluidised technology;CH;biomethane, high pressure;;market for nickel, class 1;4.2942e-10;kilogram;nickel, class 1;0.0;technosphere;GLO;ecoinvent_cutoff_3.9_remind_SSP2-Base_2035;nickel
03e6653a444c6bc27f2d240b19209b05;selective coating, aluminium sheet, nickel pigmented aluminium oxide;SK;selective coat, aluminium sheet, nickel pigmented aluminium oxide;;market for nickel, class 1;0.0218;kilogram;nickel, class 1;0.0;technosphere;GLO;ecoinvent_cutoff_3.9_remind_SSP2-Base_2035;nickel
04170db00e332b6123256889476df913;photovoltaic laminate production, single-Si wafer;RER;photovoltaic laminate, single-Si wafer;;market for nickel, class 1;0.00016277;kilogram;nickel, class 1;0.0;technosphere;GLO;ecoinvent_cutoff_3.9_remind_SSP2-Base_2035;nickel
04aac4a87adccee3da87aa7fc33a96d3;pitch production, petroleum refinery operation;RoW;pitch;;market for nickel, class 1;2.3003796806458544e-08;kilogram;nickel, class 1;0.0;technosphere;GLO;ecoinvent_cutoff_3.9_remind_SSP2-Base_2035;nickel
0508e36d1fb6fc06f291fb30ce63078f;ferrochromium production, high-carbon, 68% Cr;RoW;ferrochromium, high-carbon, 68% Cr;;market for nickel smelter slag;-1.35;kilogram;nickel smelter slag;0.0;technosphere;GLO;ecoinvent_cutoff_3.9_remind_SSP2-Base_2035;nickel
05c7c035fcfc170c9a0b18c36a7b7de3;reformate production, petroleum refinery operation;RoW;reformate;;market for nickel, class 1;3.229067882604621e-07;kilogram;nickel, class 1;0.0;technosphere;GLO;ecoinvent_cutoff_3.9_remind_SSP2-Base_2035;nickel
061dddaa15bf0b3c4bbb96af17631ef3;sulfur production, petroleum refinery operation;PE;sulfur;;market for nickel, class 1;2.209310185852419e-08;kilogram;nickel, class 1;0.0;technosphere;GLO;ecoinvent_cutoff_3.9_remind_SSP2-Base_2035;nickel
07be79e7c5655cfd71215697f60b9423;cobalt production;GLO;cobalt hydroxide;;market for nickel smelter slag;-10.52470017267238;kilogram;nickel smelter slag;0.0;technosphere;GLO;ecoinvent_cutoff_3.9_remind_SSP2-Base_2035;nickel
07d5c4f2c1fe45d7a7594c3a7078a83f;ammonia production, steam reforming, liquid;SAS;ammonia, anhydrous, liquid;;market for nickel, class 1;0.00035;kilogram;nickel, class 1;0.0;technosphere;GLO;ecoinvent_cutoff_3.9_remind_SSP2-Base_2035;nickel
08686d8891e551d760f8a1e7d89b00fa;petroleum coke production, petroleum refinery operation;RoW;petroleum coke;;market for nickel, class 1;6.770126216625545e-09;kilogram;nickel, class 1;0.0;technosphere;GLO;ecoinvent_cutoff_3.9_remind_SSP2-Base_2035;nickel
08fe146c9008145ed4cbaf76bdfb20f9;photovoltaic laminate production, single-Si wafer;RoW;photovoltaic laminate, single-Si wafer;;market for nickel, class 1;0.00016277;kilogram;nickel, class 1;0.0;technosphere;GLO;ecoinvent_cutoff_3.9_remind_SSP2-Base_2035;nickel
09754001c805c6e75ec5ece72cf43a49;heavy fuel oil production, petroleum refinery operation;Europe without Switzerland;heavy fuel oil;;market for nickel, class 1;1.777279477424566e-07;kilogram;nickel, class 1;0.0;technosphere;GLO;ecoinvent_cutoff_3.9_remind_SSP2-Base_2035;nickel
0abc52f531594c388c18f57b07393138;pressure vessel with internals EPR;RER;pressure vessel with internals EPR;;market for nickel, class 1;225.0;kilogram;nickel, class 1;;technosphere;GLO;ecoinvent_cutoff_3.9_remind_SSP2-Base_2035;nickel
0b4ca2937ae1de8f08ee451503a20be6;selective coating, copper sheet, black majic;RoW;selective coat, copper sheet, black majic;;market for nickel, class 1;0.023723;kilogram;nickel, class 1;0.0;technosphere;GLO;ecoinvent_cutoff_3.9_remind_SSP2-Base_2035;nickel
0c3c6e493e1d3bb364f28be10a811647;aircraft production, dedicated freight aircraft, long haul;GLO;aircraft, dedicated freight, long haul;;market for nickel, class 1;3232.006074;kilogram;nickel, class 1;0.0;technosphere;GLO;ecoinvent_cutoff_3.9_remind_SSP2-Base_2035;nickel
10217b3ee7d4bc5d4000500116b0c884;electricity production, medium voltage, petroleum refinery operation;IN;electricity, medium voltage;;market for nickel, class 1;2.1337710646136374e-07;kilogram;nickel, class 1;0.0;technosphere;GLO;ecoinvent_cutoff_3.9_remind_SSP2-Base_2035;nickel
116aaf86420c04e11a8533e16470a2f7;cobalt production;GLO;zinc sulfide;;market for nickel smelter slag;-0.41266943084174307;kilogram;nickel smelter slag;0.0;technosphere;GLO;ecoinvent_cutoff_3.9_remind_SSP2-Base_2035;nickel
1174af7761ed932d3364879ff9049082;base oil production, petroleum refinery operation;BR;base oil;;market for nickel, class 1;1.5283766347652308e-07;kilogram;nickel, class 1;0.0;technosphere;GLO;ecoinvent_cutoff_3.9_remind_SSP2-Base_2035;nickel
127c792bdb14e9f307bd6a8329a98009;platinum group metal mine operation, ore with high palladium content;RU;platinum;;market for nickel smelter slag;-17424.966165970003;kilogram;nickel smelter slag;0.0;technosphere;GLO;ecoinvent_cutoff_3.9_remind_SSP2-Base_2035;nickel
13219b5df47924a337ae7c01fde7108f;cobalt production;GLO;electrolyte, copper-rich;;market for nickel smelter slag;-1.466293377533535;kilogram;nickel smelter slag;0.0;technosphere;GLO;ecoinvent_cutoff_3.9_remind_SSP2-Base_2035;nickel
13a896c21756401bb7b1dbc2604ca111;hydrogen production, auto-thermal reforming, from biomethane, 25 bar;CH;hydrogen, gaseous, 25 bar;;market for nickel, class 1;0.00020292014459767036;kilogram;nickel, class 1;;technosphere;GLO;ecoinvent_cutoff_3.9_remind_SSP2-Base_2035;nickel
13b0c001f1488143a21971f7c60a92e2;cobalt production;GLO;cobalt acetate;;market for nickel smelter slag;-2.956323516236977;kilogram;nickel smelter slag;0.0;technosphere;GLO;ecoinvent_cutoff_3.9_remind_SSP2-Base_2035;nickel
13e56a6f7aafd91f8a4afc12e6039625;electricity production, medium voltage, petroleum refinery operation;CO;electricity, medium voltage;;market for nickel, class 1;2.1166043018284466e-07;kilogram;nickel, class 1;0.0;technosphere;GLO;ecoinvent_cutoff_3.9_remind_SSP2-Base_2035;nickel
1429b3eb3a03fef567aa47e10de73d4c;ammonia production, steam reforming, liquid;RU;ammonia, anhydrous, liquid;;market for nickel, class 1;0.00035;kilogram;nickel, class 1;0.0;technosphere;GLO;ecoinvent_cutoff_3.9_remind_SSP2-Base_2035;nickel
1463cc2a4ee4765d5b8a42965cddaa15;aircraft production, dedicated freight aircraft, medium haul;GLO;aircraft, dedicated freight, medium haul;;market for nickel, class 1;2773.19765;kilogram;nickel, class 1;0.0;technosphere;GLO;ecoinvent_cutoff_3.9_remind_SSP2-Base_2035;nickel
150b397edcfec8bcd28b5cb75b48b303;photovoltaic laminate production, ribbon-Si;RER;photovoltaic laminate, ribbon-Si;;market for nickel, class 1;0.00016277;kilogram;nickel, class 1;0.0;technosphere;GLO;ecoinvent_cutoff_3.9_remind_SSP2-Base_2035;nickel
15af1f221b5dc1c7b466cf1a097afec8;hydrogen production, steam reforming;RER;hydrogen, gaseous;;market for nickel, class 1;0.00020292014459767;kilogram;nickel, class 1;0.0;technosphere;GLO;ecoinvent_cutoff_3.9_remind_SSP2-Base_2035;nickel
15caf5d2e6b7d6ee58b965adcfcf208b;white spirit production, petroleum refinery operation;RoW;white spirit;;market for nickel, class 1;4.971397970677084e-07;kilogram;nickel, class 1;0.0;technosphere;GLO;ecoinvent_cutoff_3.9_remind_SSP2-Base_2035;nickel
15f475a53c59ef4224074301545d86ab;photovoltaic laminate production, multi-Si wafer;RoW;photovoltaic laminate, multi-Si wafer;;market for nickel, class 1;0.00016277;kilogram;nickel, class 1;0.0;technosphere;GLO;ecoinvent_cutoff_3.9_remind_SSP2-Base_2035;nickel
160607bda9c3fb37a0a46f09b4fec688;white spirit production, petroleum refinery operation;Europe without Switzerland;white spirit;;market for nickel, class 1;4.971397970677084e-07;kilogram;nickel, class 1;0.0;technosphere;GLO;ecoinvent_cutoff_3.9_remind_SSP2-Base_2035;nickel
16ba770e083748fef88378303f499023;light fuel oil production, petroleum refinery operation;IN;light fuel oil;;market for nickel, class 1;1.1710783334114848e-06;kilogram;nickel, class 1;0.0;technosphere;GLO;ecoinvent_cutoff_3.9_remind_SSP2-Base_2035;nickel
18d67af4bc204ca94978438e14a2d92c;diesel production, low-sulfur, petroleum refinery operation;PE;diesel, low-sulfur;;market for nickel, class 1;1.8077826942843377e-06;kilogram;nickel, class 1;0.0;technosphere;GLO;ecoinvent_cutoff_3.9_remind_SSP2-Base_2035;nickel
1963138afdeae04c00eb3b67250c59fe;nickel concentrate, 16% Ni to generic market for nickel-rich materials;GLO;nickel-rich materials;;market for nickel concentrate, 16% Ni;6.25;kilogram;nickel concentrate, 16% Ni;0.0;technosphere;GLO;ecoinvent_cutoff_3.9_remind_SSP2-Base_2035;nickel
19e3a33dc6419132bb85664a7a61c108;NMC811 hydroxide production, for Li-ion battery;RoW;sodium sulfate, anhydrite;;market for nickel sulfate;0.03451248126606507;kilogram;nickel sulfate;0.0;technosphere;GLO;ecoinvent_cutoff_3.9_remind_SSP2-Base_2035;nickel
1b227be608b04d2a6aeece299b5f8d58;methylcyclohexane production;RER;methylcyclohexane;;market for nickel, class 1;3.1e-05;kilogram;nickel, class 1;0.0;technosphere;GLO;ecoinvent_cutoff_3.9_remind_SSP2-Base_2035;nickel
1b87ffae223749a8a2296b05f2089c44;electrolyzer production, 1MWe, SOEC, Stack;RER;electrolyzer, 1MWe, SOEC, Stack;;market for nickel, class 1;7.5;kilogram;nickel, class 1;;technosphere;GLO;ecoinvent_cutoff_3.9_remind_SSP2-Base_2035;nickel
1b87ffae223749a8a2296b05f2089c44;electrolyzer production, 1MWe, SOEC, Stack;RER;electrolyzer, 1MWe, SOEC, Stack;;market for nickel, class 1;136.6;kilogram;nickel, class 1;;technosphere;GLO;ecoinvent_cutoff_3.9_remind_SSP2-Base_2035;nickel
1c24b73f9affe1994531bad66512ee97;hydrogen production, gaseous, petroleum refinery operation;RoW;hydrogen, gaseous;;market for nickel, class 1;9.30851625811558e-07;kilogram;nickel, class 1;0.0;technosphere;GLO;ecoinvent_cutoff_3.9_remind_SSP2-Base_2035;nickel
1d5587a1aecf25588f8f2ec1291ce5a9;vegetable oil refinery construction;GLO;vegetable oil refinery;;market for nickel, class 1;35556.0;kilogram;nickel, class 1;0.0;technosphere;GLO;ecoinvent_cutoff_3.9_remind_SSP2-Base_2035;nickel
1d9070b8c7762470d5176ce82752b702;ammonia production, steam reforming, liquid;UN-SEASIA;ammonia, anhydrous, liquid;;market for nickel, class 1;0.00035;kilogram;nickel, class 1;0.0;technosphere;GLO;ecoinvent_cutoff_3.9_remind_SSP2-Base_2035;nickel
1e4aeb1ffe2668cc92fe45483e3ecf67;reformate production, petroleum refinery operation;ZA;reformate;;market for nickel, class 1;3.1267554824602523e-07;kilogram;nickel, class 1;0.0;technosphere;GLO;ecoinvent_cutoff_3.9_remind_SSP2-Base_2035;nickel
1ee6446bbd38a0cfe97bd049598bf259;steel production, electric, low-alloyed;RoW;heat, district or industrial, other than natural gas;;market for nickel, class 1;5.034218817507194e-07;kilogram;nickel, class 1;0.0;technosphere;GLO;ecoinvent_cutoff_3.9_remind_SSP2-Base_2035;nickel
2083f913bd05e19d1654f0ebb675314f;sulfur production, petroleum refinery operation;IN;sulfur;;market for nickel, class 1;4.920008889267521e-08;kilogram;nickel, class 1;0.0;technosphere;GLO;ecoinvent_cutoff_3.9_remind_SSP2-Base_2035;nickel
2164916e666dbcd3e1068846ea8aa699;electric parts production, heat and power co-generation unit, 160kW electrical;RER;electric parts, heat and power co-generation unit, 160kW electrical;;market for nickel, class 1;0.21;kilogram;nickel, class 1;0.0;technosphere;GLO;ecoinvent_cutoff_3.9_remind_SSP2-Base_2035;nickel
21aaffb35bbf7550fa655e9810a208d3;hydrogen production, gaseous, petroleum refinery operation;PE;hydrogen, gaseous;;market for nickel, class 1;9.769114310852301e-07;kilogram;nickel, class 1;0.0;technosphere;GLO;ecoinvent_cutoff_3.9_remind_SSP2-Base_2035;nickel
21f84e35772f72e231a6bb3f3669f366;NCA hydroxide production, for Li-ion battery;RoW;sodium sulfate, anhydrite;;market for nickel sulfate;0.030010936236565117;kilogram;nickel sulfate;0.0;technosphere;GLO;ecoinvent_cutoff_3.9_remind_SSP2-Base_2035;nickel
220e99a938eb6c79570327905b86827e;petroleum slack wax production, petroleum refinery operation;BR;petroleum slack wax;;market for nickel, class 1;1.316570902658698e-07;kilogram;nickel, class 1;0.0;technosphere;GLO;ecoinvent_cutoff_3.9_remind_SSP2-Base_2035;nickel
22cbaf7f08a70e426a44f97550dde1ea;hydrogen production, gaseous, petroleum refinery operation;BR;hydrogen, gaseous;;market for nickel, class 1;9.77912360826704e-07;kilogram;nickel, class 1;0.0;technosphere;GLO;ecoinvent_cutoff_3.9_remind_SSP2-Base_2035;nickel
2427d31bfd2163a56b359c0ce226760b;motor scooter production;RoW;motor scooter, 50 cubic cm engine;;market for nickel, class 1;0.09368;kilogram;nickel, class 1;0.0;technosphere;GLO;ecoinvent_cutoff_3.9_remind_SSP2-Base_2035;nickel
244a2b8c17cda88fec308fb6cf0c3eeb;naphtha production, petroleum refinery operation;CO;naphtha;;market for nickel, class 1;3.0730171743383955e-06;kilogram;nickel, class 1;0.0;technosphere;GLO;ecoinvent_cutoff_3.9_remind_SSP2-Base_2035;nickel
245b101b7a12400c47de10a9b2c82c02;iron-nickel-chromium alloy production;RoW;iron-nickel-chromium alloy;;market for nickel, class 1;0.322;kilogram;nickel, class 1;0.0;technosphere;GLO;ecoinvent_cutoff_3.9_remind_SSP2-Base_2035;nickel
249432931c0e8af8329de379cfb9c192;gas power plant construction, combined cycle, 400MW electrical;RER;gas power plant, combined cycle, 400MW electrical;;market for nickel, class 1;6300.0;kilogram;nickel, class 1;0.0;technosphere;GLO;ecoinvent_cutoff_3.9_remind_SSP2-Base_2035;nickel
24b4e9fbdf9b15f6a87ae37a9f54a84b;hair dryer production;GLO;hair dryer;;market for nickel smelter slag;-0.022;kilogram;nickel smelter slag;0.0;technosphere;GLO;ecoinvent_cutoff_3.9_remind_SSP2-Base_2035;nickel
24b4e9fbdf9b15f6a87ae37a9f54a84b;hair dryer production;GLO;hair dryer;;market for nickel, class 1;0.022;kilogram;nickel, class 1;0.0;technosphere;GLO;ecoinvent_cutoff_3.9_remind_SSP2-Base_2035;nickel
257e6c28b3fa6b7cc92b7a1e809fb45d;platinum group metal mine operation, ore with high palladium content;RU;palladium;;market for nickel smelter slag;-4770.718892042273;kilogram;nickel smelter slag;0.0;technosphere;GLO;ecoinvent_cutoff_3.9_remind_SSP2-Base_2035;nickel
2760f5add3d823faa8e4da60ae83d5b0;refinery gas production, petroleum refinery operation;IN;refinery gas;;market for nickel, class 1;1.1502595505056876e-06;kilogram;nickel, class 1;0.0;technosphere;GLO;ecoinvent_cutoff_3.9_remind_SSP2-Base_2035;nickel
27a6cb3e19d7dd150768856500aedac4;petroleum slack wax production, petroleum refinery operation;IN;petroleum slack wax;;market for nickel, class 1;2.060150206888537e-07;kilogram;nickel, class 1;0.0;technosphere;GLO;ecoinvent_cutoff_3.9_remind_SSP2-Base_2035;nickel
2851f8c3ed635fdfdc5c2bc37057367f;resistor production, wirewound, through-hole mounting;GLO;resistor, wirewound, through-hole mounting;;market for nickel, class 1;0.01353;kilogram;nickel, class 1;0.0;technosphere;GLO;ecoinvent_cutoff_3.9_remind_SSP2-Base_2035;nickel
28d0195421baaea79aba34dc53b51285;diesel production, low-sulfur, petroleum refinery operation;CO;diesel, low-sulfur;;market for nickel, class 1;1.5799116280979398e-06;kilogram;nickel, class 1;0.0;technosphere;GLO;ecoinvent_cutoff_3.9_remind_SSP2-Base_2035;nickel
291892603d275f75d7da8365feb4da11;NMC811 hydroxide production, for Li-ion battery;CN;NMC811 hydroxide;;market for nickel sulfate;1.2865385686616926;kilogram;nickel sulfate;0.0;technosphere;GLO;ecoinvent_cutoff_3.9_remind_SSP2-Base_2035;nickel
299f0e19a6a417f7302583a3f5e355a1;kerosene production, petroleum refinery operation;CO;kerosene;;market for nickel, class 1;1.4521649513365726e-06;kilogram;nickel, class 1;0.0;technosphere;GLO;ecoinvent_cutoff_3.9_remind_SSP2-Base_2035;nickel
2a99b2f5a8a738701e0862f21e77e82d;pitch production, petroleum refinery operation;IN;pitch;;market for nickel, class 1;3.9174033439097676e-08;kilogram;nickel, class 1;0.0;technosphere;GLO;ecoinvent_cutoff_3.9_remind_SSP2-Base_2035;nickel
2aeaa58cbe37fd3742b2d9297027ead9;cobalt production;GLO;nickel, class 1;;market for nickel smelter slag;-6.228280320607498;kilogram;nickel smelter slag;0.0;technosphere;GLO;ecoinvent_cutoff_3.9_remind_SSP2-Base_2035;nickel
2b4581daa8d30ba2d3fbde97b5fa3cc6;aircraft production, belly-freight aircraft, medium haul;GLO;aircraft, belly freight, medium haul;;market for nickel, class 1;1526.448226;kilogram;nickel, class 1;0.0;technosphere;GLO;ecoinvent_cutoff_3.9_remind_SSP2-Base_2035;nickel
2cadec2e69df424daba397fafb563f44;hydrogen production, auto-thermal reforming of natural gas, 25 bar;RER;hydrogen, gaseous, 25 bar;;market for nickel, class 1;0.00020292014459767036;kilogram;nickel, class 1;;technosphere;GLO;ecoinvent_cutoff_3.9_remind_SSP2-Base_2035;nickel
2dff1304d3e07508d0cc0f60edde52b5;electrode production, negative, Ni;GLO;electrode, negative, Ni;;market for nickel, class 1;0.94;kilogram;nickel, class 1;0.0;technosphere;GLO;ecoinvent_cutoff_3.9_remind_SSP2-Base_2035;nickel
2ef21fff3d32156fef271db69046666f;magnesium production, pidgeon process;CN;magnesium;;market for nickel, class 1;2.25641e-05;kilogram;nickel, class 1;0.0;technosphere;GLO;ecoinvent_cutoff_3.9_remind_SSP2-Base_2035;nickel
2efaa16dea51f1bb7b8769170b1c010f;hydrogen production, gaseous, petroleum refinery operation;IN;hydrogen, gaseous;;market for nickel, class 1;9.61980524600463e-07;kilogram;nickel, class 1;0.0;technosphere;GLO;ecoinvent_cutoff_3.9_remind_SSP2-Base_2035;nickel
2f1eef09b381262bd9f80d81a8ec4f4b;reformate production, petroleum refinery operation;Europe without Switzerland;reformate;;market for nickel, class 1;3.229067882604621e-07;kilogram;nickel, class 1;0.0;technosphere;GLO;ecoinvent_cutoff_3.9_remind_SSP2-Base_2035;nickel
2f7d4fbfc861bb05b0b64151aae9477e;sugar refinery construction;GLO;sugar refinery;;market for nickel, class 1;35556.0;kilogram;nickel, class 1;0.0;technosphere;GLO;ecoinvent_cutoff_3.9_remind_SSP2-Base_2035;nickel
3017ba98d78cbfbb09afffdc2ab5b569;NCA hydroxide production, for Li-ion battery;CN;NCA hydroxide;;market for nickel sulfate;1.3119964270959097;kilogram;nickel sulfate;0.0;technosphere;GLO;ecoinvent_cutoff_3.9_remind_SSP2-Base_2035;nickel
33328eed361648e87245587665c2fd14;resistor production, metal film type, through-hole mounting;GLO;resistor, metal film type, through-hole mounting;;market for nickel, class 1;0.029028;kilogram;nickel, class 1;0.0;technosphere;GLO;ecoinvent_cutoff_3.9_remind_SSP2-Base_2035;nickel
33ee86e661feba62e68e8b66af335ecd;uranium enrichment diffusion facility construction;RoW;uranium enrichment diffusion facility;;market for nickel, class 1;4080000.0;kilogram;nickel, class 1;0.0;technosphere;GLO;ecoinvent_cutoff_3.9_remind_SSP2-Base_2035;nickel
34490de6637f4170ab965a6396570fde;NMC-811 hydroxide;GLO;NMC-811 hydroxide;;market for nickel sulfate;1.2865;kilogram;nickel sulfate;;technosphere;GLO;ecoinvent_cutoff_3.9_remind_SSP2-Base_2035;nickel
34823402df659ec76e3c12837abb7e9d;motor scooter production;RER;motor scooter, 50 cubic cm engine;;market for nickel, class 1;0.09368;kilogram;nickel, class 1;0.0;technosphere;GLO;ecoinvent_cutoff_3.9_remind_SSP2-Base_2035;nickel
349f01260fe8f1044f7aefb20fa3d92e;butane-1,4-diol production;RER;butane-1,4-diol;;market for nickel, class 1;0.000214;kilogram;nickel, class 1;0.0;technosphere;GLO;ecoinvent_cutoff_3.9_remind_SSP2-Base_2035;nickel
3541ea926372c437d9ce3c288dc2f2b4;light fuel oil production, petroleum refinery operation;PE;light fuel oil;;market for nickel, class 1;1.680274105640303e-06;kilogram;nickel, class 1;0.0;technosphere;GLO;ecoinvent_cutoff_3.9_remind_SSP2-Base_2035;nickel
375b782a4cae3ef4a66451113a73b02b;ammonia production, steam reforming, liquid;RAF;ammonia, anhydrous, liquid;;market for nickel, class 1;0.00035;kilogram;nickel, class 1;0.0;technosphere;GLO;ecoinvent_cutoff_3.9_remind_SSP2-Base_2035;nickel
388022597c628f438836ce48c5729ec8;ethanol fermentation plant construction;RoW;ethanol fermentation plant;;market for nickel, class 1;3200.0;kilogram;nickel, class 1;0.0;technosphere;GLO;ecoinvent_cutoff_3.9_remind_SSP2-Base_2035;nickel
38f85fa4c15534314788f7f5418060ac;methanol factory construction;GLO;methanol factory;;market for nickel, class 1;37700.0;kilogram;nickel, class 1;0.0;technosphere;GLO;ecoinvent_cutoff_3.9_remind_SSP2-Base_2035;nickel
39c76ffa20d44ab8acf3cde9731ce43b;hydrogen production, auto-thermal reforming, from biomethane, with CCS (MDEA, 98% eff.), 25 bar;CH;hydrogen, gaseous, 25 bar;;market for nickel, class 1;0.00020292014459767036;kilogram;nickel, class 1;;technosphere;GLO;ecoinvent_cutoff_3.9_remind_SSP2-Base_2035;nickel
39fd1a92df96e910b50790856e5640c4;photovoltaic panel production, ribbon-Si;RoW;photovoltaic panel, ribbon-Si;;market for nickel, class 1;0.00016277;kilogram;nickel, class 1;0.0;technosphere;GLO;ecoinvent_cutoff_3.9_remind_SSP2-Base_2035;nickel
3a5337f729a4281fd43d10e632e25dd8;heavy fuel oil production, petroleum refinery operation;RoW;heavy fuel oil;;market for nickel, class 1;1.777279477424566e-07;kilogram;nickel, class 1;0.0;technosphere;GLO;ecoinvent_cutoff_3.9_remind_SSP2-Base_2035;nickel
3b1b49b49d6ef9e9f061e73fec6250d4;precious metal refinery construction;RoW;precious metal refinery;;market for nickel smelter slag;-101880.0;kilogram;nickel smelter slag;0.0;technosphere;GLO;ecoinvent_cutoff_3.9_remind_SSP2-Base_2035;nickel
3b1f1f590914c7ec1322999407519e51;aircraft production, passenger aircraft, long haul;GLO;aircraft, passenger, long haul;;market for nickel, class 1;3334.263651;kilogram;nickel, class 1;0.0;technosphere;GLO;ecoinvent_cutoff_3.9_remind_SSP2-Base_2035;nickel
3b58492176403a13df59a6ae663af5b6;inductor production, low value multilayer chip;GLO;inductor, low value multilayer chip;;market for nickel, class 1;0.024568;kilogram;nickel, class 1;0.0;technosphere;GLO;ecoinvent_cutoff_3.9_remind_SSP2-Base_2035;nickel
3c619fe4b8e4fa9a7055ddbd18418569;white spirit production, petroleum refinery operation;ZA;white spirit;;market for nickel, class 1;3.7003706458420316e-08;kilogram;nickel, class 1;0.0;technosphere;GLO;ecoinvent_cutoff_3.9_remind_SSP2-Base_2035;nickel
3dd1937dfad789d9e7661ce91352cc12;petroleum refinery operation;CH;naphtha;;market for nickel, class 1;1.53669511952832e-08;kilogram;nickel, class 1;0.0;technosphere;GLO;ecoinvent_cutoff_3.9_remind_SSP2-Base_2035;nickel
3ea3ce048ad0200b837aa83e468f237c;glider production, electric scooter;GLO;glider, for electric scooter;;market for nickel, class 1;0.001171;kilogram;nickel, class 1;0.0;technosphere;GLO;ecoinvent_cutoff_3.9_remind_SSP2-Base_2035;nickel
3eaba31ab13522a1c0a4506ab71ac61d;cobalt production;GLO;copper cake;;market for nickel smelter slag;-1.25261243306885;kilogram;nickel smelter slag;0.0;technosphere;GLO;ecoinvent_cutoff_3.9_remind_SSP2-Base_2035;nickel
3f792652b4f61dc7dedb136c637317e1;switch production, toggle type;RoW;switch, toggle type;;market for nickel, class 1;0.00041;kilogram;nickel, class 1;0.0;technosphere;GLO;ecoinvent_cutoff_3.9_remind_SSP2-Base_2035;nickel
40b7ef52cc5a673c868032aa65aa138b;reformate production, petroleum refinery operation;PE;reformate;;market for nickel, class 1;3.379273863071139e-07;kilogram;nickel, class 1;0.0;technosphere;GLO;ecoinvent_cutoff_3.9_remind_SSP2-Base_2035;nickel
415c11b96985fb5adfe9c04f27a23f72;petroleum refinery operation;CH;refinery gas;;market for nickel, class 1;2.0798591755780094e-09;kilogram;nickel, class 1;0.0;technosphere;GLO;ecoinvent_cutoff_3.9_remind_SSP2-Base_2035;nickel
4295530a2297e2043b12a2d3d0198df2;light fuel oil production, petroleum refinery operation;RoW;light fuel oil;;market for nickel, class 1;1.2203850778055075e-06;kilogram;nickel, class 1;0.0;technosphere;GLO;ecoinvent_cutoff_3.9_remind_SSP2-Base_2035;nickel
4304fb6d74f75502029897fc4db2bd9d;C3 hydrocarbon production, mixture, petroleum refinery operation;BR;C3 hydrocarbon mixture;;market for nickel, class 1;1.7337280353716483e-05;kilogram;nickel, class 1;0.0;technosphere;GLO;ecoinvent_cutoff_3.9_remind_SSP2-Base_2035;nickel
457364de5a2a798f5dd4645f24bdc104;petroleum refinery operation;CH;electricity, high voltage;;market for nickel, class 1;1.2700140090873217e-09;kilogram;nickel, class 1;0.0;technosphere;GLO;ecoinvent_cutoff_3.9_remind_SSP2-Base_2035;nickel
46315c42abc2433d9dae779a12b471ce;syngas production plant;RER;syngas production plant;;market for nickel, class 1;2690.0;kilogram;nickel, class 1;;technosphere;GLO;ecoinvent_cutoff_3.9_remind_SSP2-Base_2035;nickel
46dddd70f15bedfe7d7fe6a3f11a3637;photovoltaic panel production, single-Si wafer;RER;photovoltaic panel, single-Si wafer;;market for nickel, class 1;0.00016277;kilogram;nickel, class 1;0.0;technosphere;GLO;ecoinvent_cutoff_3.9_remind_SSP2-Base_2035;nickel
474a736defaf630292e20e99f22efd41;treatment of scrap lead acid battery, remelting;RER;lead;;market for nickel smelter slag;-0.067692;kilogram;nickel smelter slag;0.0;technosphere;GLO;ecoinvent_cutoff_3.9_remind_SSP2-Base_2035;nickel
4771641e81c86ec8084a04a30613f45b;potentiometer production, unspecified;GLO;potentiometer, unspecified;;market for nickel, class 1;0.005658;kilogram;nickel, class 1;0.0;technosphere;GLO;ecoinvent_cutoff_3.9_remind_SSP2-Base_2035;nickel
4773b9ad23ed651fb1b15a1a85212941;heavy fuel oil production, petroleum refinery operation;PE;heavy fuel oil;;market for nickel, class 1;1.8770677062830576e-07;kilogram;nickel, class 1;0.0;technosphere;GLO;ecoinvent_cutoff_3.9_remind_SSP2-Base_2035;nickel
47c42108a24e69fe2233d824322a8b81;petroleum refinery operation;CH;sulfur;;market for nickel, class 1;7.172622367210311e-10;kilogram;nickel, class 1;0.0;technosphere;GLO;ecoinvent_cutoff_3.9_remind_SSP2-Base_2035;nickel
492bb286749f0d9b5fefde18436ddaac;petrol production, unleaded, petroleum refinery operation;BR;petrol, unleaded;;market for nickel, class 1;4.481985627984134e-06;kilogram;nickel, class 1;0.0;technosphere;GLO;ecoinvent_cutoff_3.9_remind_SSP2-Base_2035;nickel
49543e2ea5a8ce9f9ba1434c629cc039;inductor production, miniature radio frequency chip;GLO;inductor, miniature radio frequency chip;;market for nickel, class 1;0.032856;kilogram;nickel, class 1;0.0;technosphere;GLO;ecoinvent_cutoff_3.9_remind_SSP2-Base_2035;nickel
4bc2260fbf4bfb3b4cd71701e007786e;ascorbic acid production;RoW;ascorbic acid;;market for nickel, class 1;3.33227499961391e-05;kilogram;nickel, class 1;0.0;technosphere;GLO;ecoinvent_cutoff_3.9_remind_SSP2-Base_2035;nickel
4c0176a98136c5c23972b5e32b205f16;kerosene production, petroleum refinery operation;IN;kerosene;;market for nickel, class 1;1.1784780795096324e-06;kilogram;nickel, class 1;0.0;technosphere;GLO;ecoinvent_cutoff_3.9_remind_SSP2-Base_2035;nickel
4c94f5737fa7f9742ccb9b810c7162ea;methanol production;GLO;methanol;;market for nickel, class 1;2e-05;kilogram;nickel, class 1;0.0;technosphere;GLO;ecoinvent_cutoff_3.9_remind_SSP2-Base_2035;nickel
4d73fd34007448f6942b1cb7f530c631;platinum group metal, extraction and refinery operations;RU;ruthenium;;market for nickel smelter slag;-13939.972932776;kilogram;nickel smelter slag;;technosphere;GLO;ecoinvent_cutoff_3.9_remind_SSP2-Base_2035;nickel
4f0b20bcb4f7e19f1050505e620a59c8;tin plating, pieces;RER;tin plating, pieces;;market for nickel, class 1;1.78e-05;kilogram;nickel, class 1;0.0;technosphere;GLO;ecoinvent_cutoff_3.9_remind_SSP2-Base_2035;nickel
4f9641c74b06e6014a05dfa682d8e61c;panel glass production, for cathode ray tube display;GLO;panel glass, for cathode ray tube display;;market for nickel, class 1;0.00833;kilogram;nickel, class 1;0.0;technosphere;GLO;ecoinvent_cutoff_3.9_remind_SSP2-Base_2035;nickel
4f9cbdcf01f7b8f283a28e50f0207ca1;ascorbic acid production;RER;ascorbic acid;;market for nickel, class 1;3.33227499961391e-05;kilogram;nickel, class 1;0.0;technosphere;GLO;ecoinvent_cutoff_3.9_remind_SSP2-Base_2035;nickel
517feee9b37b4863c21f6d82636fa6d9;reformate production, petroleum refinery operation;CO;reformate;;market for nickel, class 1;3.4818664760559146e-07;kilogram;nickel, class 1;0.0;technosphere;GLO;ecoinvent_cutoff_3.9_remind_SSP2-Base_2035;nickel
51dc560fbd25042b609a8dc91e9cfbdb;aircraft production, belly-freight aircraft, long haul;GLO;aircraft, belly freight, long haul;;market for nickel, class 1;3459.444558;kilogram;nickel, class 1;0.0;technosphere;GLO;ecoinvent_cutoff_3.9_remind_SSP2-Base_2035;nickel
54bc6c4de41ef3d8f4f379181b9d12d3;kerosene production, petroleum refinery operation;RoW;kerosene;;market for nickel, class 1;1.2280963806608277e-06;kilogram;nickel, class 1;0.0;technosphere;GLO;ecoinvent_cutoff_3.9_remind_SSP2-Base_2035;nickel
569c9e1f44a3102255b82538d269571c;cobalt production;GLO;copper concentrate, sulfide ore;;market for nickel smelter slag;-0.4334062365862495;kilogram;nickel smelter slag;0.0;technosphere;GLO;ecoinvent_cutoff_3.9_remind_SSP2-Base_2035;nickel
57085712c37eab1821e50e9085708794;copper smelting facility construction;SE;copper smelting facility;;market for nickel smelter slag;-3321400.0;kilogram;nickel smelter slag;0.0;technosphere;GLO;ecoinvent_cutoff_3.9_remind_SSP2-Base_2035;nickel
57a7a0c203ad250752f1a32904638b8d;naphtha production, petroleum refinery operation;Europe without Switzerland;naphtha;;market for nickel, class 1;6.661100075911791e-07;kilogram;nickel, class 1;0.0;technosphere;GLO;ecoinvent_cutoff_3.9_remind_SSP2-Base_2035;nickel
57eee23197d6d1fbf4bdf8bc9b1d2ebb;cobalt production;GLO;copper, cathode;;market for nickel smelter slag;-1.8420771074541913;kilogram;nickel smelter slag;0.0;technosphere;GLO;ecoinvent_cutoff_3.9_remind_SSP2-Base_2035;nickel
58a8b378bd4b35c372ec5894ee1a5b6a;C3 hydrocarbon production, mixture, petroleum refinery operation;IN;C3 hydrocarbon mixture;;market for nickel, class 1;2.0936816454001016e-05;kilogram;nickel, class 1;0.0;technosphere;GLO;ecoinvent_cutoff_3.9_remind_SSP2-Base_2035;nickel
5a01c444e87868e856834659536080f3;white spirit production, petroleum refinery operation;IN;white spirit;;market for nickel, class 1;4.396499744380559e-06;kilogram;nickel, class 1;0.0;technosphere;GLO;ecoinvent_cutoff_3.9_remind_SSP2-Base_2035;nickel
5a19be8ebfd722643b6e2cecd9cd20c3;cobalt production;GLO;ammonium sulfate;;market for nickel smelter slag;-0.19601797964982798;kilogram;nickel smelter slag;0.0;technosphere;GLO;ecoinvent_cutoff_3.9_remind_SSP2-Base_2035;nickel
5c8c78c2b6d57f54110263b86827b9de;succinic acid production;GLO;succinic acid;;market for nickel, class 1;4.96997016832355e-05;kilogram;nickel, class 1;0.0;technosphere;GLO;ecoinvent_cutoff_3.9_remind_SSP2-Base_2035;nickel
5d77d8d166ab3ab66f7b8c8caaa13cdb;ammonia production, steam reforming, liquid;RLA;ammonia, anhydrous, liquid;;market for nickel, class 1;0.00035;kilogram;nickel, class 1;0.0;technosphere;GLO;ecoinvent_cutoff_3.9_remind_SSP2-Base_2035;nickel
5f7a0bc334448796911726d2d5c56329;diesel production, petroleum refinery operation;BR;diesel;;market for nickel, class 1;1.6902924758797183e-06;kilogram;nickel, class 1;0.0;technosphere;GLO;ecoinvent_cutoff_3.9_remind_SSP2-Base_2035;nickel
5f958782fbf70ef8d6b1a052c98a61df;base oil production, petroleum refinery operation;CO;base oil;;market for nickel, class 1;1.911694911775622e-07;kilogram;nickel, class 1;0.0;technosphere;GLO;ecoinvent_cutoff_3.9_remind_SSP2-Base_2035;nickel
5f9683220b38677c4992660f8bbd4291;petroleum coke production, petroleum refinery operation;Europe without Switzerland;petroleum coke;;market for nickel, class 1;6.770126216625545e-09;kilogram;nickel, class 1;0.0;technosphere;GLO;ecoinvent_cutoff_3.9_remind_SSP2-Base_2035;nickel
61950ef7216de45a929f41a1ff5418f3;electricity production, medium voltage, petroleum refinery operation;RoW;electricity, medium voltage;;market for nickel, class 1;2.1171801222195094e-07;kilogram;nickel, class 1;0.0;technosphere;GLO;ecoinvent_cutoff_3.9_remind_SSP2-Base_2035;nickel
61bae689964a93fd45ea2fb6084ed744;sulfur production, petroleum refinery operation;BR;sulfur;;market for nickel, class 1;2.2189344128431988e-08;kilogram;nickel, class 1;0.0;technosphere;GLO;ecoinvent_cutoff_3.9_remind_SSP2-Base_2035;nickel
652c439097851744261acc006ae67805;collector field area construction, solar thermal parabolic trough, 50 MW;RoW;collector field area, solar thermal parabolic trough, 50 MW;;market for nickel, class 1;54.0;kilogram;nickel, class 1;0.0;technosphere;GLO;ecoinvent_cutoff_3.9_remind_SSP2-Base_2035;nickel
67787c1e178d3e726df40ec75c0cb19f;capacitor production, film type, for through-hole mounting;GLO;capacitor, film type, for through-hole mounting;;market for nickel, class 1;0.01332;kilogram;nickel, class 1;0.0;technosphere;GLO;ecoinvent_cutoff_3.9_remind_SSP2-Base_2035;nickel
67a5fc8945c7bac74e44273d553d5264;platinum group metal mine operation, ore with high palladium content;RU;copper, cathode;;market for nickel smelter slag;-3.0206486757768936;kilogram;nickel smelter slag;0.0;technosphere;GLO;ecoinvent_cutoff_3.9_remind_SSP2-Base_2035;nickel
68053091bc1ad58262235309f255beb8;electric parts production, heat and power co-generation unit, 160kW electrical;RoW;electric parts, heat and power co-generation unit, 160kW electrical;;market for nickel, class 1;0.21;kilogram;nickel, class 1;0.0;technosphere;GLO;ecoinvent_cutoff_3.9_remind_SSP2-Base_2035;nickel
68db8e3a03f9fc9859a58c7378620b63;NMC111 hydroxide production, for Li-ion battery;RoW;NMC111 hydroxide;;market for nickel sulfate;0.5470798732961342;kilogram;nickel sulfate;0.0;technosphere;GLO;ecoinvent_cutoff_3.9_remind_SSP2-Base_2035;nickel
699169f674afe839b1cf231aecdbc605;fuel cell production, stack solid oxide, 125kW electrical, future;CH;fuel cell, stack solid oxide, 125kW electrical, future;;market for nickel, class 1;7.68;kilogram;nickel, class 1;0.0;technosphere;GLO;ecoinvent_cutoff_3.9_remind_SSP2-Base_2035;nickel
6a450686634bc60efce3627df3b5f65f;treatment of scrap lead acid battery, remelting;RoW;lead;;market for nickel smelter slag;-0.06769199999999996;kilogram;nickel smelter slag;0.0;technosphere;GLO;ecoinvent_cutoff_3.9_remind_SSP2-Base_2035;nickel
6a89e7559628135268ae7f6602ce1686;hydrogen production, gaseous, petroleum refinery operation;ZA;hydrogen, gaseous;;market for nickel, class 1;9.314760339314409e-07;kilogram;nickel, class 1;0.0;technosphere;GLO;ecoinvent_cutoff_3.9_remind_SSP2-Base_2035;nickel
6a8fe1489a9a6f6be079935f2598f30d;methanol production, from synthetic gas;CH;methanol, from biomass;;market for nickel, class 1;2e-05;kilogram;nickel, class 1;0.0;technosphere;GLO;ecoinvent_cutoff_3.9_remind_SSP2-Base_2035;nickel
6b0d0d8e979df0e13df8df4bb4a13937;flat glass production, coated;RER;flat glass, coated;;market for nickel, class 1;5.97e-05;kilogram;nickel, class 1;0.0;technosphere;GLO;ecoinvent_cutoff_3.9_remind_SSP2-Base_2035;nickel
6b3c9cc114b2ab9e16abcedf96079d0f;cobalt production;GLO;ferronickel;;market for nickel smelter slag;-2.1798981122126215;kilogram;nickel smelter slag;0.0;technosphere;GLO;ecoinvent_cutoff_3.9_remind_SSP2-Base_2035;nickel
6b6ab076469e91ae2847e16986f1d788;electrode production, positive, LaNi5;GLO;electrode, positive, LaNi5;;market for nickel, class 1;0.1;kilogram;nickel, class 1;0.0;technosphere;GLO;ecoinvent_cutoff_3.9_remind_SSP2-Base_2035;nickel
6c664dd30afcef3bcf14d9a218877d89;diesel production, low-sulfur, petroleum refinery operation;BR;diesel, low-sulfur;;market for nickel, class 1;1.8098351915810226e-06;kilogram;nickel, class 1;0.0;technosphere;GLO;ecoinvent_cutoff_3.9_remind_SSP2-Base_2035;nickel
6d5d02ba4d90a2c60d0f13aaa09bc5d2;battery production, NaCl, rechargeable;CH;battery, NaCl;;market for nickel, class 1;0.178021978021978;kilogram;nickel, class 1;0.0;technosphere;GLO;ecoinvent_cutoff_3.9_remind_SSP2-Base_2035;nickel
6ebe40b1a175ce8e87e59b5eba13f812;refinery gas production, petroleum refinery operation;ZA;refinery gas;;market for nickel, class 1;6.283259886284115e-07;kilogram;nickel, class 1;0.0;technosphere;GLO;ecoinvent_cutoff_3.9_remind_SSP2-Base_2035;nickel
6f198c7e8cdacbbba4a69a66545347e3;pitch production, petroleum refinery operation;CO;pitch;;market for nickel, class 1;3.275389722707453e-08;kilogram;nickel, class 1;0.0;technosphere;GLO;ecoinvent_cutoff_3.9_remind_SSP2-Base_2035;nickel
6f61be1d818423934f54b3d72828b68a;refinery gas production, petroleum refinery operation;Europe without Switzerland;refinery gas;;market for nickel, class 1;7.811317178838417e-07;kilogram;nickel, class 1;0.0;technosphere;GLO;ecoinvent_cutoff_3.9_remind_SSP2-Base_2035;nickel
71067582601b65518970d19ea5db7145;tin plating, pieces;RoW;tin plating, pieces;;market for nickel, class 1;1.78e-05;kilogram;nickel, class 1;0.0;technosphere;GLO;ecoinvent_cutoff_3.9_remind_SSP2-Base_2035;nickel
72e8102a076d46dea106631a4bb077bd;SNG from wood, production plant;RER;SNG from wood, production plant;;market for nickel, class 1;2690.0;kilogram;nickel, class 1;;technosphere;GLO;ecoinvent_cutoff_3.9_remind_SSP2-Base_2035;nickel
7389399a70d668768b93f91ca02ba3c7;methanol production, from synthetic gas;RoW;methanol, from biomass;;market for nickel, class 1;2e-05;kilogram;nickel, class 1;0.0;technosphere;GLO;ecoinvent_cutoff_3.9_remind_SSP2-Base_2035;nickel
739dddbf257a40ab90a992a372a72ddb;NMC-622 hydroxide;GLO;NMC-622 hydroxide;;market for nickel sulfate;0.978;kilogram;nickel sulfate;;technosphere;GLO;ecoinvent_cutoff_3.9_remind_SSP2-Base_2035;nickel
74e3dc4bf91d7bb39582cf906e8f968d;electric parts production, mini CHP plant;CH;electric parts, mini CHP plant;;market for nickel, class 1;0.06;kilogram;nickel, class 1;0.0;technosphere;GLO;ecoinvent_cutoff_3.9_remind_SSP2-Base_2035;nickel
74f50d4b5ff62ee26c9fd409c98e4bb8;capacitor production, for surface-mounting;GLO;capacitor, for surface-mounting;;market for nickel, class 1;0.20084;kilogram;nickel, class 1;0.0;technosphere;GLO;ecoinvent_cutoff_3.9_remind_SSP2-Base_2035;nickel
74f55eeadcb9cdbcb1469ae86e45597f;ferrochromium production, high-carbon, 55% Cr;RoW;ferrochromium, high-carbon, 55% Cr;;market for nickel smelter slag;-1.51;kilogram;nickel smelter slag;0.0;technosphere;GLO;ecoinvent_cutoff_3.9_remind_SSP2-Base_2035;nickel
7507e303d8b52c507971778a50369199;cobalt production;GLO;sulfuric acid;;market for nickel smelter slag;-0.032497717678787265;kilogram;nickel smelter slag;0.0;technosphere;GLO;ecoinvent_cutoff_3.9_remind_SSP2-Base_2035;nickel
75b9f84450c4c294eab9e5bdd0eec5b1;NMC111 hydroxide production, for Li-ion battery;RoW;sodium sulfate, anhydrite;;market for nickel sulfate;0.010480667582704273;kilogram;nickel sulfate;0.0;technosphere;GLO;ecoinvent_cutoff_3.9_remind_SSP2-Base_2035;nickel
7616192337c2fbe6b229407ca5b4ba99;ammonia production, steam reforming, liquid;RER w/o RU;ammonia, anhydrous, liquid;;market for nickel, class 1;0.00034166133674448353;kilogram;nickel, class 1;0.0;technosphere;GLO;ecoinvent_cutoff_3.9_remind_SSP2-Base_2035;nickel
778233d8a3e8a609f77b2908f1218403;fuel cell production, solid oxide, 125kW electrical, future;CH;fuel cell, solid oxide, 125kW electrical, future;;market for nickel, class 1;25.0;kilogram;nickel, class 1;0.0;technosphere;GLO;ecoinvent_cutoff_3.9_remind_SSP2-Base_2035;nickel
7aadd17417a1c9f545395c54e78c760f;petrol production, unleaded, petroleum refinery operation;PE;petrol, unleaded;;market for nickel, class 1;4.481348788601119e-06;kilogram;nickel, class 1;0.0;technosphere;GLO;ecoinvent_cutoff_3.9_remind_SSP2-Base_2035;nickel
7abd9d49767fe3c51886b7417b8ca890;cobalt production;GLO;cobalt carbonate;;market for nickel smelter slag;-7.010621097451616;kilogram;nickel smelter slag;0.0;technosphere;GLO;ecoinvent_cutoff_3.9_remind_SSP2-Base_2035;nickel
7ba379fdb6ea4170a2e74d0de0280b8a;electrolyzer production, 1MWe, AEC, Stack;RER;electrolyzer, 1MWe, AEC, Stack;;market for nickel, class 1;2884.9;kilogram;nickel, class 1;;technosphere;GLO;ecoinvent_cutoff_3.9_remind_SSP2-Base_2035;nickel
7bfeea211974523053068b4bc6a876fd;light commercial vehicle production;RoW;light commercial vehicle;;market for nickel, class 1;1.4;kilogram;nickel, class 1;0.0;technosphere;GLO;ecoinvent_cutoff_3.9_remind_SSP2-Base_2035;nickel
7c1b077330913bb707d1b1ab9e91c91e;smelting and refining of nickel concentrate, 7% Ni;CN;ammonium sulfate;;market for nickel concentrate, 7% Ni;0.45048978729278366;kilogram;nickel concentrate, 7% Ni;0.0;technosphere;CN;ecoinvent_cutoff_3.9_remind_SSP2-Base_2035;nickel
7c1b077330913bb707d1b1ab9e91c91e;smelting and refining of nickel concentrate, 7% Ni;CN;ammonium sulfate;;market for nickel smelter slag;-0.44626056608029274;kilogram;nickel smelter slag;0.0;technosphere;GLO;ecoinvent_cutoff_3.9_remind_SSP2-Base_2035;nickel
7d5525311687b27493b6d616de7f7618;cyclohexane production;RoW;cyclohexane;;market for nickel, class 1;3.1e-05;kilogram;nickel, class 1;0.0;technosphere;GLO;ecoinvent_cutoff_3.9_remind_SSP2-Base_2035;nickel
7e0e5365d1ddde32ef32f5a3888441ad;petroleum slack wax production, petroleum refinery operation;ZA;petroleum slack wax;;market for nickel, class 1;1.0019546636789587e-07;kilogram;nickel, class 1;0.0;technosphere;GLO;ecoinvent_cutoff_3.9_remind_SSP2-Base_2035;nickel
7eaad144c08e24de0e2c1a0822bde079;microwave oven production;GLO;microwave oven;;market for nickel, class 1;0.0006;kilogram;nickel, class 1;0.0;technosphere;GLO;ecoinvent_cutoff_3.9_remind_SSP2-Base_2035;nickel
7fa7e287f326b898006609f594bea3a8;smelting and refining of nickel concentrate, 16% Ni;GLO;nickel, class 1;;market for nickel smelter slag;-9.681464842908156;kilogram;nickel smelter slag;0.0;technosphere;GLO;ecoinvent_cutoff_3.9_remind_SSP2-Base_2035;nickel
7fdceadf6f9a725e11a8de3a0add0925;platinum group metal mine operation, ore with high palladium content;RU;rhodium;;market for nickel smelter slag;-20131.75702670321;kilogram;nickel smelter slag;0.0;technosphere;GLO;ecoinvent_cutoff_3.9_remind_SSP2-Base_2035;nickel
815f2b5f528cd11eed046142cb45caf6;gold refinery operation;ZA;gold;;market for nickel smelter slag;-0.199973493;kilogram;nickel smelter slag;0.0;technosphere;GLO;ecoinvent_cutoff_3.9_remind_SSP2-Base_2035;nickel
823588ef577e2115a34c87a606396944;diesel production, low-sulfur, petroleum refinery operation;ZA;diesel, low-sulfur;;market for nickel, class 1;1.1863255666398283e-06;kilogram;nickel, class 1;0.0;technosphere;GLO;ecoinvent_cutoff_3.9_remind_SSP2-Base_2035;nickel
82835777a722c146c659546c86479bef;printed wiring board production, for through-hole mounting, Pb containing surface;GLO;printed wiring board, for through-hole mounting, Pb containing surface;;market for nickel, class 1;0.0042;kilogram;nickel, class 1;0.0;technosphere;GLO;ecoinvent_cutoff_3.9_remind_SSP2-Base_2035;nickel
83185d3ee1de224e8eb18f2caf0ac0d8;coffee green bean production, arabica;HN;coffee, green bean;;market for nickel, class 1;0.00015;kilogram;nickel, class 1;0.0;technosphere;GLO;ecoinvent_cutoff_3.9_remind_SSP2-Base_2035;nickel
838402c1386ada2961c1dcb8aebd0276;white spirit production, petroleum refinery operation;BR;white spirit;;market for nickel, class 1;1.1396023472930586e-08;kilogram;nickel, class 1;0.0;technosphere;GLO;ecoinvent_cutoff_3.9_remind_SSP2-Base_2035;nickel
83c45eea084eb9ce70df6aebde1e82d1;light fuel oil production, petroleum refinery operation;ZA;light fuel oil;;market for nickel, class 1;1.066268041347069e-06;kilogram;nickel, class 1;0.0;technosphere;GLO;ecoinvent_cutoff_3.9_remind_SSP2-Base_2035;nickel
84aed9da6297c8bf1c8353b7a66122e1;battery production, NiMH, rechargeable, prismatic;GLO;battery, NiMH, rechargeable, prismatic;;market for nickel, class 1;0.058332;kilogram;nickel, class 1;0.0;technosphere;GLO;ecoinvent_cutoff_3.9_remind_SSP2-Base_2035;nickel
85548abbb2a14bd48b3556a70ca9bc30;switchgear HV;RER;switchgear HV;;market for nickel, class 1;14.0;kilogram;nickel, class 1;;technosphere;GLO;ecoinvent_cutoff_3.9_remind_SSP2-Base_2035;nickel
87ce2d21a9a45b6e498f5db56aef47d5;resorcinol production, hydrolysis of meta-phenylene diamine;GLO;resorcinol;;market for nickel, class 1;0.00020936706427529848;kilogram;nickel, class 1;0.0;technosphere;GLO;ecoinvent_cutoff_3.9_remind_SSP2-Base_2035;nickel
88f940bf6c395497462285733ffca251;NCA hydroxide production, for Li-ion battery;RoW;NCA hydroxide;;market for nickel sulfate;1.3119964270959097;kilogram;nickel sulfate;0.0;technosphere;GLO;ecoinvent_cutoff_3.9_remind_SSP2-Base_2035;nickel
89e8165fd1a7fc19c6881eab56624762;white spirit production, petroleum refinery operation;PE;white spirit;;market for nickel, class 1;1.1342639772057919e-08;kilogram;nickel, class 1;0.0;technosphere;GLO;ecoinvent_cutoff_3.9_remind_SSP2-Base_2035;nickel
8a31c9a7c400f78a9ffb6676a6c547b4;hydrogen production, gaseous, petroleum refinery operation;CO;hydrogen, gaseous;;market for nickel, class 1;9.556603741618507e-07;kilogram;nickel, class 1;0.0;technosphere;GLO;ecoinvent_cutoff_3.9_remind_SSP2-Base_2035;nickel
8adb5f49d537c6767dace7b82d982e87;selective coating, copper sheet, black majic;US;selective coat, copper sheet, black majic;;market for nickel, class 1;0.023723;kilogram;nickel, class 1;0.0;technosphere;GLO;ecoinvent_cutoff_3.9_remind_SSP2-Base_2035;nickel
8b0cb74dece71b043bc82ad3590f5036;transistor production, surface-mounted;GLO;transistor, surface-mounted;;market for nickel, class 1;0.0464;kilogram;nickel, class 1;0.0;technosphere;GLO;ecoinvent_cutoff_3.9_remind_SSP2-Base_2035;nickel
8be438a9b80cfc84e295e2e9efaa87dd;aircraft production, passenger aircraft, medium haul;GLO;aircraft, passenger, medium haul;;market for nickel, class 1;1274.428072;kilogram;nickel, class 1;0.0;technosphere;GLO;ecoinvent_cutoff_3.9_remind_SSP2-Base_2035;nickel
8c6c0ff6617782afec6228335ef8cbf2;light fuel oil production, petroleum refinery operation;BR;light fuel oil;;market for nickel, class 1;1.6812429584343694e-06;kilogram;nickel, class 1;0.0;technosphere;GLO;ecoinvent_cutoff_3.9_remind_SSP2-Base_2035;nickel
8cac5d3437e8ecf21e1210f6f6a37dab;aircraft production, dedicated freight aircraft, short haul;GLO;aircraft, dedicated freight, short haul;;market for nickel, class 1;2669.96193;kilogram;nickel, class 1;0.0;technosphere;GLO;ecoinvent_cutoff_3.9_remind_SSP2-Base_2035;nickel
8d81ee458b1f3bf3580e095d6d8e0b2b;heavy fuel oil production, petroleum refinery operation;IN;heavy fuel oil;;market for nickel, class 1;2.876804181976812e-07;kilogram;nickel, class 1;0.0;technosphere;GLO;ecoinvent_cutoff_3.9_remind_SSP2-Base_2035;nickel
8ff55b2718af2753ce9978924378f856;sulfur production, petroleum refinery operation;ZA;sulfur;;market for nickel, class 1;1.1336323043354998e-08;kilogram;nickel, class 1;0.0;technosphere;GLO;ecoinvent_cutoff_3.9_remind_SSP2-Base_2035;nickel
8ffaa2f420c7ee4bc50b88459abd74af;white spirit production, petroleum refinery operation;CO;white spirit;;market for nickel, class 1;2.077684768335854e-06;kilogram;nickel, class 1;0.0;technosphere;GLO;ecoinvent_cutoff_3.9_remind_SSP2-Base_2035;nickel
9052360d434665871020c01b06673286;electric kettle production;GLO;electric kettle;;market for nickel smelter slag;-0.070938;kilogram;nickel smelter slag;0.0;technosphere;GLO;ecoinvent_cutoff_3.9_remind_SSP2-Base_2035;nickel
9052360d434665871020c01b06673286;electric kettle production;GLO;electric kettle;;market for nickel, class 1;0.070938;kilogram;nickel, class 1;0.0;technosphere;GLO;ecoinvent_cutoff_3.9_remind_SSP2-Base_2035;nickel
9157c839aa8448e9d10f3bcca1385a91;iron-nickel-chromium alloy production;RER;iron-nickel-chromium alloy;;market for nickel, class 1;0.322;kilogram;nickel, class 1;0.0;technosphere;GLO;ecoinvent_cutoff_3.9_remind_SSP2-Base_2035;nickel
91dad93c8df803549e6b5ecdbd61c05a;switch production, toggle type;CA-QC;switch, toggle type;;market for nickel, class 1;0.00041;kilogram;nickel, class 1;0.0;technosphere;GLO;ecoinvent_cutoff_3.9_remind_SSP2-Base_2035;nickel
921f4d9ec9a0f84ab162389d10f1873f;processing of nickel-rich materials;GLO;nickel, class 1;;market for nickel smelter slag;-0.0740999044593;kilogram;nickel smelter slag;0.0;technosphere;GLO;ecoinvent_cutoff_3.9_remind_SSP2-Base_2035;nickel
921f4d9ec9a0f84ab162389d10f1873f;processing of nickel-rich materials;GLO;nickel, class 1;;market for nickel-rich materials;1.0740999044593;kilogram;nickel-rich materials;0.0;technosphere;GLO;ecoinvent_cutoff_3.9_remind_SSP2-Base_2035;nickel
925216c1c71dbfb526ecd29501a88c47;aircraft production, passenger aircraft, very short haul;GLO;aircraft, passenger, very short haul;;market for nickel, class 1;935.0407896;kilogram;nickel, class 1;0.0;technosphere;GLO;ecoinvent_cutoff_3.9_remind_SSP2-Base_2035;nickel
925e502efc8333d633b6785a826d7e06;ferrochromium production, high-carbon, 55% Cr;ZA;ferrochromium, high-carbon, 55% Cr;;market for nickel smelter slag;-1.51;kilogram;nickel smelter slag;0.0;technosphere;GLO;ecoinvent_cutoff_3.9_remind_SSP2-Base_2035;nickel
92748f7e6045e62dba5de6d426f89def;refinery gas production, petroleum refinery operation;CO;refinery gas;;market for nickel, class 1;1.1480092598825311e-06;kilogram;nickel, class 1;0.0;technosphere;GLO;ecoinvent_cutoff_3.9_remind_SSP2-Base_2035;nickel
9349d4b9233dfc30da8da222463612f3;ethanol fermentation plant construction;CH;ethanol fermentation plant;;market for nickel, class 1;3200.0;kilogram;nickel, class 1;0.0;technosphere;GLO;ecoinvent_cutoff_3.9_remind_SSP2-Base_2035;nickel
93d8bcc0ebea834e24718311e384d57e;cobalt production;GLO;nickel concentrate, 16% Ni;;market for nickel smelter slag;-0.884735211730183;kilogram;nickel smelter slag;0.0;technosphere;GLO;ecoinvent_cutoff_3.9_remind_SSP2-Base_2035;nickel
94bb303bdeaa46515536cb59dfc2c329;petroleum coke production, petroleum refinery operation;ZA;petroleum coke;;market for nickel, class 1;6.6973080559963374e-09;kilogram;nickel, class 1;0.0;technosphere;GLO;ecoinvent_cutoff_3.9_remind_SSP2-Base_2035;nickel
956120b9e9cc597068473ff0caae91b2;NMC811 hydroxide production, for Li-ion battery;CN;sodium sulfate, anhydrite;;market for nickel sulfate;0.03451248126606507;kilogram;nickel sulfate;0.0;technosphere;GLO;ecoinvent_cutoff_3.9_remind_SSP2-Base_2035;nickel
9562cce9f543483690276e7beec003ff;production of nickel-based catalyst for methanation;RER;nickel-based catalyst for methanation;;market for nickel, class 1;0.19;kilogram;nickel, class 1;;technosphere;GLO;ecoinvent_cutoff_3.9_remind_SSP2-Base_2035;nickel
956cc7b50c600714ee636e45010b567f;base oil production, petroleum refinery operation;PE;base oil;;market for nickel, class 1;1.5225621494802441e-07;kilogram;nickel, class 1;0.0;technosphere;GLO;ecoinvent_cutoff_3.9_remind_SSP2-Base_2035;nickel
960b2e091f1e6aaf46d7cb95413b7e74;gold refinery operation;RoW;gold;;market for nickel smelter slag;-0.199973493;kilogram;nickel smelter slag;0.0;technosphere;GLO;ecoinvent_cutoff_3.9_remind_SSP2-Base_2035;nickel
9697331ea71c1fc32422238a249a8001;diesel production, petroleum refinery operation;PE;diesel;;market for nickel, class 1;1.6893184081045477e-06;kilogram;nickel, class 1;0.0;technosphere;GLO;ecoinvent_cutoff_3.9_remind_SSP2-Base_2035;nickel
98076223a82c1b94e85037f128e83143;cobalt production;GLO;cobalt;;market for nickel smelter slag;-13.681834372608783;kilogram;nickel smelter slag;0.0;technosphere;GLO;ecoinvent_cutoff_3.9_remind_SSP2-Base_2035;nickel
98df54661978cd154c1bcfbeadbdb594;naphtha production, petroleum refinery operation;IN;naphtha;;market for nickel, class 1;4.7970159537422056e-06;kilogram;nickel, class 1;0.0;technosphere;GLO;ecoinvent_cutoff_3.9_remind_SSP2-Base_2035;nickel
9a380eee4a477dd303af63058e741eaf;coffee green bean production, arabica;RoW;coffee, green bean;;market for nickel, class 1;1.41552030419e-05;kilogram;nickel, class 1;0.0;technosphere;GLO;ecoinvent_cutoff_3.9_remind_SSP2-Base_2035;nickel
9aabfa24928f74eb302a4ddbb6626123;heavy fuel oil production, petroleum refinery operation;BR;heavy fuel oil;;market for nickel, class 1;1.878582085386327e-07;kilogram;nickel, class 1;0.0;technosphere;GLO;ecoinvent_cutoff_3.9_remind_SSP2-Base_2035;nickel
9abefcff32ed37715c1ae7670335c924;cyclohexane production;RER;cyclohexane;;market for nickel, class 1;3.1e-05;kilogram;nickel, class 1;0.0;technosphere;GLO;ecoinvent_cutoff_3.9_remind_SSP2-Base_2035;nickel
9cbc67c6f6d2de3e27cd323b67ca499a;smelting and refining of nickel concentrate, 16% Ni;GLO;steam, in chemical industry;;market for nickel smelter slag;-0.012027531218824777;kilogram;nickel smelter slag;0.0;technosphere;GLO;ecoinvent_cutoff_3.9_remind_SSP2-Base_2035;nickel
9d51d16b1d8b376af5bf8fc2da82ac08;petroleum slack wax production, petroleum refinery operation;CO;petroleum slack wax;;market for nickel, class 1;1.6142168728816937e-07;kilogram;nickel, class 1;0.0;technosphere;GLO;ecoinvent_cutoff_3.9_remind_SSP2-Base_2035;nickel
9d848e5a5267818544c92dc653ee6e8e;petroleum refinery operation;CH;kerosene;;market for nickel, class 1;1.4150279810681822e-08;kilogram;nickel, class 1;0.0;technosphere;GLO;ecoinvent_cutoff_3.9_remind_SSP2-Base_2035;nickel
9dd4407c280ee603aa89c2d948cd11e9;methylcyclohexane production;RoW;methylcyclohexane;;market for nickel, class 1;3.1e-05;kilogram;nickel, class 1;0.0;technosphere;GLO;ecoinvent_cutoff_3.9_remind_SSP2-Base_2035;nickel
9e2f851c2a0d43ec93e7dce84bdbc0f4;switchgear HV;CH;switchgear HV;;market for nickel, class 1;14.0;kilogram;nickel, class 1;;technosphere;GLO;ecoinvent_cutoff_3.9_remind_SSP2-Base_2035;nickel
9f9c1bdacec97f298224db8880592bff;nickel sulfate production;GLO;nickel sulfate;;market for nickel, class 1;0.399240739928257;kilogram;nickel, class 1;0.0;technosphere;GLO;ecoinvent_cutoff_3.9_remind_SSP2-Base_2035;nickel
9feaa743dfa00da99430bbeab607d8e6;refinery gas production, petroleum refinery operation;RoW;refinery gas;;market for nickel, class 1;7.811317178838417e-07;kilogram;nickel, class 1;0.0;technosphere;GLO;ecoinvent_cutoff_3.9_remind_SSP2-Base_2035;nickel
a0e54d9e2c4eb140df44a61c6d921aa6;pitch production, petroleum refinery operation;ZA;pitch;;market for nickel, class 1;1.9198879648288045e-08;kilogram;nickel, class 1;0.0;technosphere;GLO;ecoinvent_cutoff_3.9_remind_SSP2-Base_2035;nickel
a16eb4d0d07c46d481dbb0d334367c7b;auto-thermal reforming-hydrogen GT power plant, 400MWe;RER;auto-thermal reforming-hydrogen GT power plant, 400MWe;;market for nickel, class 1;6300.0;kilogram;nickel, class 1;;technosphere;GLO;ecoinvent_cutoff_3.9_remind_SSP2-Base_2035;nickel
a1bea92c239439e2f2c7346bdff03b41;ammonia production, steam reforming, liquid;RoW;steam, in chemical industry;;market for nickel, class 1;1.5684579351368743e-05;kilogram;nickel, class 1;0.0;technosphere;GLO;ecoinvent_cutoff_3.9_remind_SSP2-Base_2035;nickel
a29a76bc50421fd07b1085bf3f531649;diesel production, low-sulfur, petroleum refinery operation;IN;diesel, low-sulfur;;market for nickel, class 1;1.3462683081177735e-06;kilogram;nickel, class 1;0.0;technosphere;GLO;ecoinvent_cutoff_3.9_remind_SSP2-Base_2035;nickel
a2a7fae394854cbea3fdc610bdd4ddaf;pitch production, petroleum refinery operation;Europe without Switzerland;pitch;;market for nickel, class 1;2.3003796806458544e-08;kilogram;nickel, class 1;0.0;technosphere;GLO;ecoinvent_cutoff_3.9_remind_SSP2-Base_2035;nickel
a3d66b03d5ab23a90526aa23317d76c5;pitch production, petroleum refinery operation;PE;pitch;;market for nickel, class 1;2.999810566006505e-08;kilogram;nickel, class 1;0.0;technosphere;GLO;ecoinvent_cutoff_3.9_remind_SSP2-Base_2035;nickel
a6e8811f99af6786bc9cebbc269e3b6e;aircraft production, belly-freight aircraft, very short haul;GLO;aircraft, belly freight, very short haul;;market for nickel, class 1;1124.114884;kilogram;nickel, class 1;0.0;technosphere;GLO;ecoinvent_cutoff_3.9_remind_SSP2-Base_2035;nickel
a748829b57a7fd953f334bba353a7ffe;cobalt production;GLO;copper, anode;;market for nickel smelter slag;-1.9823626998080988;kilogram;nickel smelter slag;0.0;technosphere;GLO;ecoinvent_cutoff_3.9_remind_SSP2-Base_2035;nickel
a819bfd13adefc9d2f6c05444dc985d0;ammonia production, steam reforming, liquid;RoW;ammonia, anhydrous, liquid;;market for nickel, class 1;0.0003481976616003861;kilogram;nickel, class 1;0.0;technosphere;GLO;ecoinvent_cutoff_3.9_remind_SSP2-Base_2035;nickel
a8cdb94a086869b08cae3d3d94ead096;cobalt production;GLO;calcium carbonate, precipitated;;market for nickel smelter slag;-0.2331582284255848;kilogram;nickel smelter slag;0.0;technosphere;GLO;ecoinvent_cutoff_3.9_remind_SSP2-Base_2035;nickel
a9808d05d37d2b520a26a1997e130990;kerosene production, petroleum refinery operation;ZA;kerosene;;market for nickel, class 1;1.0730055180457608e-06;kilogram;nickel, class 1;0.0;technosphere;GLO;ecoinvent_cutoff_3.9_remind_SSP2-Base_2035;nickel
aa3fdf49d11a7fc401903609346074f3;butane-1,4-diol production;RoW;butane-1,4-diol;;market for nickel, class 1;0.000214;kilogram;nickel, class 1;0.0;technosphere;GLO;ecoinvent_cutoff_3.9_remind_SSP2-Base_2035;nickel
aa7fec95c32268aabb4715582293bc5f;pitch production, petroleum refinery operation;BR;pitch;;market for nickel, class 1;3.013899207842415e-08;kilogram;nickel, class 1;0.0;technosphere;GLO;ecoinvent_cutoff_3.9_remind_SSP2-Base_2035;nickel
aa81783b18d6fd8fa9c6c987fce97bef;naphtha production, petroleum refinery operation;ZA;naphtha;;market for nickel, class 1;4.130285891682684e-08;kilogram;nickel, class 1;0.0;technosphere;GLO;ecoinvent_cutoff_3.9_remind_SSP2-Base_2035;nickel
ab296d480b759da0ceae7cd31421e499;biomethane production, high pressure from synthetic gas, wood, fixed bed technology;RoW;biomethane, high pressure;;market for nickel, class 1;4.2942e-10;kilogram;nickel, class 1;0.0;technosphere;GLO;ecoinvent_cutoff_3.9_remind_SSP2-Base_2035;nickel
ab8cdf532eab938a5bf8c4e3b31e74dc;petroleum slack wax production, petroleum refinery operation;RoW;petroleum slack wax;;market for nickel, class 1;1.13137946638678e-07;kilogram;nickel, class 1;0.0;technosphere;GLO;ecoinvent_cutoff_3.9_remind_SSP2-Base_2035;nickel
acbb595502133180f43cafd405a49feb;base oil production, petroleum refinery operation;RoW;base oil;;market for nickel, class 1;1.3300563550611523e-07;kilogram;nickel, class 1;0.0;technosphere;GLO;ecoinvent_cutoff_3.9_remind_SSP2-Base_2035;nickel
ae095e3c5dd43de0379584a1bb18e076;liquefied petroleum gas production, petroleum refinery operation;CO;liquefied petroleum gas;;market for nickel, class 1;1.2246419959222218e-06;kilogram;nickel, class 1;0.0;technosphere;GLO;ecoinvent_cutoff_3.9_remind_SSP2-Base_2035;nickel
aeee34814f7ddb9c28dd569461921ff5;NMC111 hydroxide production, for Li-ion battery;CN;sodium sulfate, anhydrite;;market for nickel sulfate;0.010480667582704273;kilogram;nickel sulfate;0.0;technosphere;GLO;ecoinvent_cutoff_3.9_remind_SSP2-Base_2035;nickel
af6bd1221fc0206541fbaf481397bf0d;steel production, electric, low-alloyed;CA-QC;steel, low-alloyed;;market for nickel, class 1;0.0047;kilogram;nickel, class 1;0.0;technosphere;GLO;ecoinvent_cutoff_3.9_remind_SSP2-Base_2035;nickel
af7f1628b31d3b9949bfe72b1f7fd64f;light emitting diode production;GLO;light emitting diode;;market for nickel, class 1;0.003848;kilogram;nickel, class 1;0.0;technosphere;GLO;ecoinvent_cutoff_3.9_remind_SSP2-Base_2035;nickel
aff9aca5b98c143a20d999e25b4cb133;cobalt production;GLO;sulfur;;market for nickel smelter slag;-0.028462715405689416;kilogram;nickel smelter slag;0.0;technosphere;GLO;ecoinvent_cutoff_3.9_remind_SSP2-Base_2035;nickel
b11cbd1f688c18e18967d7bb54703592;smelting and refining of nickel concentrate, 16% Ni;GLO;ammonium sulfate;;market for nickel smelter slag;-0.30469745754356103;kilogram;nickel smelter slag;0.0;technosphere;GLO;ecoinvent_cutoff_3.9_remind_SSP2-Base_2035;nickel
b1b3b47eb0e3d7b0317ae9e38b32c247;diesel production, petroleum refinery operation;RoW;diesel;;market for nickel, class 1;1.2269539654229969e-06;kilogram;nickel, class 1;0.0;technosphere;GLO;ecoinvent_cutoff_3.9_remind_SSP2-Base_2035;nickel
b1de6408680f993fe6075b2a39b8335c;cathode-ray tube production, cathode ray tube display;GLO;cathode-ray tube, cathode ray tube display;;market for nickel, class 1;0.0091738;kilogram;nickel, class 1;0.0;technosphere;GLO;ecoinvent_cutoff_3.9_remind_SSP2-Base_2035;nickel
b272d999e7f2eb222acc4571fecfbaff;C3 hydrocarbon production, mixture, petroleum refinery operation;Europe without Switzerland;C3 hydrocarbon mixture;;market for nickel, class 1;1.788381821117916e-05;kilogram;nickel, class 1;0.0;technosphere;GLO;ecoinvent_cutoff_3.9_remind_SSP2-Base_2035;nickel
b2c2d0fe2ee448aa67235d3aa4c3ba17;uranium enrichment diffusion facility construction;US;uranium enrichment diffusion facility;;market for nickel, class 1;4080000.0;kilogram;nickel, class 1;0.0;technosphere;GLO;ecoinvent_cutoff_3.9_remind_SSP2-Base_2035;nickel
b3fcc4e8e4fc539d2e9a2995a5a1d275;liquefied petroleum gas production, petroleum refinery operation;Europe without Switzerland;liquefied petroleum gas;;market for nickel, class 1;8.802325582571625e-07;kilogram;nickel, class 1;0.0;technosphere;GLO;ecoinvent_cutoff_3.9_remind_SSP2-Base_2035;nickel
b42642b41f907c4b302fe026ca81f405;petroleum refinery operation;CH;petrol, unleaded;;market for nickel, class 1;1.5781568763249712e-08;kilogram;nickel, class 1;0.0;technosphere;GLO;ecoinvent_cutoff_3.9_remind_SSP2-Base_2035;nickel
b4b7010539ac4f75aa01663a5b09b79b;SNG production plant;RER;SNG production plant;;market for nickel, class 1;2690.0;kilogram;nickel, class 1;;technosphere;GLO;ecoinvent_cutoff_3.9_remind_SSP2-Base_2035;nickel
b4e32651bd935b988c2d1973ac59791a;resorcinol production, hydrolysis of meta-phenylene diamine;GLO;para-phenylene diamine;;market for nickel, class 1;0.00010923558997493188;kilogram;nickel, class 1;0.0;technosphere;GLO;ecoinvent_cutoff_3.9_remind_SSP2-Base_2035;nickel
b546b7da2dcba817a90bae727b5db512;light fuel oil production, petroleum refinery operation;CO;light fuel oil;;market for nickel, class 1;1.4430467059036786e-06;kilogram;nickel, class 1;0.0;technosphere;GLO;ecoinvent_cutoff_3.9_remind_SSP2-Base_2035;nickel
b55601fa78dda4a08f9b3f752732d4d6;ammonia production, steam reforming, liquid;RER w/o RU;steam, in chemical industry;;market for nickel, class 1;1.539015030380556e-05;kilogram;nickel, class 1;0.0;technosphere;GLO;ecoinvent_cutoff_3.9_remind_SSP2-Base_2035;nickel
b5b50fb7b97002e04ca9cc989ea7e31d;base oil production, petroleum refinery operation;Europe without Switzerland;base oil;;market for nickel, class 1;1.3300563550611523e-07;kilogram;nickel, class 1;0.0;technosphere;GLO;ecoinvent_cutoff_3.9_remind_SSP2-Base_2035;nickel
b5b678c1c5d4a5053f4d71e1e959640d;ferronickel production;GLO;ferronickel;;market for nickel smelter slag;-12.675;kilogram;nickel smelter slag;0.0;technosphere;GLO;ecoinvent_cutoff_3.9_remind_SSP2-Base_2035;nickel
b5d729734385452fa8e6c88dffdc7ada;hydrogen production, steam methane reforming of natural gas, 25 bar;CH;hydrogen, gaseous, 25 bar;;market for nickel, class 1;0.00020292014459767036;kilogram;nickel, class 1;;technosphere;GLO;ecoinvent_cutoff_3.9_remind_SSP2-Base_2035;nickel
b64dae1cefcbb8112c6fa7e01236c14c;base oil production, petroleum refinery operation;IN;base oil;;market for nickel, class 1;2.4622656486795046e-07;kilogram;nickel, class 1;0.0;technosphere;GLO;ecoinvent_cutoff_3.9_remind_SSP2-Base_2035;nickel
b71d498b7e90a025b862a0551610fafd;liquefied petroleum gas production, petroleum refinery operation;RoW;liquefied petroleum gas;;market for nickel, class 1;8.802325582571625e-07;kilogram;nickel, class 1;0.0;technosphere;GLO;ecoinvent_cutoff_3.9_remind_SSP2-Base_2035;nickel
b73da65fc717da7ab15b41f2dc3e5a7f;petroleum slack wax production, petroleum refinery operation;PE;petroleum slack wax;;market for nickel, class 1;1.3113788352299149e-07;kilogram;nickel, class 1;0.0;technosphere;GLO;ecoinvent_cutoff_3.9_remind_SSP2-Base_2035;nickel
ba5773afa42479c6f2d745c3903be490;liquefied petroleum gas production, petroleum refinery operation;PE;liquefied petroleum gas;;market for nickel, class 1;1.4755079585806019e-06;kilogram;nickel, class 1;0.0;technosphere;GLO;ecoinvent_cutoff_3.9_remind_SSP2-Base_2035;nickel
bb15a0a5601e9ba5a01211301c3fe92f;selective coating, copper sheet, black chrome;RER;selective coat, copper sheet, black chrome;;market for nickel, class 1;0.0202;kilogram;nickel, class 1;0.0;technosphere;GLO;ecoinvent_cutoff_3.9_remind_SSP2-Base_2035;nickel
bb3d497804a78746699aa2a905be0ffb;steel production, converter, low-alloyed;IN;steel, low-alloyed;;market for nickel, class 1;1.608e-05;kilogram;nickel, class 1;0.0;technosphere;GLO;ecoinvent_cutoff_3.9_remind_SSP2-Base_2035;nickel
bc8a28df8e3c44522c87a5d12f29aef7;smelting and refining of nickel concentrate, 16% Ni;GLO;copper concentrate, sulfide ore;;market for nickel smelter slag;-0.6737023746865723;kilogram;nickel smelter slag;0.0;technosphere;GLO;ecoinvent_cutoff_3.9_remind_SSP2-Base_2035;nickel
bcbde121a5f004fab19d422b13e03150;light fuel oil production, petroleum refinery operation;Europe without Switzerland;light fuel oil;;market for nickel, class 1;1.2203850778055075e-06;kilogram;nickel, class 1;0.0;technosphere;GLO;ecoinvent_cutoff_3.9_remind_SSP2-Base_2035;nickel
bd90c453d8bf51979a8bdc9e0310071a;photovoltaic laminate production, multi-Si wafer;RER;photovoltaic laminate, multi-Si wafer;;market for nickel, class 1;0.00016277;kilogram;nickel, class 1;0.0;technosphere;GLO;ecoinvent_cutoff_3.9_remind_SSP2-Base_2035;nickel
bda600222bb830425bef7f610ec0da37;C3 hydrocarbon production, mixture, petroleum refinery operation;CO;C3 hydrocarbon mixture;;market for nickel, class 1;1.9046764176320723e-05;kilogram;nickel, class 1;0.0;technosphere;GLO;ecoinvent_cutoff_3.9_remind_SSP2-Base_2035;nickel
beaa234b36ed9d306b66ed34a2341751;liquefied petroleum gas production, petroleum refinery operation;BR;liquefied petroleum gas;;market for nickel, class 1;1.4758396120430414e-06;kilogram;nickel, class 1;0.0;technosphere;GLO;ecoinvent_cutoff_3.9_remind_SSP2-Base_2035;nickel
bf41266390e3cc9bf260a69ccab54140;heavy fuel oil production, petroleum refinery operation;CO;heavy fuel oil;;market for nickel, class 1;2.3001350568150443e-07;kilogram;nickel, class 1;0.0;technosphere;GLO;ecoinvent_cutoff_3.9_remind_SSP2-Base_2035;nickel
bf92807211ec84e8f72b169d81f3c997;reformate production, petroleum refinery operation;BR;reformate;;market for nickel, class 1;3.382736219643598e-07;kilogram;nickel, class 1;0.0;technosphere;GLO;ecoinvent_cutoff_3.9_remind_SSP2-Base_2035;nickel
c00f0b595aaa58928fac8b6eade9a064;ferrochromium production, high-carbon, 68% Cr;KZ;ferrochromium, high-carbon, 68% Cr;;market for nickel smelter slag;-1.35;kilogram;nickel smelter slag;0.0;technosphere;GLO;ecoinvent_cutoff_3.9_remind_SSP2-Base_2035;nickel
c02ec52e29966b1a3541440bb3f94886;stirling heat and power co-generation unit construction, 3kW electrical, wood pellet, future;CH;stirling heat and power co-generation unit, 3kW electrical, wood pellet, future;;market for nickel, class 1;0.06;kilogram;nickel, class 1;0.0;technosphere;GLO;ecoinvent_cutoff_3.9_remind_SSP2-Base_2035;nickel
c18c92d09fc41f339f6e276d009bde88;manganese production;RER;manganese;;market for nickel smelter slag;-0.968;kilogram;nickel smelter slag;0.0;technosphere;GLO;ecoinvent_cutoff_3.9_remind_SSP2-Base_2035;nickel
c1dff9340d964532b849836b7565acfb;reformate production, petroleum refinery operation;IN;reformate;;market for nickel, class 1;3.716295276412091e-07;kilogram;nickel, class 1;0.0;technosphere;GLO;ecoinvent_cutoff_3.9_remind_SSP2-Base_2035;nickel
c1fd61e3898c48de931372b30c503195;hydrogen production, steam methane reforming, from biomethane, high and low temperature, 26 bar;CH;hydrogen, gaseous, 26 bar;;market for nickel, class 1;0.00020292014459767033;kilogram;nickel, class 1;;technosphere;GLO;ecoinvent_cutoff_3.9_remind_SSP2-Base_2035;nickel
c27c69be2029fdcb0392298082f72ee3;aircraft production, dedicated freight aircraft, very short haul;GLO;aircraft, dedicated freight, very short haul;;market for nickel, class 1;2539.0;kilogram;nickel, class 1;0.0;technosphere;GLO;ecoinvent_cutoff_3.9_remind_SSP2-Base_2035;nickel
c289c10490ae3ab9d2285d38755619af;liquefied petroleum gas production, petroleum refinery operation;IN;liquefied petroleum gas;;market for nickel, class 1;1.4349846515282599e-06;kilogram;nickel, class 1;0.0;technosphere;GLO;ecoinvent_cutoff_3.9_remind_SSP2-Base_2035;nickel
c3439558f54fd00832a7e6663d02993b;control cabinet production, heat and power co-generation unit, 160kW electrical;RER;control cabinet, heat and power co-generation unit, 160kW electrical;;market for nickel, class 1;0.34;kilogram;nickel, class 1;0.0;technosphere;GLO;ecoinvent_cutoff_3.9_remind_SSP2-Base_2035;nickel
c357160e3c678828bdbad2ac1deb8864;smelting and refining of nickel concentrate, 7% Ni;CN;steam, in chemical industry;;market for nickel concentrate, 7% Ni;0.017782491603662513;kilogram;nickel concentrate, 7% Ni;0.0;technosphere;CN;ecoinvent_cutoff_3.9_remind_SSP2-Base_2035;nickel
c357160e3c678828bdbad2ac1deb8864;smelting and refining of nickel concentrate, 7% Ni;CN;steam, in chemical industry;;market for nickel smelter slag;-0.017615548661064188;kilogram;nickel smelter slag;0.0;technosphere;GLO;ecoinvent_cutoff_3.9_remind_SSP2-Base_2035;nickel
c4631b67736ce2439e4868f68bd8cb2e;petroleum slack wax production, petroleum refinery operation;Europe without Switzerland;petroleum slack wax;;market for nickel, class 1;1.13137946638678e-07;kilogram;nickel, class 1;0.0;technosphere;GLO;ecoinvent_cutoff_3.9_remind_SSP2-Base_2035;nickel
c5b310e0e815c0f6324fa9599d3b697c;diode production, glass-, for through-hole mounting;GLO;diode, glass-, for through-hole mounting;;market for nickel, class 1;0.003848;kilogram;nickel, class 1;0.0;technosphere;GLO;ecoinvent_cutoff_3.9_remind_SSP2-Base_2035;nickel
c5b4539f907f5e96ad5425dc70cf66d8;flat glass production, coated;RoW;flat glass, coated;;market for nickel, class 1;5.97e-05;kilogram;nickel, class 1;0.0;technosphere;GLO;ecoinvent_cutoff_3.9_remind_SSP2-Base_2035;nickel
c5c4fb1410cae3277ced20101dcfeda0;control cabinet production, heat and power co-generation unit, 160kW electrical;RoW;control cabinet, heat and power co-generation unit, 160kW electrical;;market for nickel, class 1;0.34;kilogram;nickel, class 1;0.0;technosphere;GLO;ecoinvent_cutoff_3.9_remind_SSP2-Base_2035;nickel
c6338e3e7b7f424b7580de49cf81937f;electronic component production, passive, mobile, earpiece and speaker;GLO;electronic component, passive, mobile, earpiece and speaker;;market for nickel, class 1;0.00607978633893723;kilogram;nickel, class 1;0.0;technosphere;GLO;ecoinvent_cutoff_3.9_remind_SSP2-Base_2035;nickel
c7a271f5ecff9ecd6d147bc6148a8392;capacitor production, tantalum-, for through-hole mounting;GLO;capacitor, tantalum-, for through-hole mounting;;market for nickel, class 1;0.062752;kilogram;nickel, class 1;0.0;technosphere;GLO;ecoinvent_cutoff_3.9_remind_SSP2-Base_2035;nickel
c83ad69883d593d150526a989c4375be;C3 hydrocarbon production, mixture, petroleum refinery operation;PE;C3 hydrocarbon mixture;;market for nickel, class 1;1.733710460684668e-05;kilogram;nickel, class 1;0.0;technosphere;GLO;ecoinvent_cutoff_3.9_remind_SSP2-Base_2035;nickel
c8b4edb17127497d839e9e07b1bd06fd;vanadium slag production;ZA;vanadium slag;;market for nickel, class 1;0.0002707993474714519;kilogram;nickel, class 1;;technosphere;GLO;ecoinvent_cutoff_3.9_remind_SSP2-Base_2035;nickel
c93038137f734e4fa5914a064670aafb;platinum group metal, extraction and refinery operations;RU;iridium;;market for nickel smelter slag;-13939.972932776;kilogram;nickel smelter slag;;technosphere;GLO;ecoinvent_cutoff_3.9_remind_SSP2-Base_2035;nickel
c9393ca3e722e156f115e76d554f70e3;NMC811 hydroxide production, for Li-ion battery;RoW;NMC811 hydroxide;;market for nickel sulfate;1.2865385686616926;kilogram;nickel sulfate;0.0;technosphere;GLO;ecoinvent_cutoff_3.9_remind_SSP2-Base_2035;nickel
c9d60364a9bc5ad57062dda2e8ad32bc;NMC111 hydroxide production, for Li-ion battery;CN;NMC111 hydroxide;;market for nickel sulfate;0.5470798732961342;kilogram;nickel sulfate;0.0;technosphere;GLO;ecoinvent_cutoff_3.9_remind_SSP2-Base_2035;nickel
ccd653536d03ecda51eee8e1bfd24aeb;fuel cell production, stack solid oxide, 125kW electrical, future;RoW;fuel cell, stack solid oxide, 125kW electrical, future;;market for nickel, class 1;7.68;kilogram;nickel, class 1;0.0;technosphere;GLO;ecoinvent_cutoff_3.9_remind_SSP2-Base_2035;nickel
ce2b7bac9fbc144a8f1ecb742b19ff03;petroleum refinery operation;CH;liquefied petroleum gas;;market for nickel, class 1;1.539266659808768e-08;kilogram;nickel, class 1;0.0;technosphere;GLO;ecoinvent_cutoff_3.9_remind_SSP2-Base_2035;nickel
ce2d2aeb3e07aa4006b130d2895fc332;stirling heat and power co-generation unit construction, 3kW electrical, wood pellet, future;RoW;stirling heat and power co-generation unit, 3kW electrical, wood pellet, future;;market for nickel, class 1;0.06;kilogram;nickel, class 1;0.0;technosphere;GLO;ecoinvent_cutoff_3.9_remind_SSP2-Base_2035;nickel
ce8a151d88ba8e7868f001d22a911780;precious metal refinery construction;SE;precious metal refinery;;market for nickel smelter slag;-101880.0;kilogram;nickel smelter slag;0.0;technosphere;GLO;ecoinvent_cutoff_3.9_remind_SSP2-Base_2035;nickel
d0233422b0391e12d019a2c88c67bae9;sulfur production, petroleum refinery operation;RoW;sulfur;;market for nickel, class 1;1.8746279630293195e-08;kilogram;nickel, class 1;0.0;technosphere;GLO;ecoinvent_cutoff_3.9_remind_SSP2-Base_2035;nickel
d061e03ccd477d5f452ff612676fd39c;photovoltaic panel production, multi-Si wafer;RoW;photovoltaic panel, multi-Si wafer;;market for nickel, class 1;0.00016277;kilogram;nickel, class 1;0.0;technosphere;GLO;ecoinvent_cutoff_3.9_remind_SSP2-Base_2035;nickel
d17929d679852819c113bbae6c906203;diesel production, petroleum refinery operation;ZA;diesel;;market for nickel, class 1;1.072007373276861e-06;kilogram;nickel, class 1;0.0;technosphere;GLO;ecoinvent_cutoff_3.9_remind_SSP2-Base_2035;nickel
d24249a62db64632c57bbedaaeb75269;ammonia production, steam reforming, liquid;RNA;ammonia, anhydrous, liquid;;market for nickel, class 1;0.00035;kilogram;nickel, class 1;0.0;technosphere;GLO;ecoinvent_cutoff_3.9_remind_SSP2-Base_2035;nickel
d258fce47d70e578243b57e74623e6f0;smelting and refining of nickel concentrate, 16% Ni;GLO;sulfuric acid;;market for nickel smelter slag;-0.050515631119064076;kilogram;nickel smelter slag;0.0;technosphere;GLO;ecoinvent_cutoff_3.9_remind_SSP2-Base_2035;nickel
d2cf5c13fe7c469f89b51e553fb07495;hydrogen production, steam methane reforming, from biomethane, high and low temperature, with CCS (MDEA, 98% eff.), 26 bar;CH;hydrogen, gaseous, 26 bar;;market for nickel, class 1;0.00020292014459767036;kilogram;nickel, class 1;;technosphere;GLO;ecoinvent_cutoff_3.9_remind_SSP2-Base_2035;nickel
d39206b4fbb4f27b8ed62fea15dda179;diesel production, petroleum refinery operation;CO;diesel;;market for nickel, class 1;1.4508140997178127e-06;kilogram;nickel, class 1;0.0;technosphere;GLO;ecoinvent_cutoff_3.9_remind_SSP2-Base_2035;nickel
d452a083f085c449ca46d9726484f6bf;transistor production, wired, small size, through-hole mounting;GLO;transistor, wired, small size, through-hole mounting;;market for nickel, class 1;0.0812;kilogram;nickel, class 1;0.0;technosphere;GLO;ecoinvent_cutoff_3.9_remind_SSP2-Base_2035;nickel
d5250e9fea561a7906a4f2f4b9351464;C3 hydrocarbon production, mixture, petroleum refinery operation;ZA;C3 hydrocarbon mixture;;market for nickel, class 1;1.7332026829558573e-05;kilogram;nickel, class 1;0.0;technosphere;GLO;ecoinvent_cutoff_3.9_remind_SSP2-Base_2035;nickel
d54341826af483574c7818434d261ba8;gas power plant construction, combined cycle, 400MW electrical;RoW;gas power plant, combined cycle, 400MW electrical;;market for nickel, class 1;6300.0;kilogram;nickel, class 1;0.0;technosphere;GLO;ecoinvent_cutoff_3.9_remind_SSP2-Base_2035;nickel
d5ae8d7b11d658b8b0b3565998db9070;kerosene production, petroleum refinery operation;BR;kerosene;;market for nickel, class 1;1.6918663050006517e-06;kilogram;nickel, class 1;0.0;technosphere;GLO;ecoinvent_cutoff_3.9_remind_SSP2-Base_2035;nickel
d5fb3f6b87564a5255e37019180fdd57;printed wiring board production, for surface mounting, Pb free surface;GLO;printed wiring board, for surface mounting, Pb free surface;;market for nickel, class 1;0.00077474;kilogram;nickel, class 1;0.0;technosphere;GLO;ecoinvent_cutoff_3.9_remind_SSP2-Base_2035;nickel
d611a82ee462463b926dd26639a16291;NMC-111 hydroxide;GLO;NMC-111 hydroxide;;market for nickel sulfate;0.547079873296134;kilogram;nickel sulfate;;technosphere;GLO;ecoinvent_cutoff_3.9_remind_SSP2-Base_2035;nickel
d7d8a3ba8c2f8e187909780f3a25517a;biomethane production, high pressure from synthetic gas, wood, fluidised technology;RoW;biomethane, high pressure;;market for nickel, class 1;4.2942e-10;kilogram;nickel, class 1;0.0;technosphere;GLO;ecoinvent_cutoff_3.9_remind_SSP2-Base_2035;nickel
d83e9aee67b5c67c9a08b663c6a694e5;refinery gas production, petroleum refinery operation;PE;refinery gas;;market for nickel, class 1;1.5046530039964568e-06;kilogram;nickel, class 1;0.0;technosphere;GLO;ecoinvent_cutoff_3.9_remind_SSP2-Base_2035;nickel
d91bd4fbe9d846f77a6455fcfe1346cc;NCA hydroxide production, for Li-ion battery;CN;sodium sulfate, anhydrite;;market for nickel sulfate;0.030010936236565117;kilogram;nickel sulfate;0.0;technosphere;GLO;ecoinvent_cutoff_3.9_remind_SSP2-Base_2035;nickel
d99c820c1e2b6e788d51c1f38be0aad6;photovoltaic panel production, single-Si wafer;RoW;photovoltaic panel, single-Si wafer;;market for nickel, class 1;0.00016277;kilogram;nickel, class 1;0.0;technosphere;GLO;ecoinvent_cutoff_3.9_remind_SSP2-Base_2035;nickel
d9aac5692b4d122f91475cd9e581a07f;cobalt production;GLO;ammonia, anhydrous, liquid;;market for nickel smelter slag;-0.17177365058787553;kilogram;nickel smelter slag;0.0;technosphere;GLO;ecoinvent_cutoff_3.9_remind_SSP2-Base_2035;nickel
d9e2ddc007d8b6845fe43afe7304880e;ammonia production, steam reforming, liquid;UN-OCEANIA;ammonia, anhydrous, liquid;;market for nickel, class 1;0.00035;kilogram;nickel, class 1;0.0;technosphere;GLO;ecoinvent_cutoff_3.9_remind_SSP2-Base_2035;nickel
da173c1bdd8c240bdcc77584a9456c8a;ammonia production, steam reforming, liquid;CN;ammonia, anhydrous, liquid;;market for nickel, class 1;0.00035;kilogram;nickel, class 1;0.0;technosphere;GLO;ecoinvent_cutoff_3.9_remind_SSP2-Base_2035;nickel
dae8f9d5d89ac0914810059d0e40e34c;selective coating, aluminium sheet, nickel pigmented aluminium oxide;RoW;selective coat, aluminium sheet, nickel pigmented aluminium oxide;;market for nickel, class 1;0.0218;kilogram;nickel, class 1;0.0;technosphere;GLO;ecoinvent_cutoff_3.9_remind_SSP2-Base_2035;nickel
dd82b77d43922d359587e335961f9a33;platinum group metal mine operation, ore with high palladium content;RU;nickel, class 1;;market for nickel smelter slag;-10.213170027833991;kilogram;nickel smelter slag;0.0;technosphere;GLO;ecoinvent_cutoff_3.9_remind_SSP2-Base_2035;nickel
de752d316183a086145d8e616a65c668;selective coating, copper sheet, black chrome;CA-QC;selective coat, copper sheet, black chrome;;market for nickel, class 1;0.0202;kilogram;nickel, class 1;0.0;technosphere;GLO;ecoinvent_cutoff_3.9_remind_SSP2-Base_2035;nickel
decd25dbdfda7652eaf999dcfd8d50ea;petrol production, unleaded, petroleum refinery operation;ZA;petrol, unleaded;;market for nickel, class 1;2.243243981020407e-06;kilogram;nickel, class 1;0.0;technosphere;GLO;ecoinvent_cutoff_3.9_remind_SSP2-Base_2035;nickel
df3b7846473e9ff389b966887b405960;resistor production, surface-mounted;GLO;resistor, surface-mounted;;market for nickel, class 1;0.020295;kilogram;nickel, class 1;0.0;technosphere;GLO;ecoinvent_cutoff_3.9_remind_SSP2-Base_2035;nickel
df8ed95c6dfd9d000dd357015d77033d;smelting and refining of nickel concentrate, 7% Ni;CN;nickel, class 1;;market for nickel concentrate, 7% Ni;14.313874073401909;kilogram;nickel concentrate, 7% Ni;0.0;technosphere;CN;ecoinvent_cutoff_3.9_remind_SSP2-Base_2035;nickel
df8ed95c6dfd9d000dd357015d77033d;smelting and refining of nickel concentrate, 7% Ni;CN;nickel, class 1;;market for nickel smelter slag;-14.17949468995806;kilogram;nickel smelter slag;0.0;technosphere;GLO;ecoinvent_cutoff_3.9_remind_SSP2-Base_2035;nickel
dff05440afe7724185addcbf4dc5af93;naphtha production, petroleum refinery operation;BR;naphtha;;market for nickel, class 1;1.1396023472928454e-08;kilogram;nickel, class 1;0.0;technosphere;GLO;ecoinvent_cutoff_3.9_remind_SSP2-Base_2035;nickel
e01ba5fef019aba2b0d44ac19d839f2a;biomethane production, high pressure from synthetic gas, wood, fixed bed technology;CH;biomethane, high pressure;;market for nickel, class 1;4.2942e-10;kilogram;nickel, class 1;0.0;technosphere;GLO;ecoinvent_cutoff_3.9_remind_SSP2-Base_2035;nickel
e0629feff9e64d04a2ea309bf7471b46;hydrogen production, auto-thermal reforming of natural gas, with CCS (MDEA, 98% eff.), 25 bar;RER;hydrogen, gaseous, 25 bar;;market for nickel, class 1;0.00020292014459767036;kilogram;nickel, class 1;;technosphere;GLO;ecoinvent_cutoff_3.9_remind_SSP2-Base_2035;nickel
e0fae1c7ae77c9e22178c0c40187eb60;copper smelting facility construction;RoW;copper smelting facility;;market for nickel smelter slag;-3321400.0;kilogram;nickel smelter slag;0.0;technosphere;GLO;ecoinvent_cutoff_3.9_remind_SSP2-Base_2035;nickel
e1256149c235669e38fc54ffd14af362;C3 hydrocarbon production, mixture, petroleum refinery operation;RoW;C3 hydrocarbon mixture;;market for nickel, class 1;1.788381821117916e-05;kilogram;nickel, class 1;0.0;technosphere;GLO;ecoinvent_cutoff_3.9_remind_SSP2-Base_2035;nickel
e196eebb57acc7fab45a2f82ff5d8064;base oil production, petroleum refinery operation;ZA;base oil;;market for nickel, class 1;1.1735217326549298e-07;kilogram;nickel, class 1;0.0;technosphere;GLO;ecoinvent_cutoff_3.9_remind_SSP2-Base_2035;nickel
e1fba3cdf6ac497ea5d0a3a4b5c76da6;market for gas power plant, combined cycle, 400MW electrical;GLO;NGCC power plant, 400MWe;;market for nickel, class 1;6300.0;kilogram;nickel, class 1;;technosphere;GLO;ecoinvent_cutoff_3.9_remind_SSP2-Base_2035;nickel
e2137ecdeef3cd525fcee6b547a897a3;photovoltaic panel production, multi-Si wafer;RER;photovoltaic panel, multi-Si wafer;;market for nickel, class 1;0.00016277;kilogram;nickel, class 1;0.0;technosphere;GLO;ecoinvent_cutoff_3.9_remind_SSP2-Base_2035;nickel
e23afab9f29944ff46bf1e1c02a90e3e;ammonia production, partial oxidation, liquid;RoW;ammonia, anhydrous, liquid;;market for nickel, class 1;0.00035;kilogram;nickel, class 1;0.0;technosphere;GLO;ecoinvent_cutoff_3.9_remind_SSP2-Base_2035;nickel
e44bd9e6678616d876f126232151867a;transistor production, wired, big size, through-hole mounting;GLO;transistor, wired, big size, through-hole mounting;;market for nickel, class 1;0.00754;kilogram;nickel, class 1;0.0;technosphere;GLO;ecoinvent_cutoff_3.9_remind_SSP2-Base_2035;nickel
e60348a174eda1627166de36cf230d13;steel production, converter, low-alloyed;RoW;steel, low-alloyed;;market for nickel, class 1;5.83730914216236e-07;kilogram;nickel, class 1;0.0;technosphere;GLO;ecoinvent_cutoff_3.9_remind_SSP2-Base_2035;nickel
e682bf65f0a20228ae1cdfecffd5166d;hydrogen production, gaseous, petroleum refinery operation;Europe without Switzerland;hydrogen, gaseous;;market for nickel, class 1;9.30851625811558e-07;kilogram;nickel, class 1;0.0;technosphere;GLO;ecoinvent_cutoff_3.9_remind_SSP2-Base_2035;nickel
e74e305d14adee3da2dfeee1bdd43f12;diesel production, petroleum refinery operation;IN;diesel;;market for nickel, class 1;1.177381820809008e-06;kilogram;nickel, class 1;0.0;technosphere;GLO;ecoinvent_cutoff_3.9_remind_SSP2-Base_2035;nickel
e808f40cb931105675145e9660468e09;cobalt production;GLO;electrolyte, nickel-rich;;market for nickel smelter slag;-95.92323042798185;kilogram;nickel smelter slag;0.0;technosphere;GLO;ecoinvent_cutoff_3.9_remind_SSP2-Base_2035;nickel
e8dee7b081483e4dfa68dbba53b63d9f;photovoltaic laminate production, ribbon-Si;RoW;photovoltaic laminate, ribbon-Si;;market for nickel, class 1;0.00016277;kilogram;nickel, class 1;0.0;technosphere;GLO;ecoinvent_cutoff_3.9_remind_SSP2-Base_2035;nickel
e9366c5ad8a334e9bfefac4606770539;electricity production, medium voltage, petroleum refinery operation;Europe without Switzerland;electricity, medium voltage;;market for nickel, class 1;2.1171801222195094e-07;kilogram;nickel, class 1;0.0;technosphere;GLO;ecoinvent_cutoff_3.9_remind_SSP2-Base_2035;nickel
e9726a811906e445b7c3712f6b9c28f9;naphtha production, petroleum refinery operation;PE;naphtha;;market for nickel, class 1;1.134263977205786e-08;kilogram;nickel, class 1;0.0;technosphere;GLO;ecoinvent_cutoff_3.9_remind_SSP2-Base_2035;nickel
ebfea6e73610bbb327b242dca27e8ae3;liquefied petroleum gas production, petroleum refinery operation;ZA;liquefied petroleum gas;;market for nickel, class 1;7.333170357281285e-07;kilogram;nickel, class 1;0.0;technosphere;GLO;ecoinvent_cutoff_3.9_remind_SSP2-Base_2035;nickel
ec857d1ca6857c6f90e492b7da0f1de1;steel production, electric, low-alloyed;RoW;steel, low-alloyed;;market for nickel, class 1;2.2226551005597794e-05;kilogram;nickel, class 1;0.0;technosphere;GLO;ecoinvent_cutoff_3.9_remind_SSP2-Base_2035;nickel
ecfd0bcbbf2f4eeb4145b4e72dc623fd;selective coating, copper sheet, black majic;CA-QC;selective coat, copper sheet, black majic;;market for nickel, class 1;0.023723;kilogram;nickel, class 1;0.0;technosphere;GLO;ecoinvent_cutoff_3.9_remind_SSP2-Base_2035;nickel
edcbb15d66ad7eb71522f89a105dbb9d;cobalt production;GLO;cobalt oxide;;market for nickel smelter slag;-10.905814262575827;kilogram;nickel smelter slag;0.0;technosphere;GLO;ecoinvent_cutoff_3.9_remind_SSP2-Base_2035;nickel
eedc760495e84933b265fd180d864035;hydrogen production, steam methane reforming of natural gas, with CCS (MDEA, 98% eff.), 25 bar;CH;hydrogen, gaseous, 25 bar;;market for nickel, class 1;0.00020292014459767036;kilogram;nickel, class 1;;technosphere;GLO;ecoinvent_cutoff_3.9_remind_SSP2-Base_2035;nickel
eee13f09d392bf3af198e953c4ccadbc;electric parts production, mini CHP plant;RoW;electric parts, mini CHP plant;;market for nickel, class 1;0.06;kilogram;nickel, class 1;0.0;technosphere;GLO;ecoinvent_cutoff_3.9_remind_SSP2-Base_2035;nickel
efc7d8b2e8a451d3b423fb1874918afc;ammonia production, partial oxidation, liquid;CN;ammonia, anhydrous, liquid;;market for nickel, class 1;0.00035;kilogram;nickel, class 1;0.0;technosphere;GLO;ecoinvent_cutoff_3.9_remind_SSP2-Base_2035;nickel
f0a7b263fdf23e2a04ef6930b882389a;collector field area construction, solar thermal parabolic trough, 50 MW;ZA;collector field area, solar thermal parabolic trough, 50 MW;;market for nickel, class 1;54.0;kilogram;nickel, class 1;0.0;technosphere;GLO;ecoinvent_cutoff_3.9_remind_SSP2-Base_2035;nickel
f222db4a44c65973ab82c20351aa37f3;manganese production;RoW;manganese;;market for nickel smelter slag;-0.968;kilogram;nickel smelter slag;0.0;technosphere;GLO;ecoinvent_cutoff_3.9_remind_SSP2-Base_2035;nickel
f2b58d8752372e27fc358f4a1b6b6bb5;refinery gas production, petroleum refinery operation;BR;refinery gas;;market for nickel, class 1;1.504991208460642e-06;kilogram;nickel, class 1;0.0;technosphere;GLO;ecoinvent_cutoff_3.9_remind_SSP2-Base_2035;nickel
f2ebae0b5b434272b3c3db84365c7470;NCA hydroxide;GLO;NCA hydroxide;;market for nickel sulfate;1.312;kilogram;nickel sulfate;;technosphere;GLO;ecoinvent_cutoff_3.9_remind_SSP2-Base_2035;nickel
f33d5c241362354401b2b018863cfc5e;heavy fuel oil production, petroleum refinery operation;ZA;heavy fuel oil;;market for nickel, class 1;1.654617511328963e-07;kilogram;nickel, class 1;0.0;technosphere;GLO;ecoinvent_cutoff_3.9_remind_SSP2-Base_2035;nickel
f4e8f9e773206c58d4a9ce05bdfb1e69;diesel production, petroleum refinery operation;Europe without Switzerland;diesel;;market for nickel, class 1;1.2269539654229969e-06;kilogram;nickel, class 1;0.0;technosphere;GLO;ecoinvent_cutoff_3.9_remind_SSP2-Base_2035;nickel
f4e937b282db41c3c93027705fc4e542;light commercial vehicle production;RER;light commercial vehicle;;market for nickel, class 1;1.4;kilogram;nickel, class 1;0.0;technosphere;GLO;ecoinvent_cutoff_3.9_remind_SSP2-Base_2035;nickel
f5fae4a113418287906730a3839f964f;sulfur production, petroleum refinery operation;CO;sulfur;;market for nickel, class 1;3.919613644436567e-08;kilogram;nickel, class 1;0.0;technosphere;GLO;ecoinvent_cutoff_3.9_remind_SSP2-Base_2035;nickel
f675eff846fae26461e856b821dfd932;hydrogen production, steam reforming;RoW;hydrogen, gaseous;;market for nickel, class 1;0.00020292014459767;kilogram;nickel, class 1;0.0;technosphere;GLO;ecoinvent_cutoff_3.9_remind_SSP2-Base_2035;nickel
f738f002f570e0936dd08ab71c168eac;photovoltaic panel production, ribbon-Si;RER;photovoltaic panel, ribbon-Si;;market for nickel, class 1;0.00016277;kilogram;nickel, class 1;0.0;technosphere;GLO;ecoinvent_cutoff_3.9_remind_SSP2-Base_2035;nickel
f77583378094e572437b46eb6087ac06;diesel production, low-sulfur, petroleum refinery operation;Europe without Switzerland;diesel, low-sulfur;;market for nickel, class 1;1.3515410036974834e-06;kilogram;nickel, class 1;0.0;technosphere;GLO;ecoinvent_cutoff_3.9_remind_SSP2-Base_2035;nickel
f7eda748e505e1e21c3c30c791b2a997;naphtha production, petroleum refinery operation;RoW;naphtha;;market for nickel, class 1;6.661100075911791e-07;kilogram;nickel, class 1;0.0;technosphere;GLO;ecoinvent_cutoff_3.9_remind_SSP2-Base_2035;nickel
f8520578545d3fddf3ba28d562a6cd5d;integrated circuit production, logic type;GLO;integrated circuit, logic type;;market for nickel, class 1;0.00328;kilogram;nickel, class 1;0.0;technosphere;GLO;ecoinvent_cutoff_3.9_remind_SSP2-Base_2035;nickel
f8646e39503e2a8a5a49cde3b98e26b8;kerosene production, petroleum refinery operation;PE;kerosene;;market for nickel, class 1;1.6908913302722485e-06;kilogram;nickel, class 1;0.0;technosphere;GLO;ecoinvent_cutoff_3.9_remind_SSP2-Base_2035;nickel
f8cab547032d29701d702fe5bd51b5a8;kerosene production, petroleum refinery operation;Europe without Switzerland;kerosene;;market for nickel, class 1;1.2280963806608277e-06;kilogram;nickel, class 1;0.0;technosphere;GLO;ecoinvent_cutoff_3.9_remind_SSP2-Base_2035;nickel
f91a3ab939d1a1f846818f8a323e2a3c;aircraft production, belly-freight aircraft, short haul;GLO;aircraft, belly freight, short haul;;market for nickel, class 1;1198.175507;kilogram;nickel, class 1;0.0;technosphere;GLO;ecoinvent_cutoff_3.9_remind_SSP2-Base_2035;nickel
f9cbfcf4cbeffe44f69bf175c6148603;petrol production, unleaded, petroleum refinery operation;Europe without Switzerland;petrol, unleaded;;market for nickel, class 1;2.4533284396333102e-06;kilogram;nickel, class 1;0.0;technosphere;GLO;ecoinvent_cutoff_3.9_remind_SSP2-Base_2035;nickel
fb64403e133919b65febc6abbe10a6ad;petrol production, unleaded, petroleum refinery operation;RoW;petrol, unleaded;;market for nickel, class 1;2.4533284396333102e-06;kilogram;nickel, class 1;0.0;technosphere;GLO;ecoinvent_cutoff_3.9_remind_SSP2-Base_2035;nickel
fb7c6fbb8d5d77aa69da03a2b99f3692;cobalt production;GLO;nickel sulfate;;market for nickel smelter slag;-1.551176783508464;kilogram;nickel smelter slag;0.0;technosphere;GLO;ecoinvent_cutoff_3.9_remind_SSP2-Base_2035;nickel
fb9c47acd673c2e2d6787f952e7f9683;cobalt production;GLO;electricity, high voltage;;market for nickel smelter slag;-0.050397254241547874;kilogram;nickel smelter slag;0.0;technosphere;GLO;ecoinvent_cutoff_3.9_remind_SSP2-Base_2035;nickel
fbcb28e9a95e4b45aac535c351c76530;diesel production, low-sulfur, petroleum refinery operation;RoW;diesel, low-sulfur;;market for nickel, class 1;1.3515410036974834e-06;kilogram;nickel, class 1;0.0;technosphere;GLO;ecoinvent_cutoff_3.9_remind_SSP2-Base_2035;nickel
fbccb5f9d84e98ecb71427b5c087d888;fuel cell production, solid oxide, 125kW electrical, future;RoW;fuel cell, solid oxide, 125kW electrical, future;;market for nickel, class 1;25.0;kilogram;nickel, class 1;0.0;technosphere;GLO;ecoinvent_cutoff_3.9_remind_SSP2-Base_2035;nickel
fd3312025e2f9259c3c7a22dfe5f9a8f;resorcinol production, hydrolysis of meta-phenylene diamine;GLO;ortho-phenylene diamine;;market for nickel, class 1;0.0002283876023171342;kilogram;nickel, class 1;0.0;technosphere;GLO;ecoinvent_cutoff_3.9_remind_SSP2-Base_2035;nickel
fd547c07109e2993b15e651895c011c6;selective coating, copper sheet, black chrome;RoW;selective coat, copper sheet, black chrome;;market for nickel, class 1;0.0202;kilogram;nickel, class 1;0.0;technosphere;GLO;ecoinvent_cutoff_3.9_remind_SSP2-Base_2035;nickel
fddd1ea5c9bce6404d9b6873b93ebe5e;petrol production, unleaded, petroleum refinery operation;CO;petrol, unleaded;;market for nickel, class 1;3.1178037214077916e-06;kilogram;nickel, class 1;0.0;technosphere;GLO;ecoinvent_cutoff_3.9_remind_SSP2-Base_2035;nickel
fe5d86e9888acfd01345a661cea8f17e;sulfur production, petroleum refinery operation;Europe without Switzerland;sulfur;;market for nickel, class 1;1.8746279630293195e-08;kilogram;nickel, class 1;0.0;technosphere;GLO;ecoinvent_cutoff_3.9_remind_SSP2-Base_2035;nickel
