code;name;location;reference product;categories;ex_name;ex_amount;ex_unit;ex_product;ex_production volume;ex_type;ex_location;database;material_group
0387196a56eb12762f38ea31ff35839f;primary zinc production from concentrate;RoW;gypsum, mineral;;market for strontium carbonate;1.4445843386022536e-06;kilogram;strontium carbonate;0.0;technosphere;GLO;ecoinvent_cutoff_3.9_remind_SSP2-PkBudg500_2060;strontium
0f73a478573dac55d327af6b3e636c2c;primary zinc production from concentrate;CA-QC;copper cake;;market for strontium carbonate;0.0023983354756789738;kilogram;strontium carbonate;0.0;technosphere;GLO;ecoinvent_cutoff_3.9_remind_SSP2-PkBudg500_2060;strontium
1046162a2c99c9666a9894b9c03e3d81;strontium carbonate production;GLO;sodium sulfide;;market for strontium sulfate, 90% SrSO4;1.3743598142324396;kilogram;strontium sulfate, 90% SrSO4;0.0;technosphere;GLO;ecoinvent_cutoff_3.9_remind_SSP2-PkBudg500_2060;strontium
10af21108f18346347c7479c8d4a1cc9;primary zinc production from concentrate;CA-QC;sulfur dioxide, liquid;;market for strontium carbonate;0.00012938288208303892;kilogram;strontium carbonate;0.0;technosphere;GLO;ecoinvent_cutoff_3.9_remind_SSP2-PkBudg500_2060;strontium
1608ce808018afb0c784c6021a07d4e2;primary zinc production from concentrate;RoW;sulfur;;market for strontium carbonate;1.5941783843900037e-05;kilogram;strontium carbonate;0.0;technosphere;GLO;ecoinvent_cutoff_3.9_remind_SSP2-PkBudg500_2060;strontium
1a5654b42884d8d190670e5b6d6a2b74;primary zinc production from concentrate;CA-QC;zinc;;market for strontium carbonate;0.0010271618119569502;kilogram;strontium carbonate;0.0;technosphere;GLO;ecoinvent_cutoff_3.9_remind_SSP2-PkBudg500_2060;strontium
1b87ffae223749a8a2296b05f2089c44;electrolyzer production, 1MWe, SOEC, Stack;RER;electrolyzer, 1MWe, SOEC, Stack;;market for strontium carbonate;21.0;kilogram;strontium carbonate;;technosphere;GLO;ecoinvent_cutoff_3.9_remind_SSP2-PkBudg500_2060;strontium
2a6c43899b5f1c6566ef4714a8856c5b;primary zinc production from concentrate;RoW;copper, cathode;;market for strontium carbonate;0.0010317355407685864;kilogram;strontium carbonate;0.0;technosphere;GLO;ecoinvent_cutoff_3.9_remind_SSP2-PkBudg500_2060;strontium
2f1c7e5e9dbbea46985e6b737ce326c9;primary zinc production from concentrate;RoW;cadmium sludge from zinc electrolysis;;market for strontium carbonate;0.00028599995277917077;kilogram;strontium carbonate;0.0;technosphere;GLO;ecoinvent_cutoff_3.9_remind_SSP2-PkBudg500_2060;strontium
2fa5112f5afd5bd41cf39c2df257bb01;primary zinc production from concentrate;CA-QC;sulfuric acid;;market for strontium carbonate;6.22223020704691e-05;kilogram;strontium carbonate;0.0;technosphere;GLO;ecoinvent_cutoff_3.9_remind_SSP2-PkBudg500_2060;strontium
34d959358311c13e722d76aa8831a987;primary zinc production from concentrate;RoW;copper sulfate;;market for strontium carbonate;0.0010892165913060994;kilogram;strontium carbonate;0.0;technosphere;GLO;ecoinvent_cutoff_3.9_remind_SSP2-PkBudg500_2060;strontium
38b4317187a596b150947a291b2f223d;primary zinc production from concentrate;CA-QC;cadmium sludge from zinc electrolysis;;market for strontium carbonate;0.0009776841825779317;kilogram;strontium carbonate;0.0;technosphere;GLO;ecoinvent_cutoff_3.9_remind_SSP2-PkBudg500_2060;strontium
5367e00a48c6b150866aa31205f61c58;primary zinc production from concentrate;RoW;cadmium;;market for strontium carbonate;0.00035749994097396276;kilogram;strontium carbonate;0.0;technosphere;GLO;ecoinvent_cutoff_3.9_remind_SSP2-PkBudg500_2060;strontium
6816483bfa4623c1237d46282a641353;primary zinc production from concentrate;RoW;sulfur dioxide, liquid;;market for strontium carbonate;3.784810967137905e-05;kilogram;strontium carbonate;0.0;technosphere;GLO;ecoinvent_cutoff_3.9_remind_SSP2-PkBudg500_2060;strontium
70385b6906939453cf390376e22eee01;primary zinc production from concentrate;RoW;lead concentrate;;market for strontium carbonate;0.00010863274226288946;kilogram;strontium carbonate;0.0;technosphere;GLO;ecoinvent_cutoff_3.9_remind_SSP2-PkBudg500_2060;strontium
72a62a903cd7636fcd3f739bc874de27;primary zinc production from concentrate;RoW;indium rich leaching residues, from zinc production;;market for strontium carbonate;1.242342531197938e-06;kilogram;strontium carbonate;0.0;technosphere;GLO;ecoinvent_cutoff_3.9_remind_SSP2-PkBudg500_2060;strontium
77f7e7d18761fe31b0d2772a12879239;primary zinc production from concentrate;RoW;heat, from steam, in chemical industry;;market for strontium carbonate;4.163352452730078e-06;kilogram;strontium carbonate;0.0;technosphere;GLO;ecoinvent_cutoff_3.9_remind_SSP2-PkBudg500_2060;strontium
8ebdcddc3b459d733b720f7fe6c403b7;primary zinc production from concentrate;RoW;cobalt;;market for strontium carbonate;0.007661161825606804;kilogram;strontium carbonate;0.0;technosphere;GLO;ecoinvent_cutoff_3.9_remind_SSP2-PkBudg500_2060;strontium
a344462f42ad9bfd317059c6a3e0e51f;primary zinc production from concentrate;RoW;ammonium sulfate;;market for strontium carbonate;0.00010978840973377128;kilogram;strontium carbonate;0.0;technosphere;GLO;ecoinvent_cutoff_3.9_remind_SSP2-PkBudg500_2060;strontium
c28fea90ce64b01bee44487232ad77bf;primary zinc production from concentrate;RoW;zinc;;market for strontium carbonate;0.00030047354242926876;kilogram;strontium carbonate;0.0;technosphere;GLO;ecoinvent_cutoff_3.9_remind_SSP2-PkBudg500_2060;strontium
ce9d3f1079011c9547a64c8d3c76adc7;primary zinc production from concentrate;RoW;sulfuric acid;;market for strontium carbonate;1.82017626663884e-05;kilogram;strontium carbonate;0.0;technosphere;GLO;ecoinvent_cutoff_3.9_remind_SSP2-PkBudg500_2060;strontium
cff6b310b4d72657cb3dc4c02f951829;primary zinc production from concentrate;RoW;silver;;market for strontium carbonate;0.09371230290077578;kilogram;strontium carbonate;0.0;technosphere;GLO;ecoinvent_cutoff_3.9_remind_SSP2-PkBudg500_2060;strontium
d7887c75c3e4127548a9caf0f4bac50a;primary zinc production from concentrate;RoW;gold;;market for strontium carbonate;7.260015850794788;kilogram;strontium carbonate;0.0;technosphere;GLO;ecoinvent_cutoff_3.9_remind_SSP2-PkBudg500_2060;strontium
d82453d9c3d0740d26e7f83eb7bfd671;primary zinc production from concentrate;RoW;zinc monosulfate;;market for strontium carbonate;0.0001360798446963323;kilogram;strontium carbonate;0.0;technosphere;GLO;ecoinvent_cutoff_3.9_remind_SSP2-PkBudg500_2060;strontium
e8a4bf6eab47234fd72e2dda013ee22e;primary zinc production from concentrate;RoW;copper concentrate, sulfide ore;;market for strontium carbonate;0.0002427480457073711;kilogram;strontium carbonate;0.0;technosphere;GLO;ecoinvent_cutoff_3.9_remind_SSP2-PkBudg500_2060;strontium
f7b35670efbfe1966835b4bf2ef9b7ab;strontium carbonate production;GLO;strontium carbonate;;market for strontium sulfate, 90% SrSO4;0.9630930516401564;kilogram;strontium sulfate, 90% SrSO4;0.0;technosphere;GLO;ecoinvent_cutoff_3.9_remind_SSP2-PkBudg500_2060;strontium
f876d623de3323d7873961a88ad43574;primary zinc production from concentrate;RoW;copper cake;;market for strontium carbonate;0.0007015801677226386;kilogram;strontium carbonate;0.0;technosphere;GLO;ecoinvent_cutoff_3.9_remind_SSP2-PkBudg500_2060;strontium
f9aedfddfde4336bda343e418ddefe81;primary zinc production from concentrate;RoW;lead;;market for strontium carbonate;0.00021495414958401532;kilogram;strontium carbonate;0.0;technosphere;GLO;ecoinvent_cutoff_3.9_remind_SSP2-PkBudg500_2060;strontium
