code;name;location;reference product;categories;ex_name;ex_amount;ex_unit;ex_product;ex_production volume;ex_type;ex_location;database;material_group
03e50603653f0e725529548033fadc84;scandium oxide production, from rare earth tailings;CN-NM;scandium oxide;;market for rare earth tailings, from bastnaesite and monazite ore;5801.3902873867155;kilogram;rare earth tailings, from bastnaesite and monazite ore;0.0;technosphere;GLO;ecoinvent_cutoff_3.9_remind_SSP2-PkBudg500_2060;rare earth
0d01077974cd3217263cc7bc056028cd;rare earth oxides production, from rare earth carbonate concentrate;RoW;gadolinium oxide;;market for rare earth carbonate concentrate;2.484700487408064;kilogram;rare earth carbonate concentrate;0.0;technosphere;GLO;ecoinvent_cutoff_3.9_remind_SSP2-PkBudg500_2060;rare earth
0e743b027d9bcb9172bbc2cf1cfd9021;rare earth oxides production, from rare earth carbonate concentrate;RoW;lutetium oxide;;market for rare earth carbonate concentrate;126.03836129544733;kilogram;rare earth carbonate concentrate;0.0;technosphere;GLO;ecoinvent_cutoff_3.9_remind_SSP2-PkBudg500_2060;rare earth
19b285f398ca1468b6acbb49ea1a367d;rare earth oxides production, from rare earth carbonate concentrate;RoW;yttrium oxide;;market for rare earth carbonate concentrate;0.7418170285175918;kilogram;rare earth carbonate concentrate;0.0;technosphere;GLO;ecoinvent_cutoff_3.9_remind_SSP2-PkBudg500_2060;rare earth
263a29dbb8e9687f95ae248e2adc48b1;rare earth oxides production, from rare earth carbonate concentrate;CN-FJ;lanthanum oxide;;market for rare earth carbonate concentrate;1.1917959232397939;kilogram;rare earth carbonate concentrate;0.0;technosphere;GLO;ecoinvent_cutoff_3.9_remind_SSP2-PkBudg500_2060;rare earth
2d20e54bf9291c04788b1742ddf64885;mischmetal production, primary;GLO;mischmetal;;market for rare earth oxide concentrate, 70% REO;2.866;kilogram;rare earth oxide concentrate, 70% REO;0.0;technosphere;GLO;ecoinvent_cutoff_3.9_remind_SSP2-PkBudg500_2060;rare earth
301d5600ecc505d96858010d2572a4c2;rare earth oxides production, from rare earth carbonate concentrate;RoW;lanthanum oxide;;market for rare earth carbonate concentrate;1.1917959232397939;kilogram;rare earth carbonate concentrate;0.0;technosphere;GLO;ecoinvent_cutoff_3.9_remind_SSP2-PkBudg500_2060;rare earth
336f4ac9c1ce4a2b5d9653b12d25bb98;rare earth oxides production, from rare earth carbonate concentrate;RoW;ytterbium oxide;;market for rare earth carbonate concentrate;1.718872091743441;kilogram;rare earth carbonate concentrate;0.0;technosphere;GLO;ecoinvent_cutoff_3.9_remind_SSP2-PkBudg500_2060;rare earth
3a35bcddbbdfa4f806965110f21b1f9c;rare earth oxides production, from rare earth carbonate concentrate;RoW;dysprosium oxide;;market for rare earth carbonate concentrate;0.029319465741235343;kilogram;rare earth carbonate concentrate;0.0;technosphere;GLO;ecoinvent_cutoff_3.9_remind_SSP2-PkBudg500_2060;rare earth
3a7140c07b08708d818cade5f0119485;rare earth oxides production, from rare earth carbonate concentrate;CN-FJ;cerium oxide;;market for rare earth carbonate concentrate;0.669276508028067;kilogram;rare earth carbonate concentrate;0.0;technosphere;GLO;ecoinvent_cutoff_3.9_remind_SSP2-PkBudg500_2060;rare earth
41526971b3bacbd811bd484b5e0ce4d4;rare earth oxides production, from rare earth carbonate concentrate;CN-FJ;neodymium oxide;;market for rare earth carbonate concentrate;1.4060624124174625;kilogram;rare earth carbonate concentrate;0.0;technosphere;GLO;ecoinvent_cutoff_3.9_remind_SSP2-PkBudg500_2060;rare earth
421f0ca72fe69519fcefa3dc4f79b10e;rare earth oxides production, from rare earth carbonate concentrate;CN-FJ;ytterbium oxide;;market for rare earth carbonate concentrate;1.718872091743441;kilogram;rare earth carbonate concentrate;0.0;technosphere;GLO;ecoinvent_cutoff_3.9_remind_SSP2-PkBudg500_2060;rare earth
44c2ebe3f82e41137a457fadb7cc1daa;scandium oxide production, from rare earth tailings;CN-NM;rare earth oxide concentrate, 50% REO;;market for rare earth tailings, from bastnaesite and monazite ore;9.706158015559755;kilogram;rare earth tailings, from bastnaesite and monazite ore;0.0;technosphere;GLO;ecoinvent_cutoff_3.9_remind_SSP2-PkBudg500_2060;rare earth
4fe6b5aaf9a2cf114d4f21edc8b8417d;rare earth oxides production, from rare earth carbonate concentrate;RoW;erbium oxide;;market for rare earth carbonate concentrate;4.223990827575727;kilogram;rare earth carbonate concentrate;0.0;technosphere;GLO;ecoinvent_cutoff_3.9_remind_SSP2-PkBudg500_2060;rare earth
53c6dc099f53896bff3a5ea0fe269f77;rare earth oxides production, from rare earth carbonate concentrate;CN-FJ;praseodymium oxide;;market for rare earth carbonate concentrate;2.1784810290784193;kilogram;rare earth carbonate concentrate;0.0;technosphere;GLO;ecoinvent_cutoff_3.9_remind_SSP2-PkBudg500_2060;rare earth
5ebd396f52fd2c59f25dbe920972c7ad;rare earth oxides production, from rare earth carbonate concentrate;RoW;thulium oxide;;market for rare earth carbonate concentrate;33.67483758967949;kilogram;rare earth carbonate concentrate;0.0;technosphere;GLO;ecoinvent_cutoff_3.9_remind_SSP2-PkBudg500_2060;rare earth
608d8c818840e911818cd4e717436ba1;rare earth oxides production, from rare earth carbonate concentrate;RoW;holmium oxide;;market for rare earth carbonate concentrate;7.716301962810475;kilogram;rare earth carbonate concentrate;0.0;technosphere;GLO;ecoinvent_cutoff_3.9_remind_SSP2-PkBudg500_2060;rare earth
69a70824f4fc1471dc5125331af21df2;rare earth oxides production, from rare earth carbonate concentrate;CN-FJ;thulium oxide;;market for rare earth carbonate concentrate;33.6748375896795;kilogram;rare earth carbonate concentrate;0.0;technosphere;GLO;ecoinvent_cutoff_3.9_remind_SSP2-PkBudg500_2060;rare earth
742bb3c81467be36a098a29592109ac5;scandium oxide production, from rare earth tailings;CN-NM;sulfur;;market for rare earth tailings, from bastnaesite and monazite ore;0.20839066106777443;kilogram;rare earth tailings, from bastnaesite and monazite ore;0.0;technosphere;GLO;ecoinvent_cutoff_3.9_remind_SSP2-PkBudg500_2060;rare earth
845598e012c373c136d6c951dbf13583;scandium oxide production, from rare earth tailings;CN-NM;fluorspar, 97% purity;;market for rare earth tailings, from bastnaesite and monazite ore;0.7945392027077047;kilogram;rare earth tailings, from bastnaesite and monazite ore;0.0;technosphere;GLO;ecoinvent_cutoff_3.9_remind_SSP2-PkBudg500_2060;rare earth
87363ef791ad4a6d3a8b274276934340;rare earth oxides production, from rare earth carbonate concentrate;RoW;praseodymium oxide;;market for rare earth carbonate concentrate;2.1784810290784193;kilogram;rare earth carbonate concentrate;0.0;technosphere;GLO;ecoinvent_cutoff_3.9_remind_SSP2-PkBudg500_2060;rare earth
8b52ffba2ee100741066afb8acf76b1a;rare earth oxides production, from rare earth carbonate concentrate;RoW;terbium oxide;;market for rare earth carbonate concentrate;0.0764045399648934;kilogram;rare earth carbonate concentrate;0.0;technosphere;GLO;ecoinvent_cutoff_3.9_remind_SSP2-PkBudg500_2060;rare earth
9e6e7b9962480d31ccf737578daccc2d;rare earth oxides production, from rare earth carbonate concentrate;CN-FJ;yttrium oxide;;market for rare earth carbonate concentrate;0.7418170285175917;kilogram;rare earth carbonate concentrate;0.0;technosphere;GLO;ecoinvent_cutoff_3.9_remind_SSP2-PkBudg500_2060;rare earth
a494bbd478becb66b1ba93df8ab0a2ca;rare earth oxides production, from rare earth carbonate concentrate;CN-FJ;lutetium oxide;;market for rare earth carbonate concentrate;126.0383612954473;kilogram;rare earth carbonate concentrate;0.0;technosphere;GLO;ecoinvent_cutoff_3.9_remind_SSP2-PkBudg500_2060;rare earth
adff6cf7a2dba9f38c09a5b41f252044;scandium oxide production, from rare earth tailings;CN-NM;iron ore concentrate;;market for rare earth tailings, from bastnaesite and monazite ore;0.1763725989597823;kilogram;rare earth tailings, from bastnaesite and monazite ore;0.0;technosphere;GLO;ecoinvent_cutoff_3.9_remind_SSP2-PkBudg500_2060;rare earth
bd2ade80331942f7b5115ddb92f6f13d;rare earth oxides production, from rare earth carbonate concentrate;RoW;europium oxide;;market for rare earth carbonate concentrate;0.023327766530259572;kilogram;rare earth carbonate concentrate;0.0;technosphere;GLO;ecoinvent_cutoff_3.9_remind_SSP2-PkBudg500_2060;rare earth
c038810ec1a38e38f55513b5f588ec2d;scandium oxide production, from rare earth tailings;CN-NM;pyrochlore concentrate;;market for rare earth tailings, from bastnaesite and monazite ore;44.95858847782423;kilogram;rare earth tailings, from bastnaesite and monazite ore;0.0;technosphere;GLO;ecoinvent_cutoff_3.9_remind_SSP2-PkBudg500_2060;rare earth
c629bf56dc0c0a6b8425e95b34cd416b;rare earth oxides production, from rare earth carbonate concentrate;CN-FJ;europium oxide;;market for rare earth carbonate concentrate;0.023327766530259572;kilogram;rare earth carbonate concentrate;0.0;technosphere;GLO;ecoinvent_cutoff_3.9_remind_SSP2-PkBudg500_2060;rare earth
c98b2a1a06dc70c0aa89b3e2e504bd7a;rare earth oxides production, from rare earth carbonate concentrate;RoW;neodymium oxide;;market for rare earth carbonate concentrate;1.4060624124174625;kilogram;rare earth carbonate concentrate;0.0;technosphere;GLO;ecoinvent_cutoff_3.9_remind_SSP2-PkBudg500_2060;rare earth
ce6ce02179ebefeb004b07f4fc76dd5d;rare earth oxides production, from rare earth carbonate concentrate;CN-FJ;holmium oxide;;market for rare earth carbonate concentrate;7.716301962810478;kilogram;rare earth carbonate concentrate;0.0;technosphere;GLO;ecoinvent_cutoff_3.9_remind_SSP2-PkBudg500_2060;rare earth
e23976dfb0ea1e47a0bf3b2b5c58a210;rare earth oxides production, from rare earth carbonate concentrate;CN-FJ;terbium oxide;;market for rare earth carbonate concentrate;0.0764045399648934;kilogram;rare earth carbonate concentrate;0.0;technosphere;GLO;ecoinvent_cutoff_3.9_remind_SSP2-PkBudg500_2060;rare earth
e27feb93f8a0453fd2a0ed3c2f3c561f;rare earth oxides production, from rare earth carbonate concentrate;CN-FJ;samarium oxide;;market for rare earth carbonate concentrate;0.5582840051201844;kilogram;rare earth carbonate concentrate;0.0;technosphere;GLO;ecoinvent_cutoff_3.9_remind_SSP2-PkBudg500_2060;rare earth
e91b1befc1fd51b97299bb5fd2f279df;rare earth oxides production, from rare earth carbonate concentrate;CN-FJ;gadolinium oxide;;market for rare earth carbonate concentrate;2.4847004874080634;kilogram;rare earth carbonate concentrate;0.0;technosphere;GLO;ecoinvent_cutoff_3.9_remind_SSP2-PkBudg500_2060;rare earth
ed91f242b28834d009beeaaaa19b014f;rare earth oxides production, from rare earth carbonate concentrate;RoW;samarium oxide;;market for rare earth carbonate concentrate;0.5582840051201844;kilogram;rare earth carbonate concentrate;0.0;technosphere;GLO;ecoinvent_cutoff_3.9_remind_SSP2-PkBudg500_2060;rare earth
ee974a56ccc58608510a5d27343e92e8;rare earth oxides production, from rare earth carbonate concentrate;CN-FJ;dysprosium oxide;;market for rare earth carbonate concentrate;0.029319465741235336;kilogram;rare earth carbonate concentrate;0.0;technosphere;GLO;ecoinvent_cutoff_3.9_remind_SSP2-PkBudg500_2060;rare earth
f3272647c784893e2e6f6f8d7b9e70a0;rare earth oxides production, from rare earth carbonate concentrate;CN-FJ;erbium oxide;;market for rare earth carbonate concentrate;4.223990827575727;kilogram;rare earth carbonate concentrate;0.0;technosphere;GLO;ecoinvent_cutoff_3.9_remind_SSP2-PkBudg500_2060;rare earth
f3df6053905e5c27ea247f4bde991d7a;rare earth oxides production, from rare earth carbonate concentrate;RoW;cerium oxide;;market for rare earth carbonate concentrate;0.669276508028067;kilogram;rare earth carbonate concentrate;0.0;technosphere;GLO;ecoinvent_cutoff_3.9_remind_SSP2-PkBudg500_2060;rare earth
