code;name;location;reference product;categories;classifications;ex_name;ex_amount;ex_unit;ex_product;ex_production volume;ex_type;ex_location;database
0a8e34a3968593ae10383938cd4359fa;market for biowaste;CH;biowaste;;[('ISIC rev.4 ecoinvent', '3821:Treatment and disposal of non-hazardous waste'), ('EcoSpold01Categories', 'biomass/production'), ('CPC', '391: Wastes from food and tobacco industry')];treatment of biowaste, industrial composting;-0.359191211497295;kilogram;biowaste;0.0;technosphere;CH;ecoinvent_cutoff_3.9_remind_SSP2-Base_2045
0d0f868fd02489c8edcffc13a315e2e3;treatment of garden biowaste, home composting in heaps;FR;biowaste, garden waste;;[('ISIC rev.4 ecoinvent', '3821:Treatment and disposal of non-hazardous waste'), ('CPC', '399: Other wastes and scraps')];treatment of garden biowaste, home composting in heaps;-1.0;kilogram;biowaste, garden waste;3500000000.0;production;FR;ecoinvent_cutoff_3.9_remind_SSP2-Base_2045
2d460a5ef3914ca7fe0d138ec2d59385;treatment of biowaste, industrial composting;CH;biowaste;;[('ISIC rev.4 ecoinvent', '3821:Treatment and disposal of non-hazardous waste'), ('EcoSpold01Categories', 'agricultural means of production/organic fertiliser'), ('CPC', '391: Wastes from food and tobacco industry')];treatment of biowaste, industrial composting;-1.0;kilogram;biowaste;826000000.0;production;CH;ecoinvent_cutoff_3.9_remind_SSP2-Base_2045
823439f23c9dcfd1d51cff3f354937cf;market for biowaste;RoW;biowaste;;[('ISIC rev.4 ecoinvent', '3821:Treatment and disposal of non-hazardous waste'), ('EcoSpold01Categories', 'biomass/fuels'), ('CPC', '391: Wastes from food and tobacco industry')];treatment of biowaste, industrial composting;-0.313080246550323;kilogram;biowaste;0.0;technosphere;RoW;ecoinvent_cutoff_3.9_remind_SSP2-Base_2045
9372257d6aa1ba30e2a5b11343183088;white lined chipboard carton production;RoW;white lined chipboard carton;;[('ISIC rev.4 ecoinvent', '1701:Manufacture of pulp, paper and paperboard'), ('CPC', '32153: Cartons, boxes, cases, record sleeves and other packing containers (except bags) of paper, paperboard, cellulo[…]')];treatment of biowaste, industrial composting;-0.00113475924783257;kilogram;biowaste;0.0;technosphere;RoW;ecoinvent_cutoff_3.9_remind_SSP2-Base_2045
9d77b226b565d293851d03ed6f358e58;treatment of kitchen and garden biowaste, home composting in heaps and containers;FR;biowaste, kitchen and garden waste;;[('ISIC rev.4 ecoinvent', '3821:Treatment and disposal of non-hazardous waste'), ('CPC', '399: Other wastes and scraps')];treatment of kitchen and garden biowaste, home composting in heaps and containers;-1.0;kilogram;biowaste, kitchen and garden waste;1109600000.0;production;FR;ecoinvent_cutoff_3.9_remind_SSP2-Base_2045
b733a5bdef9c766731e58b8a55ccea16;market for biowaste, kitchen and garden waste;GLO;biowaste, kitchen and garden waste;;[('ISIC rev.4 ecoinvent', '3821:Treatment and disposal of non-hazardous waste'), ('CPC', '399: Other wastes and scraps')];treatment of kitchen and garden biowaste, home composting in heaps and containers;-0.0230016583747927;kilogram;biowaste, kitchen and garden waste;0.0;technosphere;FR;ecoinvent_cutoff_3.9_remind_SSP2-Base_2045
b733a5bdef9c766731e58b8a55ccea16;market for biowaste, kitchen and garden waste;GLO;biowaste, kitchen and garden waste;;[('ISIC rev.4 ecoinvent', '3821:Treatment and disposal of non-hazardous waste'), ('CPC', '399: Other wastes and scraps')];treatment of kitchen and garden biowaste, home composting in heaps and containers;-0.976998341625207;kilogram;biowaste, kitchen and garden waste;0.0;technosphere;RoW;ecoinvent_cutoff_3.9_remind_SSP2-Base_2045
cacd53b1169be88c2c9926fee4126db6;white lined chipboard carton production;RER;white lined chipboard carton;;[('ISIC rev.4 ecoinvent', '1701:Manufacture of pulp, paper and paperboard'), ('CPC', '32153: Cartons, boxes, cases, record sleeves and other packing containers (except bags) of paper, paperboard, cellulo[…]')];treatment of biowaste, industrial composting;-0.00113475924783257;kilogram;biowaste;0.0;technosphere;RoW;ecoinvent_cutoff_3.9_remind_SSP2-Base_2045
cc3a4dc5769092c72b8224223fed51e3;market for biowaste, garden waste;GLO;biowaste, garden waste;;[('ISIC rev.4 ecoinvent', '3821:Treatment and disposal of non-hazardous waste'), ('CPC', '399: Other wastes and scraps')];treatment of garden biowaste, home composting in heaps;-0.97700001314285;kilogram;biowaste, garden waste;0.0;technosphere;RoW;ecoinvent_cutoff_3.9_remind_SSP2-Base_2045
cc3a4dc5769092c72b8224223fed51e3;market for biowaste, garden waste;GLO;biowaste, garden waste;;[('ISIC rev.4 ecoinvent', '3821:Treatment and disposal of non-hazardous waste'), ('CPC', '399: Other wastes and scraps')];treatment of garden biowaste, home composting in heaps;-0.0229999868571504;kilogram;biowaste, garden waste;0.0;technosphere;FR;ecoinvent_cutoff_3.9_remind_SSP2-Base_2045
e88e832e9143a5126f7cbb9f940fe941;treatment of biowaste, industrial composting;RoW;biowaste;;[('ISIC rev.4 ecoinvent', '3821:Treatment and disposal of non-hazardous waste'), ('EcoSpold01Categories', 'agricultural means of production/organic fertiliser'), ('CPC', '391: Wastes from food and tobacco industry')];treatment of biowaste, industrial composting;-1.0;kilogram;biowaste;81774000000.0;production;RoW;ecoinvent_cutoff_3.9_remind_SSP2-Base_2045
f08120e9a9be066d9db279762bd149d5;treatment of garden biowaste, home composting in heaps;RoW;biowaste, garden waste;;[('ISIC rev.4 ecoinvent', '3821:Treatment and disposal of non-hazardous waste'), ('CPC', '399: Other wastes and scraps')];treatment of garden biowaste, home composting in heaps;-1.0;kilogram;biowaste, garden waste;148674000000.0;production;RoW;ecoinvent_cutoff_3.9_remind_SSP2-Base_2045
f168c0a2b106ddb722e57341b9d99b17;treatment of kitchen and garden biowaste, home composting in heaps and containers;RoW;biowaste, kitchen and garden waste;;[('ISIC rev.4 ecoinvent', '3821:Treatment and disposal of non-hazardous waste'), ('CPC', '399: Other wastes and scraps')];treatment of kitchen and garden biowaste, home composting in heaps and containers;-1.0;kilogram;biowaste, kitchen and garden waste;47130400000.0;production;RoW;ecoinvent_cutoff_3.9_remind_SSP2-Base_2045
