code;name;location;reference product;categories;ex_name;ex_amount;ex_unit;ex_product;ex_production volume;ex_type;ex_location;database;material_group
0508e36d1fb6fc06f291fb30ce63078f;ferrochromium production, high-carbon, 68% Cr;RoW;ferrochromium, high-carbon, 68% Cr;;market for bauxite;0.25;kilogram;bauxite;0.0;technosphere;GLO;ecoinvent_cutoff_3.9_remind_SSP2-PkBudg500_2065;bauxite
0f3c8ff499b99096d5e318cf2a339bbf;aluminium hydroxide production;CN;aluminium hydroxide;;market for bauxite;1.861;kilogram;bauxite;0.0;technosphere;GLO;ecoinvent_cutoff_3.9_remind_SSP2-PkBudg500_2065;bauxite
42c69a7fb8f25ffca24b31d8ee965fb1;aluminium hydroxide production;IAI Area, Russia & RER w/o EU27 & EFTA;aluminium hydroxide;;market for bauxite;1.861;kilogram;bauxite;0.0;technosphere;GLO;ecoinvent_cutoff_3.9_remind_SSP2-PkBudg500_2065;bauxite
44f50914fd6f9bd97e6c31419f6e1a58;refractory production, high aluminium oxide, packed;RoW;refractory, high aluminium oxide, packed;;market for bauxite;1.04;kilogram;bauxite;0.0;technosphere;GLO;ecoinvent_cutoff_3.9_remind_SSP2-PkBudg500_2065;bauxite
464b1477852d24d39a82d30d48c15235;clinker production;US;clinker;;market for bauxite;0.00012;kilogram;bauxite;0.0;technosphere;GLO;ecoinvent_cutoff_3.9_remind_SSP2-PkBudg500_2065;bauxite
50e12f4269bd138d3c1af86c677137e8;stone wool production;RoW;stone wool;;market for bauxite;0.062271;kilogram;bauxite;0.0;technosphere;GLO;ecoinvent_cutoff_3.9_remind_SSP2-PkBudg500_2065;bauxite
570132c4ee7fc51da6dc8bd3f88fedfc;aluminium hydroxide production;IAI Area, EU27 & EFTA;aluminium hydroxide;;market for bauxite;1.409;kilogram;bauxite;0.0;technosphere;GLO;ecoinvent_cutoff_3.9_remind_SSP2-PkBudg500_2065;bauxite
6370363f34fe796680af3499429857f5;clinker production;RoW;clinker;;market for bauxite;0.00449909374107036;kilogram;bauxite;0.0;technosphere;GLO;ecoinvent_cutoff_3.9_remind_SSP2-PkBudg500_2065;bauxite
642564289d5b27b8b8b0339e1ab3da64;aluminium hydroxide production;UN-OCEANIA;aluminium hydroxide;;market for bauxite;2.213;kilogram;bauxite;0.0;technosphere;GLO;ecoinvent_cutoff_3.9_remind_SSP2-PkBudg500_2065;bauxite
6ac3c0cfa9991b7f49bc8427de214c87;clinker production;ZA;clinker;;market for bauxite;0.04;kilogram;bauxite;0.0;technosphere;GLO;ecoinvent_cutoff_3.9_remind_SSP2-PkBudg500_2065;bauxite
6c415ade9bd38b20c51c87d9ffcde438;lime production, hydraulic;RoW;lime, hydraulic;;market for bauxite;0.00012;kilogram;bauxite;0.0;technosphere;GLO;ecoinvent_cutoff_3.9_remind_SSP2-PkBudg500_2065;bauxite
728233823577bef32e1b2e3c8ecabad2;clinker production;BR;clinker;;market for bauxite;0.0106;kilogram;bauxite;0.0;technosphere;GLO;ecoinvent_cutoff_3.9_remind_SSP2-PkBudg500_2065;bauxite
75d9d6447399d7be7da3ce50db2ff387;aluminium hydroxide production;IAI Area, Asia, without China and GCC;aluminium hydroxide;;market for bauxite;1.861;kilogram;bauxite;0.0;technosphere;GLO;ecoinvent_cutoff_3.9_remind_SSP2-PkBudg500_2065;bauxite
80182b08d415cbf669364d207f654e51;aluminium hydroxide production;RNA;aluminium hydroxide;;market for bauxite;1.46;kilogram;bauxite;0.0;technosphere;GLO;ecoinvent_cutoff_3.9_remind_SSP2-PkBudg500_2065;bauxite
83237c344c83adaa165667c3a0b7126f;stone wool production;CH;stone wool;;market for bauxite;0.062271;kilogram;bauxite;0.0;technosphere;GLO;ecoinvent_cutoff_3.9_remind_SSP2-PkBudg500_2065;bauxite
89f09fc0eebba6d4c8ea397e96fcade9;refractory production, high aluminium oxide, packed;DE;refractory, high aluminium oxide, packed;;market for bauxite;1.04;kilogram;bauxite;0.0;technosphere;GLO;ecoinvent_cutoff_3.9_remind_SSP2-PkBudg500_2065;bauxite
9afc6ff64b5057d4e5b6c57d6a4bc584;clinker production;CH;clinker;;market for bauxite;0.0027;kilogram;bauxite;0.0;technosphere;GLO;ecoinvent_cutoff_3.9_remind_SSP2-PkBudg500_2065;bauxite
b98e8c5e4e7c1dd7bd580ce67bc5e387;clinker production;Europe without Switzerland;clinker;;market for bauxite;0.00012;kilogram;bauxite;0.0;technosphere;GLO;ecoinvent_cutoff_3.9_remind_SSP2-PkBudg500_2065;bauxite
c00f0b595aaa58928fac8b6eade9a064;ferrochromium production, high-carbon, 68% Cr;KZ;ferrochromium, high-carbon, 68% Cr;;market for bauxite;0.25;kilogram;bauxite;0.0;technosphere;GLO;ecoinvent_cutoff_3.9_remind_SSP2-PkBudg500_2065;bauxite
c28daa5303a7750a9b9ccfd3a8e8a208;lime production, hydraulic;CH;lime, hydraulic;;market for bauxite;0.00012;kilogram;bauxite;0.0;technosphere;GLO;ecoinvent_cutoff_3.9_remind_SSP2-PkBudg500_2065;bauxite
d7e499a679e0c4b5dbb00d7d52a4a7f7;aluminium hydroxide production;IAI Area, South America;aluminium hydroxide;;market for bauxite;1.565;kilogram;bauxite;0.0;technosphere;GLO;ecoinvent_cutoff_3.9_remind_SSP2-PkBudg500_2065;bauxite
d97ecce7cc2c13235fc2a239d2db7b1e;clinker production;IN;clinker;;market for bauxite;0.0078;kilogram;bauxite;0.0;technosphere;GLO;ecoinvent_cutoff_3.9_remind_SSP2-PkBudg500_2065;bauxite
e3b2a3b421ea2ea8aeefd2c37a0c93c4;aluminium hydroxide production;RoW;aluminium hydroxide;;market for bauxite;1.861;kilogram;bauxite;0.0;technosphere;GLO;ecoinvent_cutoff_3.9_remind_SSP2-PkBudg500_2065;bauxite
e6b12fe3a84a44f96d41173737cf46ef;clinker production;CA-QC;clinker;;market for bauxite;0.00012;kilogram;bauxite;0.0;technosphere;GLO;ecoinvent_cutoff_3.9_remind_SSP2-PkBudg500_2065;bauxite
