code;name;location;reference product;categories;ex_name;ex_amount;ex_unit;ex_product;ex_production volume;ex_type;ex_location;database;material_group
049ab6ce0d5d3426601a771645b5098f;triple superphosphate production;RoW;triple superphosphate;;market for phosphate rock, beneficiated;0.0046427502555644205;kilogram;phosphate rock, beneficiated;0.0;technosphere;MA;ecoinvent_cutoff_3.9_remind_SSP2-PkBudg500_2020;phosphate rock
049ab6ce0d5d3426601a771645b5098f;triple superphosphate production;RoW;triple superphosphate;;market for phosphate rock, beneficiated;0.0046427502555644205;kilogram;phosphate rock, beneficiated;0.0;technosphere;US;ecoinvent_cutoff_3.9_remind_SSP2-PkBudg500_2020;phosphate rock
049ab6ce0d5d3426601a771645b5098f;triple superphosphate production;RoW;triple superphosphate;;market for phosphate rock, beneficiated;0.3497144994888711;kilogram;phosphate rock, beneficiated;0.0;technosphere;RoW;ecoinvent_cutoff_3.9_remind_SSP2-PkBudg500_2020;phosphate rock
06f7a6e446efbab198b21bd0a3dd7068;sugar beet production;RoW;sugar beet;;market for phosphate rock, beneficiated;1.0499364566007914e-06;kilogram;phosphate rock, beneficiated;0.0;technosphere;MA;ecoinvent_cutoff_3.9_remind_SSP2-PkBudg500_2020;phosphate rock
06f7a6e446efbab198b21bd0a3dd7068;sugar beet production;RoW;sugar beet;;market for phosphate rock, beneficiated;7.90863135433992e-05;kilogram;phosphate rock, beneficiated;0.0;technosphere;RoW;ecoinvent_cutoff_3.9_remind_SSP2-PkBudg500_2020;phosphate rock
0bf88afad64edf7783d40c9fce28be27;apricot production;IT;apricot;;market for phosphate rock, beneficiated;0.0001640625;kilogram;phosphate rock, beneficiated;0.0;technosphere;RER;ecoinvent_cutoff_3.9_remind_SSP2-PkBudg500_2020;phosphate rock
0cf1ed4ce7a087547c6f6870e58f53ce;bell pepper production, open field;IN-MH;bell pepper;;market for phosphate rock, beneficiated;0.00636410769230769;kilogram;phosphate rock, beneficiated;0.0;technosphere;RoW;ecoinvent_cutoff_3.9_remind_SSP2-PkBudg500_2020;phosphate rock
0da333e55c2e367da44b7c0b64506a75;seed-cotton production, conventional;RoW;seed-cotton;;market for phosphate rock, beneficiated;3.4893250725762526e-07;kilogram;phosphate rock, beneficiated;0.0;technosphere;RER;ecoinvent_cutoff_3.9_remind_SSP2-PkBudg500_2020;phosphate rock
0da333e55c2e367da44b7c0b64506a75;seed-cotton production, conventional;RoW;seed-cotton;;market for phosphate rock, beneficiated;1.0229626729761516e-06;kilogram;phosphate rock, beneficiated;0.0;technosphere;MA;ecoinvent_cutoff_3.9_remind_SSP2-PkBudg500_2020;phosphate rock
0da333e55c2e367da44b7c0b64506a75;seed-cotton production, conventional;RoW;seed-cotton;;market for phosphate rock, beneficiated;1.0229626729761516e-06;kilogram;phosphate rock, beneficiated;0.0;technosphere;US;ecoinvent_cutoff_3.9_remind_SSP2-PkBudg500_2020;phosphate rock
0da333e55c2e367da44b7c0b64506a75;seed-cotton production, conventional;RoW;seed-cotton;;market for phosphate rock, beneficiated;7.705451714679007e-05;kilogram;phosphate rock, beneficiated;0.0;technosphere;RoW;ecoinvent_cutoff_3.9_remind_SSP2-PkBudg500_2020;phosphate rock
0da92b5bba6ca87ae0478d366a5c421b;tomato production, processing grade, open field;RoW;tomato, processing grade;;market for phosphate rock, beneficiated;3.3566172916891764e-07;kilogram;phosphate rock, beneficiated;0.0;technosphere;MA;ecoinvent_cutoff_3.9_remind_SSP2-PkBudg500_2020;phosphate rock
0da92b5bba6ca87ae0478d366a5c421b;tomato production, processing grade, open field;RoW;tomato, processing grade;;market for phosphate rock, beneficiated;3.3566172916891764e-07;kilogram;phosphate rock, beneficiated;0.0;technosphere;US;ecoinvent_cutoff_3.9_remind_SSP2-PkBudg500_2020;phosphate rock
0da92b5bba6ca87ae0478d366a5c421b;tomato production, processing grade, open field;RoW;tomato, processing grade;;market for phosphate rock, beneficiated;2.5283671779068464e-05;kilogram;phosphate rock, beneficiated;0.0;technosphere;RoW;ecoinvent_cutoff_3.9_remind_SSP2-PkBudg500_2020;phosphate rock
0db34009359a17fe851467ae4d120ef2;potato production;RU;potato;;market for phosphate rock, beneficiated;2.9846994321269526e-08;kilogram;phosphate rock, beneficiated;0.0;technosphere;RER;ecoinvent_cutoff_3.9_remind_SSP2-PkBudg500_2020;phosphate rock
0db34009359a17fe851467ae4d120ef2;potato production;RU;potato;;market for phosphate rock, beneficiated;6.59109050567873e-06;kilogram;phosphate rock, beneficiated;0.0;technosphere;RoW;ecoinvent_cutoff_3.9_remind_SSP2-PkBudg500_2020;phosphate rock
0eaccb4accd44ec15c7207806376518f;sunn hemp production;RoW;sunn hemp plant, harvested;;market for phosphate rock, beneficiated;3.31764768082616e-08;kilogram;phosphate rock, beneficiated;0.0;technosphere;RER;ecoinvent_cutoff_3.9_remind_SSP2-PkBudg500_2020;phosphate rock
0eaccb4accd44ec15c7207806376518f;sunn hemp production;RoW;sunn hemp plant, harvested;;market for phosphate rock, beneficiated;9.726321477595418e-08;kilogram;phosphate rock, beneficiated;0.0;technosphere;MA;ecoinvent_cutoff_3.9_remind_SSP2-PkBudg500_2020;phosphate rock
0eaccb4accd44ec15c7207806376518f;sunn hemp production;RoW;sunn hemp plant, harvested;;market for phosphate rock, beneficiated;9.726321477595418e-08;kilogram;phosphate rock, beneficiated;0.0;technosphere;US;ecoinvent_cutoff_3.9_remind_SSP2-PkBudg500_2020;phosphate rock
0eaccb4accd44ec15c7207806376518f;sunn hemp production;RoW;sunn hemp plant, harvested;;market for phosphate rock, beneficiated;7.32633775277586e-06;kilogram;phosphate rock, beneficiated;0.0;technosphere;RoW;ecoinvent_cutoff_3.9_remind_SSP2-PkBudg500_2020;phosphate rock
14d857c62053b0c39651a3c8ec98dbb9;maize grain production;AR;maize grain;;market for phosphate rock, beneficiated;3.1925675675625e-05;kilogram;phosphate rock, beneficiated;0.0;technosphere;RoW;ecoinvent_cutoff_3.9_remind_SSP2-PkBudg500_2020;phosphate rock
17d12cf7217894036c18fe6d22b01453;onion production;RoW;onion;;market for phosphate rock, beneficiated;1.3322686964202604e-06;kilogram;phosphate rock, beneficiated;0.0;technosphere;MA;ecoinvent_cutoff_3.9_remind_SSP2-PkBudg500_2020;phosphate rock
17d12cf7217894036c18fe6d22b01453;onion production;RoW;onion;;market for phosphate rock, beneficiated;1.3322686964202604e-06;kilogram;phosphate rock, beneficiated;0.0;technosphere;US;ecoinvent_cutoff_3.9_remind_SSP2-PkBudg500_2020;phosphate rock
17d12cf7217894036c18fe6d22b01453;onion production;RoW;onion;;market for phosphate rock, beneficiated;0.00010035294915872248;kilogram;phosphate rock, beneficiated;0.0;technosphere;RoW;ecoinvent_cutoff_3.9_remind_SSP2-PkBudg500_2020;phosphate rock
1ef3d6f378d4054d410391a7398fc999;kenaf production, irrigated;IN;kenaf plant, harvested;;market for phosphate rock, beneficiated;3.77702032956803e-06;kilogram;phosphate rock, beneficiated;0.0;technosphere;RoW;ecoinvent_cutoff_3.9_remind_SSP2-PkBudg500_2020;phosphate rock
1fec6b09d5fd8a4c21680256c05267dc;coffee green bean production, arabica;CO;coffee, green bean;;market for phosphate rock, beneficiated;0.00146492881071875;kilogram;phosphate rock, beneficiated;0.0;technosphere;RoW;ecoinvent_cutoff_3.9_remind_SSP2-PkBudg500_2020;phosphate rock
20d1730cf16c5bcdc302137ab49e2b22;phosphoric acid production, dihydrate process;RER;phosphoric acid, fertiliser grade, without water, in 70% solution state;;market for phosphate rock, beneficiated;1.652777777777785;kilogram;phosphate rock, beneficiated;0.0;technosphere;RER;ecoinvent_cutoff_3.9_remind_SSP2-PkBudg500_2020;phosphate rock
2265beefe3436a20c0d508b08bb61ab9;barley production, Swiss integrated production, extensive;CH;barley grain, Swiss integrated production;;market for phosphate rock, beneficiated;0.0065456117199661126;kilogram;phosphate rock, beneficiated;0.0;technosphere;RER;ecoinvent_cutoff_3.9_remind_SSP2-PkBudg500_2020;phosphate rock
27d29c9d2f7f85662280704a0c1c266a;peach production;ES;peach;;market for phosphate rock, beneficiated;0.00100260416666563;kilogram;phosphate rock, beneficiated;0.0;technosphere;RER;ecoinvent_cutoff_3.9_remind_SSP2-PkBudg500_2020;phosphate rock
28021f2bfd76633035b7dc8d3dc49159;mulberry production;RoW;mulberry leaves;;market for phosphate rock, beneficiated;5.183824501290898e-08;kilogram;phosphate rock, beneficiated;0.0;technosphere;RER;ecoinvent_cutoff_3.9_remind_SSP2-PkBudg500_2020;phosphate rock
28021f2bfd76633035b7dc8d3dc49159;mulberry production;RoW;mulberry leaves;;market for phosphate rock, beneficiated;1.5197377308742908e-07;kilogram;phosphate rock, beneficiated;0.0;technosphere;MA;ecoinvent_cutoff_3.9_remind_SSP2-PkBudg500_2020;phosphate rock
28021f2bfd76633035b7dc8d3dc49159;mulberry production;RoW;mulberry leaves;;market for phosphate rock, beneficiated;1.5197377308742908e-07;kilogram;phosphate rock, beneficiated;0.0;technosphere;US;ecoinvent_cutoff_3.9_remind_SSP2-PkBudg500_2020;phosphate rock
28021f2bfd76633035b7dc8d3dc49159;mulberry production;RoW;mulberry leaves;;market for phosphate rock, beneficiated;1.1447402738712331e-05;kilogram;phosphate rock, beneficiated;0.0;technosphere;RoW;ecoinvent_cutoff_3.9_remind_SSP2-PkBudg500_2020;phosphate rock
2950601211fa40c25e8f8b5438a667db;mint seedling production, for planting;RoW;mint seedling, for planting;;market for phosphate rock, beneficiated;3.557883130978541e-09;kilogram;phosphate rock, beneficiated;0.0;technosphere;RER;ecoinvent_cutoff_3.9_remind_SSP2-PkBudg500_2020;phosphate rock
2950601211fa40c25e8f8b5438a667db;mint seedling production, for planting;RoW;mint seedling, for planting;;market for phosphate rock, beneficiated;1.0430617847580987e-08;kilogram;phosphate rock, beneficiated;0.0;technosphere;MA;ecoinvent_cutoff_3.9_remind_SSP2-PkBudg500_2020;phosphate rock
2950601211fa40c25e8f8b5438a667db;mint seedling production, for planting;RoW;mint seedling, for planting;;market for phosphate rock, beneficiated;7.856847986933154e-07;kilogram;phosphate rock, beneficiated;0.0;technosphere;RoW;ecoinvent_cutoff_3.9_remind_SSP2-PkBudg500_2020;phosphate rock
29692e61ba656adbd9c740bf3adbd332;tomato production, processing grade, open field;IT;tomato, processing grade;;market for phosphate rock, beneficiated;3.0626760563375e-05;kilogram;phosphate rock, beneficiated;0.0;technosphere;RER;ecoinvent_cutoff_3.9_remind_SSP2-PkBudg500_2020;phosphate rock
2b45647685348c992bb44726427612a8;miscanthus rhizome production, for planting;DE;miscanthus, chopped;;market for phosphate rock, beneficiated;0.00024594907407407405;kilogram;phosphate rock, beneficiated;0.0;technosphere;RER;ecoinvent_cutoff_3.9_remind_SSP2-PkBudg500_2020;phosphate rock
2b543e2830c95099123f66358173c1ed;wheat production, Swiss integrated production, intensive;CH;wheat grain, Swiss integrated production;;market for phosphate rock, beneficiated;0.0070660550178429215;kilogram;phosphate rock, beneficiated;0.0;technosphere;RER;ecoinvent_cutoff_3.9_remind_SSP2-PkBudg500_2020;phosphate rock
2bdda2c1a72c0bad350e38fc7909f20c;coffee green bean production, robusta;BR;coffee, green bean;;market for phosphate rock, beneficiated;0.00091636904761875;kilogram;phosphate rock, beneficiated;0.0;technosphere;RoW;ecoinvent_cutoff_3.9_remind_SSP2-PkBudg500_2020;phosphate rock
2c457de0f2fe6076e6fc75a1997dced3;hay production, organic, intensive;CH;hay, organic, intensive;;market for phosphate rock, beneficiated;0.00215451688127345;kilogram;phosphate rock, beneficiated;0.0;technosphere;RER;ecoinvent_cutoff_3.9_remind_SSP2-PkBudg500_2020;phosphate rock
2cae4602ec0154218fa6693db9050f44;maize grain production, Swiss integrated production;CH;maize grain, Swiss integrated production;;market for phosphate rock, beneficiated;0.0023425625;kilogram;phosphate rock, beneficiated;0.0;technosphere;RER;ecoinvent_cutoff_3.9_remind_SSP2-PkBudg500_2020;phosphate rock
2d5021cda04327095f3100cd07ca544e;sugar beet production;DE;sugar beet;;market for phosphate rock, beneficiated;1.3178176213125e-05;kilogram;phosphate rock, beneficiated;0.0;technosphere;RER;ecoinvent_cutoff_3.9_remind_SSP2-PkBudg500_2020;phosphate rock
326c9b5298a47c322c95be104c5157f5;rape seed production, Swiss integrated production, intensive;CH;rape seed, Swiss integrated production;;market for phosphate rock, beneficiated;0.0054121875;kilogram;phosphate rock, beneficiated;0.0;technosphere;RER;ecoinvent_cutoff_3.9_remind_SSP2-PkBudg500_2020;phosphate rock
3365e5880c5b088939d68a213e958641;kenaf production, irrigated;RoW;kenaf plant, harvested;;market for phosphate rock, beneficiated;1.6588238404130866e-08;kilogram;phosphate rock, beneficiated;0.0;technosphere;RER;ecoinvent_cutoff_3.9_remind_SSP2-PkBudg500_2020;phosphate rock
3365e5880c5b088939d68a213e958641;kenaf production, irrigated;RoW;kenaf plant, harvested;;market for phosphate rock, beneficiated;4.863160738797728e-08;kilogram;phosphate rock, beneficiated;0.0;technosphere;MA;ecoinvent_cutoff_3.9_remind_SSP2-PkBudg500_2020;phosphate rock
3365e5880c5b088939d68a213e958641;kenaf production, irrigated;RoW;kenaf plant, harvested;;market for phosphate rock, beneficiated;4.863160738797728e-08;kilogram;phosphate rock, beneficiated;0.0;technosphere;US;ecoinvent_cutoff_3.9_remind_SSP2-PkBudg500_2020;phosphate rock
3365e5880c5b088939d68a213e958641;kenaf production, irrigated;RoW;kenaf plant, harvested;;market for phosphate rock, beneficiated;3.6631688763879446e-06;kilogram;phosphate rock, beneficiated;0.0;technosphere;RoW;ecoinvent_cutoff_3.9_remind_SSP2-PkBudg500_2020;phosphate rock
343e7fab8549cae662f39e4173a42f78;orange production, processing grade;US;orange, processing grade;;market for phosphate rock, beneficiated;2.05981578173125e-05;kilogram;phosphate rock, beneficiated;0.0;technosphere;US;ecoinvent_cutoff_3.9_remind_SSP2-PkBudg500_2020;phosphate rock
34630e8d1e006e6e4c0aa46e695d29b9;soybean production;RoW;soybean;;market for phosphate rock, beneficiated;9.189060326417242e-06;kilogram;phosphate rock, beneficiated;0.0;technosphere;MA;ecoinvent_cutoff_3.9_remind_SSP2-PkBudg500_2020;phosphate rock
34630e8d1e006e6e4c0aa46e695d29b9;soybean production;RoW;soybean;;market for phosphate rock, beneficiated;0.0006921646558469419;kilogram;phosphate rock, beneficiated;0.0;technosphere;RoW;ecoinvent_cutoff_3.9_remind_SSP2-PkBudg500_2020;phosphate rock
35205030e931494d97542e8df256790d;ammonium nitrate phosphate production;RNA;ammonium nitrate phosphate;;market for phosphate rock, beneficiated;1.671875;kilogram;phosphate rock, beneficiated;0.0;technosphere;US;ecoinvent_cutoff_3.9_remind_SSP2-PkBudg500_2020;phosphate rock
3983d980ee5c01e1467a0fd10de4c868;ammonium nitrate phosphate production;RER;ammonium nitrate phosphate;;market for phosphate rock, beneficiated;1.671875;kilogram;phosphate rock, beneficiated;0.0;technosphere;RER;ecoinvent_cutoff_3.9_remind_SSP2-PkBudg500_2020;phosphate rock
3c095ef975fe924c9f347742f8bd383a;orange production, processing grade;RoW;orange, processing grade;;market for phosphate rock, beneficiated;2.8365795497495094e-07;kilogram;phosphate rock, beneficiated;0.0;technosphere;RER;ecoinvent_cutoff_3.9_remind_SSP2-PkBudg500_2020;phosphate rock
3c095ef975fe924c9f347742f8bd383a;orange production, processing grade;RoW;orange, processing grade;;market for phosphate rock, beneficiated;8.315977840891852e-07;kilogram;phosphate rock, beneficiated;0.0;technosphere;MA;ecoinvent_cutoff_3.9_remind_SSP2-PkBudg500_2020;phosphate rock
3c095ef975fe924c9f347742f8bd383a;orange production, processing grade;RoW;orange, processing grade;;market for phosphate rock, beneficiated;6.263998423999836e-05;kilogram;phosphate rock, beneficiated;0.0;technosphere;RoW;ecoinvent_cutoff_3.9_remind_SSP2-PkBudg500_2020;phosphate rock
3c293d833862181831059c9959d219e6;nutrient supply from phosphate rock, beneficiated;RoW;inorganic phosphorus fertiliser, as P2O5;;market for phosphate rock, beneficiated;0.04041391239175158;kilogram;phosphate rock, beneficiated;0.0;technosphere;MA;ecoinvent_cutoff_3.9_remind_SSP2-PkBudg500_2020;phosphate rock
3c293d833862181831059c9959d219e6;nutrient supply from phosphate rock, beneficiated;RoW;inorganic phosphorus fertiliser, as P2O5;;market for phosphate rock, beneficiated;0.04041391239175158;kilogram;phosphate rock, beneficiated;0.0;technosphere;US;ecoinvent_cutoff_3.9_remind_SSP2-PkBudg500_2020;phosphate rock
3c293d833862181831059c9959d219e6;nutrient supply from phosphate rock, beneficiated;RoW;inorganic phosphorus fertiliser, as P2O5;;market for phosphate rock, beneficiated;3.0441721752164965;kilogram;phosphate rock, beneficiated;0.0;technosphere;RoW;ecoinvent_cutoff_3.9_remind_SSP2-PkBudg500_2020;phosphate rock
3f49b44c20afe1249cd4edfe84825e5b;miscanthus production;DE;miscanthus, chopped;;market for phosphate rock, beneficiated;0.0072365625;kilogram;phosphate rock, beneficiated;0.0;technosphere;RER;ecoinvent_cutoff_3.9_remind_SSP2-PkBudg500_2020;phosphate rock
46204da5708b380ee84da669dbe46423;barley production, Swiss integrated production, intensive;CH;barley grain, Swiss integrated production;;market for phosphate rock, beneficiated;0.00626838734971715;kilogram;phosphate rock, beneficiated;0.0;technosphere;RER;ecoinvent_cutoff_3.9_remind_SSP2-PkBudg500_2020;phosphate rock
46cd53a51465e95d76d2834a20394cf4;phosphoric acid production, dihydrate process;RoW;fluosilicic acid, without water, in 22% solution state;;market for phosphate rock, beneficiated;4.621900428872945;kilogram;phosphate rock, beneficiated;0.0;technosphere;RoW;ecoinvent_cutoff_3.9_remind_SSP2-PkBudg500_2020;phosphate rock
491da3a942ca6b13618f42a05e2583d8;wheat production, Swiss integrated production, intensive;CH;straw;;market for phosphate rock, beneficiated;0.0006472722153749242;kilogram;phosphate rock, beneficiated;0.0;technosphere;RER;ecoinvent_cutoff_3.9_remind_SSP2-PkBudg500_2020;phosphate rock
4ad3d4b19fc2baa705947de263bd1f85;miscanthus rhizome production, for planting;DE;miscanthus rhizome, for planting;;market for phosphate rock, beneficiated;0.00024594907407407405;kilogram;phosphate rock, beneficiated;0.0;technosphere;RER;ecoinvent_cutoff_3.9_remind_SSP2-PkBudg500_2020;phosphate rock
4afa9bf5beb22e7f167f1ba6302377e3;miscanthus production;RoW;miscanthus, chopped;;market for phosphate rock, beneficiated;9.358649692557913e-05;kilogram;phosphate rock, beneficiated;0.0;technosphere;MA;ecoinvent_cutoff_3.9_remind_SSP2-PkBudg500_2020;phosphate rock
4afa9bf5beb22e7f167f1ba6302377e3;miscanthus production;RoW;miscanthus, chopped;;market for phosphate rock, beneficiated;9.358649692557913e-05;kilogram;phosphate rock, beneficiated;0.0;technosphere;US;ecoinvent_cutoff_3.9_remind_SSP2-PkBudg500_2020;phosphate rock
4afa9bf5beb22e7f167f1ba6302377e3;miscanthus production;RoW;miscanthus, chopped;;market for phosphate rock, beneficiated;0.007049389506148841;kilogram;phosphate rock, beneficiated;0.0;technosphere;RoW;ecoinvent_cutoff_3.9_remind_SSP2-PkBudg500_2020;phosphate rock
4c7fbba1a2e2b61642938a1ce87981de;strawberry production, open field, macro tunnel;ES;strawberry;;market for phosphate rock, beneficiated;0.000155909722222188;kilogram;phosphate rock, beneficiated;0.0;technosphere;RER;ecoinvent_cutoff_3.9_remind_SSP2-PkBudg500_2020;phosphate rock
4d1503488cf1bf4713ea84d0d06f6b84;phosphoric acid production, dihydrate process;MA;phosphoric acid, fertiliser grade, without water, in 70% solution state;;market for phosphate rock, beneficiated;1.5773270274196334;kilogram;phosphate rock, beneficiated;0.0;technosphere;MA;ecoinvent_cutoff_3.9_remind_SSP2-PkBudg500_2020;phosphate rock
4e82a1f2c6e56513bb1bf2ae41d288ea;sweet corn production;HU;sweet corn;;market for phosphate rock, beneficiated;9.2856390449375e-06;kilogram;phosphate rock, beneficiated;0.0;technosphere;RER;ecoinvent_cutoff_3.9_remind_SSP2-PkBudg500_2020;phosphate rock
51429c38130ddcc601239d22c72196af;single superphosphate production;RoW;single superphosphate;;market for phosphate rock, beneficiated;0.00848692160226783;kilogram;phosphate rock, beneficiated;0.0;technosphere;MA;ecoinvent_cutoff_3.9_remind_SSP2-PkBudg500_2020;phosphate rock
51429c38130ddcc601239d22c72196af;single superphosphate production;RoW;single superphosphate;;market for phosphate rock, beneficiated;0.00848692160226783;kilogram;phosphate rock, beneficiated;0.0;technosphere;US;ecoinvent_cutoff_3.9_remind_SSP2-PkBudg500_2020;phosphate rock
51429c38130ddcc601239d22c72196af;single superphosphate production;RoW;single superphosphate;;market for phosphate rock, beneficiated;0.6392761567954643;kilogram;phosphate rock, beneficiated;0.0;technosphere;RoW;ecoinvent_cutoff_3.9_remind_SSP2-PkBudg500_2020;phosphate rock
53c965ee1cd77c8454dbfaf091dffda1;wheat production, Swiss integrated production, extensive;CH;straw;;market for phosphate rock, beneficiated;0.0005640244504982633;kilogram;phosphate rock, beneficiated;0.0;technosphere;RER;ecoinvent_cutoff_3.9_remind_SSP2-PkBudg500_2020;phosphate rock
548e6f3b7b7a8cebc98531a44d2ccfa2;tomato production, fresh grade, in unheated greenhouse;RoW;tomato, fresh grade;;market for phosphate rock, beneficiated;2.782436634972121e-06;kilogram;phosphate rock, beneficiated;0.0;technosphere;MA;ecoinvent_cutoff_3.9_remind_SSP2-PkBudg500_2020;phosphate rock
548e6f3b7b7a8cebc98531a44d2ccfa2;tomato production, fresh grade, in unheated greenhouse;RoW;tomato, fresh grade;;market for phosphate rock, beneficiated;2.782436634972121e-06;kilogram;phosphate rock, beneficiated;0.0;technosphere;US;ecoinvent_cutoff_3.9_remind_SSP2-PkBudg500_2020;phosphate rock
548e6f3b7b7a8cebc98531a44d2ccfa2;tomato production, fresh grade, in unheated greenhouse;RoW;tomato, fresh grade;;market for phosphate rock, beneficiated;0.00020958664188161873;kilogram;phosphate rock, beneficiated;0.0;technosphere;RoW;ecoinvent_cutoff_3.9_remind_SSP2-PkBudg500_2020;phosphate rock
55c9c43f4eef61709345a7dc9845a11b;lemon production;RoW;lemon;;market for phosphate rock, beneficiated;3.001330990288325e-06;kilogram;phosphate rock, beneficiated;0.0;technosphere;MA;ecoinvent_cutoff_3.9_remind_SSP2-PkBudg500_2020;phosphate rock
55c9c43f4eef61709345a7dc9845a11b;lemon production;RoW;lemon;;market for phosphate rock, beneficiated;3.001330990288325e-06;kilogram;phosphate rock, beneficiated;0.0;technosphere;US;ecoinvent_cutoff_3.9_remind_SSP2-PkBudg500_2020;phosphate rock
55c9c43f4eef61709345a7dc9845a11b;lemon production;RoW;lemon;;market for phosphate rock, beneficiated;0.00022607482791286136;kilogram;phosphate rock, beneficiated;0.0;technosphere;RoW;ecoinvent_cutoff_3.9_remind_SSP2-PkBudg500_2020;phosphate rock
592081acd49b0bed6fe22a540f9493a2;lemon production;ES;lemon;;market for phosphate rock, beneficiated;0.0011972128378375;kilogram;phosphate rock, beneficiated;0.0;technosphere;RER;ecoinvent_cutoff_3.9_remind_SSP2-PkBudg500_2020;phosphate rock
5a8d9f94a994cc404cc8293cd270cfd7;sweet corn production;RoW;sweet corn;;market for phosphate rock, beneficiated;1.8438283057658324e-08;kilogram;phosphate rock, beneficiated;0.0;technosphere;MA;ecoinvent_cutoff_3.9_remind_SSP2-PkBudg500_2020;phosphate rock
5a8d9f94a994cc404cc8293cd270cfd7;sweet corn production;RoW;sweet corn;;market for phosphate rock, beneficiated;1.3888610362392216e-06;kilogram;phosphate rock, beneficiated;0.0;technosphere;RoW;ecoinvent_cutoff_3.9_remind_SSP2-PkBudg500_2020;phosphate rock
5b50125f3b2f612c2f876435196a4ded;strawberry production, open field, macro tunnel;RoW;strawberry;;market for phosphate rock, beneficiated;6.983832270994536e-07;kilogram;phosphate rock, beneficiated;0.0;technosphere;MA;ecoinvent_cutoff_3.9_remind_SSP2-PkBudg500_2020;phosphate rock
5b50125f3b2f612c2f876435196a4ded;strawberry production, open field, macro tunnel;RoW;strawberry;;market for phosphate rock, beneficiated;5.260561677290055e-05;kilogram;phosphate rock, beneficiated;0.0;technosphere;RoW;ecoinvent_cutoff_3.9_remind_SSP2-PkBudg500_2020;phosphate rock
5bc55255b4c08769e3f8b4cbf6d987fd;sunflower production;UA;sunflower seed;;market for phosphate rock, beneficiated;0.00570416666665625;kilogram;phosphate rock, beneficiated;0.0;technosphere;RER;ecoinvent_cutoff_3.9_remind_SSP2-PkBudg500_2020;phosphate rock
60cef7f01b9b2a3864708346bcc5fccb;cabbage white production;IN-MH;cabbage white;;market for phosphate rock, beneficiated;0.00183460227272727;kilogram;phosphate rock, beneficiated;0.0;technosphere;RoW;ecoinvent_cutoff_3.9_remind_SSP2-PkBudg500_2020;phosphate rock
637a7255b5fe1b3aa7ac03731f55fc39;triple superphosphate production;RER;triple superphosphate;;market for phosphate rock, beneficiated;0.359;kilogram;phosphate rock, beneficiated;0.0;technosphere;RER;ecoinvent_cutoff_3.9_remind_SSP2-PkBudg500_2020;phosphate rock
6466f7e4e2234c647b8870075ea951dd;monoammonium phosphate production;RNA;monoammonium phosphate;;market for phosphate rock, beneficiated;1.63;kilogram;phosphate rock, beneficiated;0.0;technosphere;US;ecoinvent_cutoff_3.9_remind_SSP2-PkBudg500_2020;phosphate rock
679467b3588782aff94f749f3bd4a084;phosphoric acid production, dihydrate process;US;fluosilicic acid, without water, in 22% solution state;;market for phosphate rock, beneficiated;4.60162347668703;kilogram;phosphate rock, beneficiated;0.0;technosphere;US;ecoinvent_cutoff_3.9_remind_SSP2-PkBudg500_2020;phosphate rock
680fa523d38736bfe54321d22b2c895b;orange production, fresh grade;RoW;orange, fresh grade;;market for phosphate rock, beneficiated;7.111693640033004e-08;kilogram;phosphate rock, beneficiated;0.0;technosphere;MA;ecoinvent_cutoff_3.9_remind_SSP2-PkBudg500_2020;phosphate rock
680fa523d38736bfe54321d22b2c895b;orange production, fresh grade;RoW;orange, fresh grade;;market for phosphate rock, beneficiated;5.35687307078717e-06;kilogram;phosphate rock, beneficiated;0.0;technosphere;RoW;ecoinvent_cutoff_3.9_remind_SSP2-PkBudg500_2020;phosphate rock
694644a85e40333cb6f97767f51890c0;sugar beet production;RU;sugar beet;;market for phosphate rock, beneficiated;2.273524054877116e-07;kilogram;phosphate rock, beneficiated;0.0;technosphere;RER;ecoinvent_cutoff_3.9_remind_SSP2-PkBudg500_2020;phosphate rock
694644a85e40333cb6f97767f51890c0;sugar beet production;RU;sugar beet;;market for phosphate rock, beneficiated;5.0206069834824786e-05;kilogram;phosphate rock, beneficiated;0.0;technosphere;RoW;ecoinvent_cutoff_3.9_remind_SSP2-PkBudg500_2020;phosphate rock
6d7ba2d770895c40c44a1779dcc1b5e9;sunflower production;RU;sunflower seed;;market for phosphate rock, beneficiated;4.03010654410312e-06;kilogram;phosphate rock, beneficiated;0.0;technosphere;RER;ecoinvent_cutoff_3.9_remind_SSP2-PkBudg500_2020;phosphate rock
6d7ba2d770895c40c44a1779dcc1b5e9;sunflower production;RU;sunflower seed;;market for phosphate rock, beneficiated;0.0008899655588027719;kilogram;phosphate rock, beneficiated;0.0;technosphere;RoW;ecoinvent_cutoff_3.9_remind_SSP2-PkBudg500_2020;phosphate rock
70c85b6a7f9e3e9c9716c823a0885ec8;phosphorus production, white, liquid;RoW;phosphorus, white, liquid;;market for phosphate rock, beneficiated;0.34003429738737956;kilogram;phosphate rock, beneficiated;0.0;technosphere;MA;ecoinvent_cutoff_3.9_remind_SSP2-PkBudg500_2020;phosphate rock
70c85b6a7f9e3e9c9716c823a0885ec8;phosphorus production, white, liquid;RoW;phosphorus, white, liquid;;market for phosphate rock, beneficiated;0.34003429738737956;kilogram;phosphate rock, beneficiated;0.0;technosphere;US;ecoinvent_cutoff_3.9_remind_SSP2-PkBudg500_2020;phosphate rock
70c85b6a7f9e3e9c9716c823a0885ec8;phosphorus production, white, liquid;RoW;phosphorus, white, liquid;;market for phosphate rock, beneficiated;25.61303485522524;kilogram;phosphate rock, beneficiated;0.0;technosphere;RoW;ecoinvent_cutoff_3.9_remind_SSP2-PkBudg500_2020;phosphate rock
70deb324f18ee2625f2607bf60fbdc54;soybean production;CH;soybean;;market for phosphate rock, beneficiated;0.009595625;kilogram;phosphate rock, beneficiated;0.0;technosphere;RER;ecoinvent_cutoff_3.9_remind_SSP2-PkBudg500_2020;phosphate rock
7137465f2a5893d7351a4608ee16c05b;rye production, Swiss integrated production, intensive;CH;straw;;market for phosphate rock, beneficiated;0.0006604090914192564;kilogram;phosphate rock, beneficiated;0.0;technosphere;RER;ecoinvent_cutoff_3.9_remind_SSP2-PkBudg500_2020;phosphate rock
747c2f1c51c1b7e0718934d7ac7d5bc0;single superphosphate production;RER;single superphosphate;;market for phosphate rock, beneficiated;0.65625;kilogram;phosphate rock, beneficiated;0.0;technosphere;RER;ecoinvent_cutoff_3.9_remind_SSP2-PkBudg500_2020;phosphate rock
7692c706acf4a94d0997b3eaf7dd9ff9;mineral supplement production, for beef cattle;GLO;mineral supplement, for beef cattle;;market for phosphate rock, beneficiated;0.006176088085413328;kilogram;phosphate rock, beneficiated;0.0;technosphere;RER;ecoinvent_cutoff_3.9_remind_SSP2-PkBudg500_2020;phosphate rock
7692c706acf4a94d0997b3eaf7dd9ff9;mineral supplement production, for beef cattle;GLO;mineral supplement, for beef cattle;;market for phosphate rock, beneficiated;0.018106388613789767;kilogram;phosphate rock, beneficiated;0.0;technosphere;MA;ecoinvent_cutoff_3.9_remind_SSP2-PkBudg500_2020;phosphate rock
7692c706acf4a94d0997b3eaf7dd9ff9;mineral supplement production, for beef cattle;GLO;mineral supplement, for beef cattle;;market for phosphate rock, beneficiated;0.018106388613789767;kilogram;phosphate rock, beneficiated;0.0;technosphere;US;ecoinvent_cutoff_3.9_remind_SSP2-PkBudg500_2020;phosphate rock
7692c706acf4a94d0997b3eaf7dd9ff9;mineral supplement production, for beef cattle;GLO;mineral supplement, for beef cattle;;market for phosphate rock, beneficiated;1.363861134687007;kilogram;phosphate rock, beneficiated;0.0;technosphere;RoW;ecoinvent_cutoff_3.9_remind_SSP2-PkBudg500_2020;phosphate rock
7b9abbfc0ca697679a9c3184290b92d8;olive production;ES;olive;;market for phosphate rock, beneficiated;0.0025099601593625;kilogram;phosphate rock, beneficiated;0.0;technosphere;RER;ecoinvent_cutoff_3.9_remind_SSP2-PkBudg500_2020;phosphate rock
8071cf5c32af81183055cca484bd995d;jute production, irrigated;IN;jute plant, harvested;;market for phosphate rock, beneficiated;2.83276524717602e-06;kilogram;phosphate rock, beneficiated;0.0;technosphere;RoW;ecoinvent_cutoff_3.9_remind_SSP2-PkBudg500_2020;phosphate rock
83185d3ee1de224e8eb18f2caf0ac0d8;coffee green bean production, arabica;HN;coffee, green bean;;market for phosphate rock, beneficiated;0.52005597015;kilogram;phosphate rock, beneficiated;0.0;technosphere;RoW;ecoinvent_cutoff_3.9_remind_SSP2-PkBudg500_2020;phosphate rock
83255d0096ad02aae919d0317e49f0f6;phosphoric acid production, dihydrate process;MA;fluosilicic acid, without water, in 22% solution state;;market for phosphate rock, beneficiated;4.60162347668703;kilogram;phosphate rock, beneficiated;0.0;technosphere;MA;ecoinvent_cutoff_3.9_remind_SSP2-PkBudg500_2020;phosphate rock
846f87f190c33ed23e2667cd28d44917;grape production;IN;grape;;market for phosphate rock, beneficiated;0.001446;kilogram;phosphate rock, beneficiated;0.0;technosphere;RoW;ecoinvent_cutoff_3.9_remind_SSP2-PkBudg500_2020;phosphate rock
8579cb0085404a546bcfbbfe81fc29d4;sugar beet production;CH;sugar beet;;market for phosphate rock, beneficiated;8.013625e-05;kilogram;phosphate rock, beneficiated;0.0;technosphere;RER;ecoinvent_cutoff_3.9_remind_SSP2-PkBudg500_2020;phosphate rock
85e08ec70141f51397fcbf4f16bd7c22;potato production;UA;potato;;market for phosphate rock, beneficiated;7.0784786950625e-05;kilogram;phosphate rock, beneficiated;0.0;technosphere;RER;ecoinvent_cutoff_3.9_remind_SSP2-PkBudg500_2020;phosphate rock
872fe5c22a503f242edf790026213dde;peach production;RoW;peach;;market for phosphate rock, beneficiated;1.3891744252001734e-06;kilogram;phosphate rock, beneficiated;0.0;technosphere;MA;ecoinvent_cutoff_3.9_remind_SSP2-PkBudg500_2020;phosphate rock
872fe5c22a503f242edf790026213dde;peach production;RoW;peach;;market for phosphate rock, beneficiated;1.3891744252001734e-06;kilogram;phosphate rock, beneficiated;0.0;technosphere;US;ecoinvent_cutoff_3.9_remind_SSP2-PkBudg500_2020;phosphate rock
872fe5c22a503f242edf790026213dde;peach production;RoW;peach;;market for phosphate rock, beneficiated;0.00010463936504647464;kilogram;phosphate rock, beneficiated;0.0;technosphere;RoW;ecoinvent_cutoff_3.9_remind_SSP2-PkBudg500_2020;phosphate rock
87bf879cf2ac3230c3f125f897975caa;rye production, Swiss integrated production, intensive;CH;rye grain, Swiss integrated production;;market for phosphate rock, beneficiated;0.005998715913724911;kilogram;phosphate rock, beneficiated;0.0;technosphere;RER;ecoinvent_cutoff_3.9_remind_SSP2-PkBudg500_2020;phosphate rock
88fa2f41d77c5c8242e45d150b16023f;monoammonium phosphate production;RER;monoammonium phosphate;;market for phosphate rock, beneficiated;1.63;kilogram;phosphate rock, beneficiated;0.0;technosphere;RER;ecoinvent_cutoff_3.9_remind_SSP2-PkBudg500_2020;phosphate rock
8bfd5acc3583f411b45a7b8b36283bcf;linseed seed production, at farm;CH;linseed seed, at farm;;market for phosphate rock, beneficiated;0.0054121875;kilogram;phosphate rock, beneficiated;0.0;technosphere;RER;ecoinvent_cutoff_3.9_remind_SSP2-PkBudg500_2020;phosphate rock
8d58d84210b7f3e979363e68753fc2fc;mint production;IN;mint;;market for phosphate rock, beneficiated;8.58409090909375e-06;kilogram;phosphate rock, beneficiated;0.0;technosphere;RoW;ecoinvent_cutoff_3.9_remind_SSP2-PkBudg500_2020;phosphate rock
8dc1be6d5eb3588fc2327c4cf1063b72;maize silage production, Swiss integrated production, intensive;CH;maize silage, Swiss integrated production;;market for phosphate rock, beneficiated;0.00083790625;kilogram;phosphate rock, beneficiated;0.0;technosphere;RER;ecoinvent_cutoff_3.9_remind_SSP2-PkBudg500_2020;phosphate rock
914ca434269b6859f7f68b8671b81033;sugarcane production;RoW;sugarcane;;market for phosphate rock, beneficiated;5.278771109803721e-07;kilogram;phosphate rock, beneficiated;0.0;technosphere;RER;ecoinvent_cutoff_3.9_remind_SSP2-PkBudg500_2020;phosphate rock
914ca434269b6859f7f68b8671b81033;sugarcane production;RoW;sugarcane;;market for phosphate rock, beneficiated;1.5475731530301823e-06;kilogram;phosphate rock, beneficiated;0.0;technosphere;MA;ecoinvent_cutoff_3.9_remind_SSP2-PkBudg500_2020;phosphate rock
914ca434269b6859f7f68b8671b81033;sugarcane production;RoW;sugarcane;;market for phosphate rock, beneficiated;1.5475731530301823e-06;kilogram;phosphate rock, beneficiated;0.0;technosphere;US;ecoinvent_cutoff_3.9_remind_SSP2-PkBudg500_2020;phosphate rock
914ca434269b6859f7f68b8671b81033;sugarcane production;RoW;sugarcane;;market for phosphate rock, beneficiated;0.00011657072658295926;kilogram;phosphate rock, beneficiated;0.0;technosphere;RoW;ecoinvent_cutoff_3.9_remind_SSP2-PkBudg500_2020;phosphate rock
9409b3f9d29ecd0fc1be11057d25ba0c;cocoa bean production, sun-dried;RoW;cocoa bean;;market for phosphate rock, beneficiated;8.626625162326582e-05;kilogram;phosphate rock, beneficiated;0.0;technosphere;RER;ecoinvent_cutoff_3.9_remind_SSP2-PkBudg500_2020;phosphate rock
9409b3f9d29ecd0fc1be11057d25ba0c;cocoa bean production, sun-dried;RoW;cocoa bean;;market for phosphate rock, beneficiated;0.00025290608788998355;kilogram;phosphate rock, beneficiated;0.0;technosphere;MA;ecoinvent_cutoff_3.9_remind_SSP2-PkBudg500_2020;phosphate rock
9409b3f9d29ecd0fc1be11057d25ba0c;cocoa bean production, sun-dried;RoW;cocoa bean;;market for phosphate rock, beneficiated;0.00025290608788998355;kilogram;phosphate rock, beneficiated;0.0;technosphere;US;ecoinvent_cutoff_3.9_remind_SSP2-PkBudg500_2020;phosphate rock
9409b3f9d29ecd0fc1be11057d25ba0c;cocoa bean production, sun-dried;RoW;cocoa bean;;market for phosphate rock, beneficiated;0.019050114926628066;kilogram;phosphate rock, beneficiated;0.0;technosphere;RoW;ecoinvent_cutoff_3.9_remind_SSP2-PkBudg500_2020;phosphate rock
9631606a71af2fbb440f04dcb7958b2a;cocoa bean production, sun-dried;ID;cocoa bean;;market for phosphate rock, beneficiated;0.0695366672071875;kilogram;phosphate rock, beneficiated;0.0;technosphere;RoW;ecoinvent_cutoff_3.9_remind_SSP2-PkBudg500_2020;phosphate rock
981a68b6e8d91994ead4957a5d3c5d42;orange production, fresh grade;US;orange, fresh grade;;market for phosphate rock, beneficiated;1.65209803860313e-05;kilogram;phosphate rock, beneficiated;0.0;technosphere;US;ecoinvent_cutoff_3.9_remind_SSP2-PkBudg500_2020;phosphate rock
9a380eee4a477dd303af63058e741eaf;coffee green bean production, arabica;RoW;coffee, green bean;;market for phosphate rock, beneficiated;0.0004031618046721327;kilogram;phosphate rock, beneficiated;0.0;technosphere;RER;ecoinvent_cutoff_3.9_remind_SSP2-PkBudg500_2020;phosphate rock
9a380eee4a477dd303af63058e741eaf;coffee green bean production, arabica;RoW;coffee, green bean;;market for phosphate rock, beneficiated;0.0011819462754864363;kilogram;phosphate rock, beneficiated;0.0;technosphere;MA;ecoinvent_cutoff_3.9_remind_SSP2-PkBudg500_2020;phosphate rock
9a380eee4a477dd303af63058e741eaf;coffee green bean production, arabica;RoW;coffee, green bean;;market for phosphate rock, beneficiated;0.0011819462754864363;kilogram;phosphate rock, beneficiated;0.0;technosphere;US;ecoinvent_cutoff_3.9_remind_SSP2-PkBudg500_2020;phosphate rock
9a380eee4a477dd303af63058e741eaf;coffee green bean production, arabica;RoW;coffee, green bean;;market for phosphate rock, beneficiated;0.08902993428497999;kilogram;phosphate rock, beneficiated;0.0;technosphere;RoW;ecoinvent_cutoff_3.9_remind_SSP2-PkBudg500_2020;phosphate rock
9aa32e3c5ed99ca1aedcc2561c3dc965;coffee green bean production, robusta;RoW;coffee, green bean;;market for phosphate rock, beneficiated;9.968515728224512e-07;kilogram;phosphate rock, beneficiated;0.0;technosphere;RER;ecoinvent_cutoff_3.9_remind_SSP2-PkBudg500_2020;phosphate rock
9aa32e3c5ed99ca1aedcc2561c3dc965;coffee green bean production, robusta;RoW;coffee, green bean;;market for phosphate rock, beneficiated;2.922461875247512e-06;kilogram;phosphate rock, beneficiated;0.0;technosphere;MA;ecoinvent_cutoff_3.9_remind_SSP2-PkBudg500_2020;phosphate rock
9aa32e3c5ed99ca1aedcc2561c3dc965;coffee green bean production, robusta;RoW;coffee, green bean;;market for phosphate rock, beneficiated;2.922461875247512e-06;kilogram;phosphate rock, beneficiated;0.0;technosphere;US;ecoinvent_cutoff_3.9_remind_SSP2-PkBudg500_2020;phosphate rock
9aa32e3c5ed99ca1aedcc2561c3dc965;coffee green bean production, robusta;RoW;coffee, green bean;;market for phosphate rock, beneficiated;0.00022013402309387052;kilogram;phosphate rock, beneficiated;0.0;technosphere;RoW;ecoinvent_cutoff_3.9_remind_SSP2-PkBudg500_2020;phosphate rock
a14dbb26555119f309234e8be9f88d5a;potato production, Swiss integrated production, intensive;CH;potato, Swiss integrated production;;market for phosphate rock, beneficiated;0.00017549375;kilogram;phosphate rock, beneficiated;0.0;technosphere;RER;ecoinvent_cutoff_3.9_remind_SSP2-PkBudg500_2020;phosphate rock
a44d56a6bb7f2946af6b5748a5caec19;onion production;CN;onion;;market for phosphate rock, beneficiated;0.00017528125;kilogram;phosphate rock, beneficiated;0.0;technosphere;RoW;ecoinvent_cutoff_3.9_remind_SSP2-PkBudg500_2020;phosphate rock
aa6e968de2917331439ed7596a5c6626;oat seed production, Swiss integrated production, at farm;CH;oat seed, Swiss integrated production, at farm;;market for phosphate rock, beneficiated;0.0069;kilogram;phosphate rock, beneficiated;0.0;technosphere;RER;ecoinvent_cutoff_3.9_remind_SSP2-PkBudg500_2020;phosphate rock
ac2ad9a0cf23544c7c3a4c90ff04d64f;palm fruit bunch production;ID;palm fruit bunch;;market for phosphate rock, beneficiated;0.000333099292678125;kilogram;phosphate rock, beneficiated;0.0;technosphere;RoW;ecoinvent_cutoff_3.9_remind_SSP2-PkBudg500_2020;phosphate rock
af12a2eead47a663ad922324172a3c7a;apricot production;RoW;apricot;;market for phosphate rock, beneficiated;1.8014842555461272e-06;kilogram;phosphate rock, beneficiated;0.0;technosphere;MA;ecoinvent_cutoff_3.9_remind_SSP2-PkBudg500_2020;phosphate rock
af12a2eead47a663ad922324172a3c7a;apricot production;RoW;apricot;;market for phosphate rock, beneficiated;1.8014842555461272e-06;kilogram;phosphate rock, beneficiated;0.0;technosphere;US;ecoinvent_cutoff_3.9_remind_SSP2-PkBudg500_2020;phosphate rock
af12a2eead47a663ad922324172a3c7a;apricot production;RoW;apricot;;market for phosphate rock, beneficiated;0.00013569654409265774;kilogram;phosphate rock, beneficiated;0.0;technosphere;RoW;ecoinvent_cutoff_3.9_remind_SSP2-PkBudg500_2020;phosphate rock
af5fd1456e8160845e2924ac6f5758d5;phosphoric acid production, dihydrate process;RoW;phosphoric acid, fertiliser grade, without water, in 70% solution state;;market for phosphate rock, beneficiated;1.5842774841179215;kilogram;phosphate rock, beneficiated;0.0;technosphere;RoW;ecoinvent_cutoff_3.9_remind_SSP2-PkBudg500_2020;phosphate rock
af7528f121303f47f4992e1dd8304433;monoammonium phosphate production;CN;monoammonium phosphate;;market for phosphate rock, beneficiated;1.63;kilogram;phosphate rock, beneficiated;0.0;technosphere;RoW;ecoinvent_cutoff_3.9_remind_SSP2-PkBudg500_2020;phosphate rock
b39efe3b059e9ae5e42320e8838ca70c;sunflower production;HU;sunflower seed;;market for phosphate rock, beneficiated;0.00016707414146;kilogram;phosphate rock, beneficiated;0.0;technosphere;RER;ecoinvent_cutoff_3.9_remind_SSP2-PkBudg500_2020;phosphate rock
b7e05f6f81a989bf5036272ec3160413;fodder beet production, Swiss integrated production, intensive;CH;fodder beet, Swiss integrated production;;market for phosphate rock, beneficiated;0.000114559375;kilogram;phosphate rock, beneficiated;0.0;technosphere;RER;ecoinvent_cutoff_3.9_remind_SSP2-PkBudg500_2020;phosphate rock
c6be27989cd457dc459ba267214c3cad;apricot production;ES;apricot;;market for phosphate rock, beneficiated;0.00129523026315938;kilogram;phosphate rock, beneficiated;0.0;technosphere;RER;ecoinvent_cutoff_3.9_remind_SSP2-PkBudg500_2020;phosphate rock
c8135d3adead512b511b2760e9787088;mandarin production;ES;mandarin;;market for phosphate rock, beneficiated;0.0014;kilogram;phosphate rock, beneficiated;0.0;technosphere;RER;ecoinvent_cutoff_3.9_remind_SSP2-PkBudg500_2020;phosphate rock
cb408d7aefcf796ea039d2f03473040d;barley production, Swiss integrated production, extensive;CH;straw;;market for phosphate rock, beneficiated;0.0006713447917913961;kilogram;phosphate rock, beneficiated;0.0;technosphere;RER;ecoinvent_cutoff_3.9_remind_SSP2-PkBudg500_2020;phosphate rock
cba39f0a3299e5249d406f02a9360664;mint seedling production, for planting;US;mint seedling, for planting;;market for phosphate rock, beneficiated;7.99673299671875e-07;kilogram;phosphate rock, beneficiated;0.0;technosphere;US;ecoinvent_cutoff_3.9_remind_SSP2-PkBudg500_2020;phosphate rock
cbfbb3429c52aac51c72e5ad746c0475;mint production;RoW;mint;;market for phosphate rock, beneficiated;4.8253189888430815e-08;kilogram;phosphate rock, beneficiated;0.0;technosphere;RER;ecoinvent_cutoff_3.9_remind_SSP2-PkBudg500_2020;phosphate rock
cbfbb3429c52aac51c72e5ad746c0475;mint production;RoW;mint;;market for phosphate rock, beneficiated;1.414634953213185e-07;kilogram;phosphate rock, beneficiated;0.0;technosphere;MA;ecoinvent_cutoff_3.9_remind_SSP2-PkBudg500_2020;phosphate rock
cbfbb3429c52aac51c72e5ad746c0475;mint production;RoW;mint;;market for phosphate rock, beneficiated;1.0655717568040249e-05;kilogram;phosphate rock, beneficiated;0.0;technosphere;RoW;ecoinvent_cutoff_3.9_remind_SSP2-PkBudg500_2020;phosphate rock
cc50c65910c2ef8a532b10ea29983639;miscanthus rhizome production, for planting;RoW;miscanthus rhizome, for planting;;market for phosphate rock, beneficiated;3.180724586387855e-06;kilogram;phosphate rock, beneficiated;0.0;technosphere;MA;ecoinvent_cutoff_3.9_remind_SSP2-PkBudg500_2020;phosphate rock
cc50c65910c2ef8a532b10ea29983639;miscanthus rhizome production, for planting;RoW;miscanthus rhizome, for planting;;market for phosphate rock, beneficiated;3.180724586387855e-06;kilogram;phosphate rock, beneficiated;0.0;technosphere;US;ecoinvent_cutoff_3.9_remind_SSP2-PkBudg500_2020;phosphate rock
cc50c65910c2ef8a532b10ea29983639;miscanthus rhizome production, for planting;RoW;miscanthus rhizome, for planting;;market for phosphate rock, beneficiated;0.00023958762490129833;kilogram;phosphate rock, beneficiated;0.0;technosphere;RoW;ecoinvent_cutoff_3.9_remind_SSP2-PkBudg500_2020;phosphate rock
cdf3e01436b0d927974b7fc160275e8a;mandarin production;RoW;mandarin;;market for phosphate rock, beneficiated;2.542608473207838e-06;kilogram;phosphate rock, beneficiated;0.0;technosphere;MA;ecoinvent_cutoff_3.9_remind_SSP2-PkBudg500_2020;phosphate rock
cdf3e01436b0d927974b7fc160275e8a;mandarin production;RoW;mandarin;;market for phosphate rock, beneficiated;2.542608473207838e-06;kilogram;phosphate rock, beneficiated;0.0;technosphere;US;ecoinvent_cutoff_3.9_remind_SSP2-PkBudg500_2020;phosphate rock
cdf3e01436b0d927974b7fc160275e8a;mandarin production;RoW;mandarin;;market for phosphate rock, beneficiated;0.00019152161987139732;kilogram;phosphate rock, beneficiated;0.0;technosphere;RoW;ecoinvent_cutoff_3.9_remind_SSP2-PkBudg500_2020;phosphate rock
ce402a2db4992d5bec47a34d6734a05a;jute production, irrigated;RoW;jute plant, harvested;;market for phosphate rock, beneficiated;1.2441178803098138e-08;kilogram;phosphate rock, beneficiated;0.0;technosphere;RER;ecoinvent_cutoff_3.9_remind_SSP2-PkBudg500_2020;phosphate rock
ce402a2db4992d5bec47a34d6734a05a;jute production, irrigated;RoW;jute plant, harvested;;market for phosphate rock, beneficiated;3.6473705540982925e-08;kilogram;phosphate rock, beneficiated;0.0;technosphere;MA;ecoinvent_cutoff_3.9_remind_SSP2-PkBudg500_2020;phosphate rock
ce402a2db4992d5bec47a34d6734a05a;jute production, irrigated;RoW;jute plant, harvested;;market for phosphate rock, beneficiated;3.6473705540982925e-08;kilogram;phosphate rock, beneficiated;0.0;technosphere;US;ecoinvent_cutoff_3.9_remind_SSP2-PkBudg500_2020;phosphate rock
ce402a2db4992d5bec47a34d6734a05a;jute production, irrigated;RoW;jute plant, harvested;;market for phosphate rock, beneficiated;2.747376657290956e-06;kilogram;phosphate rock, beneficiated;0.0;technosphere;RoW;ecoinvent_cutoff_3.9_remind_SSP2-PkBudg500_2020;phosphate rock
cfd3b4d056fe6f58bf8d163ce59371a0;nutrient supply from phosphate rock, beneficiated;RER;inorganic phosphorus fertiliser, as P2O5;;market for phosphate rock, beneficiated;3.125;kilogram;phosphate rock, beneficiated;0.0;technosphere;RER;ecoinvent_cutoff_3.9_remind_SSP2-PkBudg500_2020;phosphate rock
d21fc29e41fd86b71567b7d93cdeff22;mulberry production;IN;mulberry leaves;;market for phosphate rock, beneficiated;1.18031885299001e-05;kilogram;phosphate rock, beneficiated;0.0;technosphere;RoW;ecoinvent_cutoff_3.9_remind_SSP2-PkBudg500_2020;phosphate rock
d351cb39cf65ebaff39325d55482f48e;strawberry production, open field, macro tunnel;US;strawberry;;market for phosphate rock, beneficiated;2.88637476627188e-05;kilogram;phosphate rock, beneficiated;0.0;technosphere;US;ecoinvent_cutoff_3.9_remind_SSP2-PkBudg500_2020;phosphate rock
d82dca9c7bc407c2e4ab2cecb6a6b3db;mint production;US;mint;;market for phosphate rock, beneficiated;1.76294642857188e-05;kilogram;phosphate rock, beneficiated;0.0;technosphere;US;ecoinvent_cutoff_3.9_remind_SSP2-PkBudg500_2020;phosphate rock
dc142cb53be3f8a1f3383ec13e11c213;protein pea production, Swiss integrated production, intensive;CH;protein pea, Swiss integrated production;;market for phosphate rock, beneficiated;0.009595625;kilogram;phosphate rock, beneficiated;0.0;technosphere;RER;ecoinvent_cutoff_3.9_remind_SSP2-PkBudg500_2020;phosphate rock
dc54a82204a4794c18ee52cf9325da95;barley production, Swiss integrated production, intensive;CH;straw;;market for phosphate rock, beneficiated;0.0006429115230479127;kilogram;phosphate rock, beneficiated;0.0;technosphere;RER;ecoinvent_cutoff_3.9_remind_SSP2-PkBudg500_2020;phosphate rock
dc93bb5b7c4a6465078d810b13faa06b;soybean production, Swiss integrated production, intensive;CH;soybean, Swiss integrated production;;market for phosphate rock, beneficiated;0.00942625;kilogram;phosphate rock, beneficiated;0.0;technosphere;RER;ecoinvent_cutoff_3.9_remind_SSP2-PkBudg500_2020;phosphate rock
e3616abd68adba893e638398e01d7f65;ammonium nitrate phosphate production;CN;ammonium nitrate phosphate;;market for phosphate rock, beneficiated;1.671875;kilogram;phosphate rock, beneficiated;0.0;technosphere;RoW;ecoinvent_cutoff_3.9_remind_SSP2-PkBudg500_2020;phosphate rock
e7c6fcb08a44b258c231c7c2e5c610ae;bell pepper production, open field;RoW;bell pepper;;market for phosphate rock, beneficiated;7.3708454632164416e-06;kilogram;phosphate rock, beneficiated;0.0;technosphere;RER;ecoinvent_cutoff_3.9_remind_SSP2-PkBudg500_2020;phosphate rock
e7c6fcb08a44b258c231c7c2e5c610ae;bell pepper production, open field;RoW;bell pepper;;market for phosphate rock, beneficiated;2.1609049372917825e-05;kilogram;phosphate rock, beneficiated;0.0;technosphere;MA;ecoinvent_cutoff_3.9_remind_SSP2-PkBudg500_2020;phosphate rock
e7c6fcb08a44b258c231c7c2e5c610ae;bell pepper production, open field;RoW;bell pepper;;market for phosphate rock, beneficiated;2.1609049372917825e-05;kilogram;phosphate rock, beneficiated;0.0;technosphere;US;ecoinvent_cutoff_3.9_remind_SSP2-PkBudg500_2020;phosphate rock
e7c6fcb08a44b258c231c7c2e5c610ae;bell pepper production, open field;RoW;bell pepper;;market for phosphate rock, beneficiated;0.001627698555790948;kilogram;phosphate rock, beneficiated;0.0;technosphere;RoW;ecoinvent_cutoff_3.9_remind_SSP2-PkBudg500_2020;phosphate rock
e953d2cb1504e5b59315ed9c6f636199;miscanthus rhizome production, for planting;RoW;miscanthus, chopped;;market for phosphate rock, beneficiated;3.180724586387855e-06;kilogram;phosphate rock, beneficiated;0.0;technosphere;MA;ecoinvent_cutoff_3.9_remind_SSP2-PkBudg500_2020;phosphate rock
e953d2cb1504e5b59315ed9c6f636199;miscanthus rhizome production, for planting;RoW;miscanthus, chopped;;market for phosphate rock, beneficiated;3.180724586387855e-06;kilogram;phosphate rock, beneficiated;0.0;technosphere;US;ecoinvent_cutoff_3.9_remind_SSP2-PkBudg500_2020;phosphate rock
e953d2cb1504e5b59315ed9c6f636199;miscanthus rhizome production, for planting;RoW;miscanthus, chopped;;market for phosphate rock, beneficiated;0.00023958762490129833;kilogram;phosphate rock, beneficiated;0.0;technosphere;RoW;ecoinvent_cutoff_3.9_remind_SSP2-PkBudg500_2020;phosphate rock
eb46e7aa035acc50ce57c8fa1b904d9e;fava bean production, Swiss integrated production, at farm;CH;fava bean, Swiss integrated production;;market for phosphate rock, beneficiated;0.0142084375;kilogram;phosphate rock, beneficiated;0.0;technosphere;RER;ecoinvent_cutoff_3.9_remind_SSP2-PkBudg500_2020;phosphate rock
eb657e5c953a881f90ad19b571ba2958;monoammonium phosphate production;RoW;monoammonium phosphate;;market for phosphate rock, beneficiated;0.021356083224000247;kilogram;phosphate rock, beneficiated;0.0;technosphere;MA;ecoinvent_cutoff_3.9_remind_SSP2-PkBudg500_2020;phosphate rock
eb657e5c953a881f90ad19b571ba2958;monoammonium phosphate production;RoW;monoammonium phosphate;;market for phosphate rock, beneficiated;1.6086439167759996;kilogram;phosphate rock, beneficiated;0.0;technosphere;RoW;ecoinvent_cutoff_3.9_remind_SSP2-PkBudg500_2020;phosphate rock
ec40f6c3692dd39a3a1bcc91661b3213;hay production, organic, intensive;RoW;hay, organic, intensive;;market for phosphate rock, beneficiated;2.7863186075627214e-05;kilogram;phosphate rock, beneficiated;0.0;technosphere;MA;ecoinvent_cutoff_3.9_remind_SSP2-PkBudg500_2020;phosphate rock
ec40f6c3692dd39a3a1bcc91661b3213;hay production, organic, intensive;RoW;hay, organic, intensive;;market for phosphate rock, beneficiated;2.7863186075627214e-05;kilogram;phosphate rock, beneficiated;0.0;technosphere;US;ecoinvent_cutoff_3.9_remind_SSP2-PkBudg500_2020;phosphate rock
ec40f6c3692dd39a3a1bcc91661b3213;hay production, organic, intensive;RoW;hay, organic, intensive;;market for phosphate rock, beneficiated;0.0020987905091221955;kilogram;phosphate rock, beneficiated;0.0;technosphere;RoW;ecoinvent_cutoff_3.9_remind_SSP2-PkBudg500_2020;phosphate rock
ec82790c87fcf61d010eec673a11e635;phosphoric acid production, dihydrate process;US;phosphoric acid, fertiliser grade, without water, in 70% solution state;;market for phosphate rock, beneficiated;1.5773270274196334;kilogram;phosphate rock, beneficiated;0.0;technosphere;US;ecoinvent_cutoff_3.9_remind_SSP2-PkBudg500_2020;phosphate rock
eda3134f61e1ee4f3dc2dc76820fb382;rye production, Swiss integrated production, extensive;CH;straw;;market for phosphate rock, beneficiated;0.0006875829560628602;kilogram;phosphate rock, beneficiated;0.0;technosphere;RER;ecoinvent_cutoff_3.9_remind_SSP2-PkBudg500_2020;phosphate rock
ee6c310624982cad6c91bae827f94dbc;sunn hemp production;IN;sunn hemp plant, harvested;;market for phosphate rock, beneficiated;7.55404065913603e-06;kilogram;phosphate rock, beneficiated;0.0;technosphere;RoW;ecoinvent_cutoff_3.9_remind_SSP2-PkBudg500_2020;phosphate rock
efbdefb679543f8087863ea7eeabed60;phosphorus production, white, liquid;RER;phosphorus, white, liquid;;market for phosphate rock, beneficiated;26.29310345;kilogram;phosphate rock, beneficiated;0.0;technosphere;RER;ecoinvent_cutoff_3.9_remind_SSP2-PkBudg500_2020;phosphate rock
f0878d9ec11d42a6557e73dd99f943dd;wheat production, Swiss integrated production, extensive;CH;wheat grain, Swiss integrated production;;market for phosphate rock, beneficiated;0.006157266917939375;kilogram;phosphate rock, beneficiated;0.0;technosphere;RER;ecoinvent_cutoff_3.9_remind_SSP2-PkBudg500_2020;phosphate rock
f09e8fcc479af71ad5fe217160a55ec8;cocoa bean production, sun-dried;GH;cocoa bean;;market for phosphate rock, beneficiated;0.00370795546646875;kilogram;phosphate rock, beneficiated;0.0;technosphere;RoW;ecoinvent_cutoff_3.9_remind_SSP2-PkBudg500_2020;phosphate rock
f0cebb6da373180dc393ee3e040aae00;peach production;IT;peach;;market for phosphate rock, beneficiated;0.000134232954545313;kilogram;phosphate rock, beneficiated;0.0;technosphere;RER;ecoinvent_cutoff_3.9_remind_SSP2-PkBudg500_2020;phosphate rock
f228e096cddb1ecb0646f4b15ba83291;rye production, Swiss integrated production, extensive;CH;rye grain, Swiss integrated production;;market for phosphate rock, beneficiated;0.006245545184237647;kilogram;phosphate rock, beneficiated;0.0;technosphere;RER;ecoinvent_cutoff_3.9_remind_SSP2-PkBudg500_2020;phosphate rock
f5869e522f500de3ecbc20efa995f2a2;orange production, processing grade;BR;orange, processing grade;;market for phosphate rock, beneficiated;7.93494080325e-05;kilogram;phosphate rock, beneficiated;0.0;technosphere;RoW;ecoinvent_cutoff_3.9_remind_SSP2-PkBudg500_2020;phosphate rock
f77a3cb25eff01b3a723208dd4d4a193;sunflower production, Swiss integrated production, intensive;CH;sunflower seed, Swiss integrated production;;market for phosphate rock, beneficiated;0.0084375;kilogram;phosphate rock, beneficiated;0.0;technosphere;RER;ecoinvent_cutoff_3.9_remind_SSP2-PkBudg500_2020;phosphate rock
f9971ee4a8339a32c41179e630844c15;ammonium nitrate phosphate production;RoW;ammonium nitrate phosphate;;market for phosphate rock, beneficiated;0.021904724932592278;kilogram;phosphate rock, beneficiated;0.0;technosphere;MA;ecoinvent_cutoff_3.9_remind_SSP2-PkBudg500_2020;phosphate rock
f9971ee4a8339a32c41179e630844c15;ammonium nitrate phosphate production;RoW;ammonium nitrate phosphate;;market for phosphate rock, beneficiated;1.6499702750674077;kilogram;phosphate rock, beneficiated;0.0;technosphere;RoW;ecoinvent_cutoff_3.9_remind_SSP2-PkBudg500_2020;phosphate rock
fb5fc7ed373e16fef137f9bb92de476d;linseed seed production, at farm;RoW;linseed seed, at farm;;market for phosphate rock, beneficiated;6.999285487127456e-05;kilogram;phosphate rock, beneficiated;0.0;technosphere;MA;ecoinvent_cutoff_3.9_remind_SSP2-PkBudg500_2020;phosphate rock
fb5fc7ed373e16fef137f9bb92de476d;linseed seed production, at farm;RoW;linseed seed, at farm;;market for phosphate rock, beneficiated;6.999285487127456e-05;kilogram;phosphate rock, beneficiated;0.0;technosphere;US;ecoinvent_cutoff_3.9_remind_SSP2-PkBudg500_2020;phosphate rock
fb5fc7ed373e16fef137f9bb92de476d;linseed seed production, at farm;RoW;linseed seed, at farm;;market for phosphate rock, beneficiated;0.005272201790257451;kilogram;phosphate rock, beneficiated;0.0;technosphere;RoW;ecoinvent_cutoff_3.9_remind_SSP2-PkBudg500_2020;phosphate rock
fbc36664f672cf718c7425f589767da5;olive production;RoW;olive;;market for phosphate rock, beneficiated;2.1625269052476276e-05;kilogram;phosphate rock, beneficiated;0.0;technosphere;MA;ecoinvent_cutoff_3.9_remind_SSP2-PkBudg500_2020;phosphate rock
fbc36664f672cf718c7425f589767da5;olive production;RoW;olive;;market for phosphate rock, beneficiated;2.1625269052476276e-05;kilogram;phosphate rock, beneficiated;0.0;technosphere;US;ecoinvent_cutoff_3.9_remind_SSP2-PkBudg500_2020;phosphate rock
fbc36664f672cf718c7425f589767da5;olive production;RoW;olive;;market for phosphate rock, beneficiated;0.0016289203008356774;kilogram;phosphate rock, beneficiated;0.0;technosphere;RoW;ecoinvent_cutoff_3.9_remind_SSP2-PkBudg500_2020;phosphate rock
ffe2bed4d712630daef10d08e5c81fb8;tomato production, fresh grade, in unheated greenhouse;ES;tomato, fresh grade;;market for phosphate rock, beneficiated;0.000215151515151563;kilogram;phosphate rock, beneficiated;0.0;technosphere;RER;ecoinvent_cutoff_3.9_remind_SSP2-PkBudg500_2020;phosphate rock
